  0
SECTION
  2
HEADER
  9
$ACADVER
  1
AC1015
  9
$ACADMAINTVER
 70
     6
  9
$DWGCODEPAGE
  3
ANSI_932
  9
$INSBASE
 10
0.0
 20
0.0
 30
0.0
  9
$EXTMIN
 10
-148.0
 20
-162.0
 30
0.0
  9
$EXTMAX
 10
272.9252152779482
 20
135.0
 30
0.0
  9
$LIMMIN
 10
-148.0
 20
-162.0
  9
$LIMMAX
 10
272.9252152779482
 20
135.0
  9
$ORTHOMODE
 70
     0
  9
$REGENMODE
 70
     1
  9
$FILLMODE
 70
     1
  9
$QTEXTMODE
 70
     0
  9
$MIRRTEXT
 70
     1
  9
$LTSCALE
 40
0.1822904475613162
  9
$ATTMODE
 70
     1
  9
$TEXTSIZE
 40
2.5
  9
$TRACEWID
 40
1.0
  9
$TEXTSTYLE
  7
Standard
  9
$CLAYER
  8
0
  9
$CELTYPE
  6
ByLayer
  9
$CECOLOR
 62
   256
  9
$CELTSCALE
 40
1.0
  9
$DISPSILH
 70
     0
  9
$DIMSCALE
 40
1.0
  9
$DIMASZ
 40
2.5
  9
$DIMEXO
 40
0.625
  9
$DIMDLI
 40
3.75
  9
$DIMRND
 40
0.0
  9
$DIMDLE
 40
0.0
  9
$DIMEXE
 40
1.25
  9
$DIMTP
 40
0.0
  9
$DIMTM
 40
0.0
  9
$DIMTXT
 40
2.5
  9
$DIMCEN
 40
2.5
  9
$DIMTSZ
 40
0.0
  9
$DIMTOL
 70
     0
  9
$DIMLIM
 70
     0
  9
$DIMTIH
 70
     0
  9
$DIMTOH
 70
     0
  9
$DIMSE1
 70
     0
  9
$DIMSE2
 70
     0
  9
$DIMTAD
 70
     1
  9
$DIMZIN
 70
     0
  9
$DIMBLK
  1

  9
$DIMASO
 70
     1
  9
$DIMSHO
 70
     1
  9
$DIMPOST
  1

  9
$DIMAPOST
  1

  9
$DIMALT
 70
     0
  9
$DIMALTD
 70
     3
  9
$DIMALTF
 40
0.03937007874016
  9
$DIMLFAC
 40
1.0
  9
$DIMTOFL
 70
     1
  9
$DIMTVP
 40
0.0
  9
$DIMTIX
 70
     0
  9
$DIMSOXD
 70
     0
  9
$DIMSAH
 70
     0
  9
$DIMBLK1
  1

  9
$DIMBLK2
  1

  9
$DIMSTYLE
  2
Standard
  9
$DIMCLRD
 70
     0
  9
$DIMCLRE
 70
     0
  9
$DIMCLRT
 70
     0
  9
$DIMTFAC
 40
0.75
  9
$DIMGAP
 40
0.625
  9
$DIMJUST
 70
     0
  9
$DIMSD1
 70
     0
  9
$DIMSD2
 70
     0
  9
$DIMTOLJ
 70
     0
  9
$DIMTZIN
 70
     8
  9
$DIMALTZ
 70
     0
  9
$DIMALTTZ
 70
     0
  9
$DIMUPT
 70
     0
  9
$DIMDEC
 70
     2
  9
$DIMTDEC
 70
     2
  9
$DIMALTU
 70
     2
  9
$DIMALTTD
 70
     3
  9
$DIMTXSTY
  7
Standard
  9
$DIMAUNIT
 70
     0
  9
$DIMADEC
 70
     0
  9
$DIMALTRND
 40
0.0
  9
$DIMAZIN
 70
     0
  9
$DIMDSEP
 70
    46
  9
$DIMATFIT
 70
     3
  9
$DIMFRAC
 70
     0
  9
$DIMLDRBLK
  1

  9
$DIMLUNIT
 70
     2
  9
$DIMLWD
 70
    -2
  9
$DIMLWE
 70
    -2
  9
$DIMTMOVE
 70
     0
  9
$LUNITS
 70
     2
  9
$LUPREC
 70
     4
  9
$SKETCHINC
 40
1.0
  9
$FILLETRAD
 40
0.0
  9
$AUNITS
 70
     0
  9
$AUPREC
 70
     0
  9
$MENU
  1
.
  9
$ELEVATION
 40
0.0
  9
$PELEVATION
 40
0.0
  9
$THICKNESS
 40
0.0
  9
$LIMCHECK
 70
     0
  9
$CHAMFERA
 40
10.0
  9
$CHAMFERB
 40
10.0
  9
$CHAMFERC
 40
20.0
  9
$CHAMFERD
 40
0.0
  9
$SKPOLY
 70
     0
  9
$TDCREATE
 40
2455188.75
  9
$TDUCREATE
 40
2455188.375
  9
$TDUPDATE
 40
2455188.75
  9
$TDUUPDATE
 40
2455188.375
  9
$TDINDWG
 40
0.0000000116
  9
$TDUSRTIMER
 40
0.0000000116
  9
$USRTIMER
 70
     1
  9
$ANGBASE
 50
0.0
  9
$ANGDIR
 70
     0
  9
$PDMODE
 70
     0
  9
$PDSIZE
 40
0.0
  9
$PLINEWID
 40
0.0
  9
$SPLFRAME
 70
     0
  9
$SPLINETYPE
 70
     6
  9
$SPLINESEGS
 70
     8
  9
$HANDSEED
  5
4DF
  9
$SURFTAB1
 70
     6
  9
$SURFTAB2
 70
     6
  9
$SURFTYPE
 70
     6
  9
$SURFU
 70
     6
  9
$SURFV
 70
     6
  9
$UCSBASE
  2

  9
$UCSNAME
  2

  9
$UCSORG
 10
0.0
 20
0.0
 30
0.0
  9
$UCSXDIR
 10
1.0
 20
0.0
 30
0.0
  9
$UCSYDIR
 10
0.0
 20
1.0
 30
0.0
  9
$UCSORTHOREF
  2

  9
$UCSORTHOVIEW
 70
     0
  9
$UCSORGTOP
 10
0.0
 20
0.0
 30
0.0
  9
$UCSORGBOTTOM
 10
0.0
 20
0.0
 30
0.0
  9
$UCSORGLEFT
 10
0.0
 20
0.0
 30
0.0
  9
$UCSORGRIGHT
 10
0.0
 20
0.0
 30
0.0
  9
$UCSORGFRONT
 10
0.0
 20
0.0
 30
0.0
  9
$UCSORGBACK
 10
0.0
 20
0.0
 30
0.0
  9
$PUCSBASE
  2

  9
$PUCSNAME
  2

  9
$PUCSORG
 10
0.0
 20
0.0
 30
0.0
  9
$PUCSXDIR
 10
1.0
 20
0.0
 30
0.0
  9
$PUCSYDIR
 10
0.0
 20
1.0
 30
0.0
  9
$PUCSORTHOREF
  2

  9
$PUCSORTHOVIEW
 70
     0
  9
$PUCSORGTOP
 10
0.0
 20
0.0
 30
0.0
  9
$PUCSORGBOTTOM
 10
0.0
 20
0.0
 30
0.0
  9
$PUCSORGLEFT
 10
0.0
 20
0.0
 30
0.0
  9
$PUCSORGRIGHT
 10
0.0
 20
0.0
 30
0.0
  9
$PUCSORGFRONT
 10
0.0
 20
0.0
 30
0.0
  9
$PUCSORGBACK
 10
0.0
 20
0.0
 30
0.0
  9
$USERI1
 70
     0
  9
$USERI2
 70
     0
  9
$USERI3
 70
     0
  9
$USERI4
 70
     0
  9
$USERI5
 70
     0
  9
$USERR1
 40
0.0
  9
$USERR2
 40
0.0
  9
$USERR3
 40
0.0
  9
$USERR4
 40
0.0
  9
$USERR5
 40
0.0
  9
$WORLDVIEW
 70
     1
  9
$SHADEDGE
 70
     3
  9
$SHADEDIF
 70
    70
  9
$TILEMODE
 70
     1
  9
$MAXACTVP
 70
    64
  9
$PINSBASE
 10
0.0
 20
0.0
 30
0.0
  9
$PLIMCHECK
 70
     0
  9
$PEXTMIN
 10
1.000000000000000E+20
 20
1.000000000000000E+20
 30
1.000000000000000E+20
  9
$PEXTMAX
 10
-1.000000000000000E+20
 20
-1.000000000000000E+20
 30
-1.000000000000000E+20
  9
$PLIMMIN
 10
0.0
 20
0.0
  9
$PLIMMAX
 10
420.0
 20
297.0
  9
$UNITMODE
 70
     0
  9
$VISRETAIN
 70
     1
  9
$PLINEGEN
 70
     0
  9
$PSLTSCALE
 70
     1
  9
$TREEDEPTH
 70
  3020
  9
$CMLSTYLE
  2
Standard
  9
$CMLJUST
 70
     0
  9
$CMLSCALE
 40
20.0
  9
$PROXYGRAPHICS
 70
     1
  9
$MEASUREMENT
 70
     1
  9
$CELWEIGHT
370
    -1
  9
$ENDCAPS
280
     0
  9
$JOINSTYLE
280
     0
  9
$LWDISPLAY
290
     0
  9
$INSUNITS
 70
     4
  9
$HYPERLINKBASE
  1

  9
$STYLESHEET
  1

  9
$XEDIT
290
     1
  9
$CEPSNTYPE
380
     0
  9
$PSTYLEMODE
290
     1
  9
$FINGERPRINTGUID
  2
{226198b3-2179-4cfb-892a-4de7fc058ae4}
  9
$VERSIONGUID
  2
{FAEB1C32-E019-11D5-929B-00C0DF256EC4}
  9
$EXTNAMES
290
     1
  9
$PSVPSCALE
 40
0.0
  9
$OLESTARTUP
290
     0
  0
ENDSEC
  0
SECTION
  2
CLASSES
  0
CLASS
  1
ACDBDICTIONARYWDFLT
  2
AcDbDictionaryWithDefault
  3
ObjectDBX Classes
 90
        0
280
     0
281
     0
  0
CLASS
  1
VISUALSTYLE
  2
AcDbVisualStyle
  3
ObjectDBX Classes
 90
     4095
280
     0
281
     0
  0
CLASS
  1
MATERIAL
  2
AcDbMaterial
  3
ObjectDBX Classes
 90
     1153
280
     0
281
     0
  0
CLASS
  1
SCALE
  2
AcDbScale
  3
ObjectDBX Classes
 90
     1153
280
     0
281
     0
  0
CLASS
  1
TABLESTYLE
  2
AcDbTableStyle
  3
ObjectDBX Classes
 90
     4095
280
     0
281
     0
  0
CLASS
  1
MLEADERSTYLE
  2
AcDbMLeaderStyle
  3
ACDB_MLEADERSTYLE_CLASS
 90
     4095
280
     0
281
     0
  0
CLASS
  1
SUN
  2
AcDbSun
  3
SCENEOE
 90
     1153
280
     0
281
     0
  0
CLASS
  1
DICTIONARYVAR
  2
AcDbDictionaryVar
  3
ObjectDBX Classes
 90
        0
280
     0
281
     0
  0
CLASS
  1
ACDBPLACEHOLDER
  2
AcDbPlaceHolder
  3
ObjectDBX Classes
 90
        0
280
     0
281
     0
  0
CLASS
  1
LAYOUT
  2
AcDbLayout
  3
ObjectDBX Classes
 90
        0
280
     0
281
     0
  0
ENDSEC
  0
SECTION
  2
TABLES
  0
TABLE
  2
VPORT
  5
8
102
{ACAD_XDICTIONARY
360
4A2
102
}
330
0
100
AcDbSymbolTable
 70
     1
  0
VPORT
  5
29
330
8
100
AcDbSymbolTableRecord
100
AcDbViewportTableRecord
  2
*Active
 70
     0
 10
0.0
 20
0.0
 11
1.0
 21
1.0
 12
62.46260763897408
 22
-13.5
 13
0.0
 23
0.0
 14
10.0
 24
10.0
 15
10.0
 25
10.0
 16
0.0
 26
0.0
 36
1.0
 17
0.0
 27
0.0
 37
0.0
 40
347.2633026043073
 41
1.333333333333333
 42
50.0
 43
0.0
 44
0.0
 50
0.0
 51
0.0
 71
     0
 72
 20000
 73
     1
 74
     3
 75
     0
 76
     0
 77
     0
 78
     0
281
     0
 65
     1
110
0.0
120
0.0
130
0.0
111
1.0
121
0.0
131
0.0
112
0.0
122
1.0
132
0.0
 79
     0
146
0.0
  0
ENDTAB
  0
TABLE
  2
LTYPE
  5
5
330
0
100
AcDbSymbolTable
 70
     7
  0
LTYPE
  5
14
330
5
100
AcDbSymbolTableRecord
100
AcDbLinetypeTableRecord
  2
ByBlock
 70
     0
  3

 72
    65
 73
     0
 40
0.0
  0
LTYPE
  5
15
330
5
100
AcDbSymbolTableRecord
100
AcDbLinetypeTableRecord
  2
ByLayer
 70
     0
  3

 72
    65
 73
     0
 40
0.0
  0
LTYPE
  5
16
330
5
100
AcDbSymbolTableRecord
100
AcDbLinetypeTableRecord
  2
Continuous
 70
     0
  3
Solid line
 72
    65
 73
     0
 40
0.0
  0
LTYPE
  5
5F
330
5
100
AcDbSymbolTableRecord
100
AcDbLinetypeTableRecord
  2
DASHED
 70
     0
  3
ICAD/SX(2) Dashed __ __ __ __ __ __ __ __ __ __ __ __ __ _
 72
    65
 73
     2
 40
19.05
 49
12.7
 74
     0
 49
-6.35
 74
     0
  0
LTYPE
  5
60
330
5
100
AcDbSymbolTableRecord
100
AcDbLinetypeTableRecord
  2
CENTER
 70
     0
  3
ICAD/SX(3) Center ____ _ ____ _ ____ _ ____ _ ____ _ ____
 72
    65
 73
     4
 40
50.8
 49
31.75
 74
     0
 49
-6.35
 74
     0
 49
6.35
 74
     0
 49
-6.35
 74
     0
  0
LTYPE
  5
61
330
5
100
AcDbSymbolTableRecord
100
AcDbLinetypeTableRecord
  2
PHANTOM
 70
     0
  3
ICAD/SX(4) Phantom ______  __  __  ______  __  __  ______
 72
    65
 73
     6
 40
63.5
 49
31.75
 74
     0
 49
-6.35
 74
     0
 49
6.35
 74
     0
 49
-6.35
 74
     0
 49
6.35
 74
     0
 49
-6.35
 74
     0
  0
LTYPE
  5
62
330
5
100
AcDbSymbolTableRecord
100
AcDbLinetypeTableRecord
  2
DOT
 70
     0
  3
ICAD/SX(5) Dot . . . . . . . . . . . . . . . . . . . . . . . .
 72
    65
 73
     2
 40
6.35
 49
0.0
 74
     0
 49
-6.35
 74
     0
  0
LTYPE
  5
63
330
5
100
AcDbSymbolTableRecord
100
AcDbLinetypeTableRecord
  2
HIDDEN
 70
     0
  3
ICAD/SX(6) Hidden __ __ __ __ __ __ __ __ __ __ __ __ __ __
 72
    65
 73
     2
 40
9.525
 49
6.35
 74
     0
 49
-3.175
 74
     0
  0
LTYPE
  5
64
330
5
100
AcDbSymbolTableRecord
100
AcDbLinetypeTableRecord
  2
DOTSX
 70
     0
  3
ICAD/SX(5) Dot . . . . . . . . . . . . . . . . . . . . . . . .
 72
    65
 73
     2
 40
6.35
 49
3.175
 74
     0
 49
-3.175
 74
     0
  0
ENDTAB
  0
TABLE
  2
LAYER
  5
2
330
0
100
AcDbSymbolTable
 70
     6
  0
LAYER
  5
10
330
2
100
AcDbSymbolTableRecord
100
AcDbLayerTableRecord
  2
0
 70
     0
 62
     7
  6
Continuous
370
    -3
390
F
  0
LAYER
  5
65
330
2
100
AcDbSymbolTableRecord
100
AcDbLayerTableRecord
  2
NoLayerName_001
 70
     0
 62
     7
  6
Continuous
370
    -3
390
F
  0
LAYER
  5
66
330
2
100
AcDbSymbolTableRecord
100
AcDbLayerTableRecord
  2
NoLayerName_002
 70
     0
 62
     7
  6
Continuous
370
    -3
390
F
  0
LAYER
  5
67
330
2
100
AcDbSymbolTableRecord
100
AcDbLayerTableRecord
  2
NoLayerName_003
 70
     0
 62
     7
  6
Continuous
370
    -3
390
F
  0
LAYER
  5
68
330
2
100
AcDbSymbolTableRecord
100
AcDbLayerTableRecord
  2
Defpoints
 70
     0
 62
     7
  6
Continuous
290
     0
370
    -3
390
F
  0
LAYER
  5
78
330
2
100
AcDbSymbolTableRecord
100
AcDbLayerTableRecord
  2
SX_DraftLine
 70
     0
 62
     7
  6
Continuous
290
     0
370
    -3
390
F
  0
ENDTAB
  0
TABLE
  2
STYLE
  5
3
330
0
100
AcDbSymbolTable
 70
     2
  0
STYLE
  5
11
330
3
100
AcDbSymbolTableRecord
100
AcDbTextStyleTableRecord
  2
Standard
 70
     0
 40
0.0
 41
1.0
 50
0.0
 71
     0
 42
2.5
  3
txt
  4
extfont2
  0
STYLE
  5
5E
330
3
100
AcDbSymbolTableRecord
100
AcDbTextStyleTableRecord
  2

 70
     1
 40
0.0
 41
1.0
 50
0.0
 71
     0
 42
2.5
  3
ltypeshp.shx
  4

  0
ENDTAB
  0
TABLE
  2
VIEW
  5
6
330
0
100
AcDbSymbolTable
 70
     0
  0
ENDTAB
  0
TABLE
  2
UCS
  5
7
330
0
100
AcDbSymbolTable
 70
     0
  0
ENDTAB
  0
TABLE
  2
APPID
  5
9
330
0
100
AcDbSymbolTable
 70
     6
  0
APPID
  5
12
330
9
100
AcDbSymbolTableRecord
100
AcDbRegAppTableRecord
  2
ACAD
 70
     0
  0
APPID
  5
EE
330
9
100
AcDbSymbolTableRecord
100
AcDbRegAppTableRecord
  2
ACAD_DSTYLE_DIMRADIAL_EXTENSION
 70
     0
  0
APPID
  5
49F
330
9
100
AcDbSymbolTableRecord
100
AcDbRegAppTableRecord
  2
ACAD_DSTYLE_DIM_LINETYPE
 70
     0
  0
APPID
  5
4A0
330
9
100
AcDbSymbolTableRecord
100
AcDbRegAppTableRecord
  2
ACAD_DSTYLE_DIM_EXT1_LINETYPE
 70
     0
  0
APPID
  5
4A1
330
9
100
AcDbSymbolTableRecord
100
AcDbRegAppTableRecord
  2
ACAD_DSTYLE_DIM_EXT2_LINETYPE
 70
     0
  0
APPID
  5
4DC
330
9
100
AcDbSymbolTableRecord
100
AcDbRegAppTableRecord
  2
ACAD_MLEADERVER
 70
     0
  0
ENDTAB
  0
TABLE
  2
DIMSTYLE
  5
A
330
0
100
AcDbSymbolTable
 70
     1
100
AcDbDimStyleTable
  0
DIMSTYLE
105
27
102
{ACAD_REACTORS
330
C6
330
DC
330
EC
330
FA
330
107
330
116
330
13C
102
}
330
A
100
AcDbSymbolTableRecord
100
AcDbDimStyleTableRecord
  2
Standard
 70
     0
 41
2.5
 42
0.625
 43
3.75
 44
1.25
 73
     0
 74
     0
 77
     1
140
2.5
141
2.5
143
0.03937007874016
146
0.75
147
0.625
171
     3
172
     1
178
     0
271
     2
272
     2
274
     3
283
     0
284
     8
340
11
  0
ENDTAB
  0
TABLE
  2
BLOCK_RECORD
  5
1
330
0
100
AcDbSymbolTable
 70
    16
  0
BLOCK_RECORD
  5
1F
330
1
100
AcDbSymbolTableRecord
100
AcDbBlockTableRecord
  2
*Model_Space
340
22
  0
BLOCK_RECORD
  5
1B
330
1
100
AcDbSymbolTableRecord
100
AcDbBlockTableRecord
  2
*Paper_Space
340
1E
  0
BLOCK_RECORD
  5
23
330
1
100
AcDbSymbolTableRecord
100
AcDbBlockTableRecord
  2
*Paper_Space0
340
0
  0
BLOCK_RECORD
  5
69
330
1
100
AcDbSymbolTableRecord
100
AcDbBlockTableRecord
  2
JZB_0001
340
0
102
{BLKREFS
331
491
102
}
  0
BLOCK_RECORD
  5
6C
330
1
100
AcDbSymbolTableRecord
100
AcDbBlockTableRecord
  2
JZB_0002
340
0
102
{BLKREFS
331
492
102
}
  0
BLOCK_RECORD
  5
6F
330
1
100
AcDbSymbolTableRecord
100
AcDbBlockTableRecord
  2
DIM_0001
340
0
102
{BLKREFS
331
14D
102
}
  0
BLOCK_RECORD
  5
72
330
1
100
AcDbSymbolTableRecord
100
AcDbBlockTableRecord
  2
DIM_0002
340
0
102
{BLKREFS
331
14E
102
}
  0
BLOCK_RECORD
  5
75
330
1
100
AcDbSymbolTableRecord
100
AcDbBlockTableRecord
  2
DIM_0003
340
0
102
{BLKREFS
331
14F
102
}
  0
BLOCK_RECORD
  5
C8
330
1
100
AcDbSymbolTableRecord
100
AcDbBlockTableRecord
  2
_OPEN30
340
0
102
{BLKREFS
331
D5
331
D4
331
E5
331
E4
331
F7
331
F6
331
104
331
103
331
112
331
11F
331
11E
331
148
331
147
102
}
  0
BLOCK_RECORD
  5
CE
330
1
100
AcDbSymbolTableRecord
100
AcDbBlockTableRecord
  2
*D7
340
0
  0
BLOCK_RECORD
  5
DE
330
1
100
AcDbSymbolTableRecord
100
AcDbBlockTableRecord
  2
*D8
340
0
  0
BLOCK_RECORD
  5
EF
330
1
100
AcDbSymbolTableRecord
100
AcDbBlockTableRecord
  2
*D9
340
0
  0
BLOCK_RECORD
  5
FC
330
1
100
AcDbSymbolTableRecord
100
AcDbBlockTableRecord
  2
*D10
340
0
  0
BLOCK_RECORD
  5
109
330
1
100
AcDbSymbolTableRecord
100
AcDbBlockTableRecord
  2
_NONE
340
0
  0
BLOCK_RECORD
  5
10C
330
1
100
AcDbSymbolTableRecord
100
AcDbBlockTableRecord
  2
*D12
340
0
  0
BLOCK_RECORD
  5
118
330
1
100
AcDbSymbolTableRecord
100
AcDbBlockTableRecord
  2
*D13
340
0
  0
BLOCK_RECORD
  5
124
330
1
100
AcDbSymbolTableRecord
100
AcDbBlockTableRecord
  2
DIM_0004
340
0
102
{BLKREFS
331
12F
102
}
  0
BLOCK_RECORD
  5
13E
330
1
100
AcDbSymbolTableRecord
100
AcDbBlockTableRecord
  2
*D15
340
0
  0
ENDTAB
  0
ENDSEC
  0
SECTION
  2
BLOCKS
  0
BLOCK
  5
20
330
1F
100
AcDbEntity
  8
0
100
AcDbBlockBegin
  2
*Model_Space
 70
     0
 10
0.0
 20
0.0
 30
0.0
  3
*Model_Space
  1

  0
ENDBLK
  5
21
330
1F
100
AcDbEntity
  8
0
100
AcDbBlockEnd
  0
BLOCK
  5
1C
330
1B
100
AcDbEntity
 67
     1
  8
0
100
AcDbBlockBegin
  2
*Paper_Space
 70
     0
 10
0.0
 20
0.0
 30
0.0
  3
*Paper_Space
  1

  0
ENDBLK
  5
1D
330
1B
100
AcDbEntity
 67
     1
  8
0
100
AcDbBlockEnd
  0
BLOCK
  5
24
330
23
100
AcDbEntity
  8
0
100
AcDbBlockBegin
  2
*Paper_Space0
 70
     0
 10
0.0
 20
0.0
 30
0.0
  3
*Paper_Space0
  1

  0
ENDBLK
  5
25
330
23
100
AcDbEntity
  8
0
100
AcDbBlockEnd
  0
BLOCK
  5
6A
330
69
100
AcDbEntity
  8
0
100
AcDbBlockBegin
  2
JZB_0001
 70
     0
 10
0.0
 20
0.0
 30
0.0
  3
JZB_0001
  1

  0
CIRCLE
  5
79
330
69
100
AcDbEntity
  8
SX_DraftLine
  6
PHANTOM
 62
     8
370
    25
100
AcDbCircle
 10
19.0
 20
19.0
 30
0.0
 40
19.0
  0
MTEXT
  5
7A
330
69
100
AcDbEntity
  8
SX_DraftLine
 62
     8
370
    25
100
AcDbMText
 10
3.519264881619229
 20
21.65625573827113
 30
0.0
 40
6.0
 41
31.23099484098962
 71
     4
 72
     5
  1
\A1;\W0.816497;\T0.816497;{\A1;\H0.50x;\SÅ@^ ;}Å@èoê}\PÉXÉ^ÉìÉvàÛ
 73
     1
 44
0.75
1001
ACAD
1000
ACAD_MTEXT_DEFINED_HEIGHT_BEGIN
1070
    46
1040
15.0
1000
ACAD_MTEXT_DEFINED_HEIGHT_END
  0
MTEXT
  5
7B
330
69
100
AcDbEntity
  8
SX_DraftLine
 62
     8
370
    25
100
AcDbMText
 10
16.95378534675066
 20
11.29605020869009
 30
0.0
 40
4.0
 41
27.93385043276347
 71
     5
 72
     5
  1
\A1;\W0.912871;\T0.912871;ÅiêNì¸ïsâ¬Åj
 73
     1
 44
0.6
1001
ACAD
1000
ACAD_MTEXT_DEFINED_HEIGHT_BEGIN
1070
    46
1040
4.0
1000
ACAD_MTEXT_DEFINED_HEIGHT_END
  0
ENDBLK
  5
6B
330
69
100
AcDbEntity
  8
0
100
AcDbBlockEnd
  0
BLOCK
  5
6D
330
6C
100
AcDbEntity
  8
0
100
AcDbBlockBegin
  2
JZB_0002
 70
     0
 10
0.0
 20
0.0
 30
0.0
  3
JZB_0002
  1

  0
MTEXT
  5
7C
330
6C
100
AcDbEntity
  8
NoLayerName_001
 62
     3
370
    25
100
AcDbMText
 10
7.067967855383245
 20
3.999999122448941
 30
0.0
 40
3.0
 41
15.9375
 71
     7
 72
     5
  1
\A1;\W0.771565;\T1.080056;ÇqÇÅÇPÅDÇU
 73
     1
 44
0.6
1001
ACAD
1000
ACAD_MTEXT_DEFINED_HEIGHT_BEGIN
1070
    46
1040
3.0
1000
ACAD_MTEXT_DEFINED_HEIGHT_END
  0
MTEXT
  5
7D
330
6C
100
AcDbEntity
  8
NoLayerName_001
 62
     3
370
    25
100
AcDbMText
 10
13.06796785538324
 20
8.760360970100834
 30
0.0
 40
3.0
 41
2.27707214653492
 71
     7
 72
     5
  1
\A1;\W0.652133;\T0.912871;Çf
 73
     1
 44
0.6
1001
ACAD
1000
ACAD_MTEXT_DEFINED_HEIGHT_BEGIN
1070
    46
1040
3.0
1000
ACAD_MTEXT_DEFINED_HEIGHT_END
  0
LINE
  5
7E
330
6C
100
AcDbEntity
  8
NoLayerName_001
  6
Continuous
 62
     3
370
    50
100
AcDbLine
 10
0.0000031227777981
 20
3.499999122448941
 30
0.0
 11
4.041455007105128
 21
3.499999122448941
 31
0.0
  0
LINE
  5
7F
330
6C
100
AcDbEntity
  8
NoLayerName_001
  6
Continuous
 62
     3
370
    50
100
AcDbLine
 10
6.639531218458501
 20
7.999999122448941
 30
0.0
 11
21.6395312184585
 21
7.999999122448941
 31
0.0
  0
LINE
  5
80
330
6C
100
AcDbEntity
  8
NoLayerName_001
  6
Continuous
 62
     3
370
    50
100
AcDbLine
 10
2.020729064941406
 20
-0.0000008775510594
 30
0.0
 11
0.0000031227777981
 21
3.499999122448941
 31
0.0
  0
LINE
  5
81
330
6C
100
AcDbEntity
  8
NoLayerName_001
  6
Continuous
 62
     3
370
    50
100
AcDbLine
 10
2.020729064941406
 20
-0.0000008775510594
 30
0.0
 11
6.639531218458387
 21
7.999999122448941
 31
0.0
  0
ENDBLK
  5
6E
330
6C
100
AcDbEntity
  8
0
100
AcDbBlockEnd
  0
BLOCK
  5
70
330
6F
100
AcDbEntity
  8
0
100
AcDbBlockBegin
  2
DIM_0001
 70
     0
 10
0.0
 20
0.0
 30
0.0
  3
DIM_0001
  1

  0
LWPOLYLINE
  5
82
330
6F
100
AcDbEntity
  8
NoLayerName_001
  6
Continuous
 62
     2
370
    25
100
AcDbPolyline
 90
        3
 70
     0
 43
0.0
 10
42.7970604405206
 20
13.86536592349747
 10
45.39452743530274
 20
14.89811161451196
 10
43.66142787783703
 20
12.70499411305343
  0
LWPOLYLINE
  5
83
330
6F
100
AcDbEntity
  8
NoLayerName_001
  6
Continuous
 62
     2
370
    25
100
AcDbPolyline
 90
        3
 70
     0
 43
0.0
 10
45.39452743530273
 20
14.89811161451196
 10
25.39452743530273
 20
0.0
 10
0.0000007132662603
 20
0.0
  0
TEXT
  5
84
330
6F
100
AcDbEntity
  8
NoLayerName_001
  6
Continuous
 62
     2
370
    25
100
AcDbText
 10
13.39452695846558
 20
6.799999999999997
 30
0.0
 40
4.0
  1
ÇqÇÅÇPÅDÇU
 41
0.500000019868215
100
AcDbText
  0
LWPOLYLINE
  5
85
330
6F
100
AcDbEntity
  8
NoLayerName_001
  6
Continuous
 62
     2
370
    25
100
AcDbPolyline
 90
        4
 70
     0
 43
0.0
 10
0.0000007132662603
 20
5.599999999999994
 10
3.233162220728161
 20
0.0
 10
10.16136545100367
 20
12.0
 10
26.99452743530274
 20
12.0
  0
LINE
  5
86
330
6F
100
AcDbEntity
  8
NoLayerName_001
  6
Continuous
 62
     2
370
    25
100
AcDbLine
 10
0.0000007132662603
 20
5.599999999999994
 30
0.0
 11
6.466323728190069
 21
5.599999999999994
 31
0.0
  0
TEXT
  5
87
330
6F
100
AcDbEntity
  8
NoLayerName_001
  6
Continuous
 62
     2
370
    25
100
AcDbText
 10
13.39452695846558
 20
13.6
 30
0.0
 40
4.0
  1
Çf
 41
0.500000019868215
100
AcDbText
  0
ENDBLK
  5
71
330
6F
100
AcDbEntity
  8
0
100
AcDbBlockEnd
  0
BLOCK
  5
73
330
72
100
AcDbEntity
  8
0
100
AcDbBlockBegin
  2
DIM_0002
 70
     0
 10
0.0
 20
0.0
 30
0.0
  3
DIM_0002
  1

  0
LWPOLYLINE
  5
88
330
72
100
AcDbEntity
  8
NoLayerName_001
  6
Continuous
 62
     2
370
    25
100
AcDbPolyline
 90
        3
 70
     0
 43
0.0
 10
2.437830532079026
 20
1.3676169495414
 10
0.0
 20
-0.0000016918037744
 10
1.427413850229183
 20
2.403306060329825
  0
LWPOLYLINE
  5
89
330
72
100
AcDbEntity
  8
NoLayerName_001
  6
Continuous
 62
     2
370
    25
100
AcDbPolyline
 90
        3
 70
     0
 43
0.0
 10
0.0000000000000009
 20
-0.0000016918037744
 10
16.0
 20
15.60957336425781
 10
44.76136521457457
 20
15.60957336425781
  0
TEXT
  5
8A
330
72
100
AcDbEntity
  8
NoLayerName_001
  6
Continuous
 62
     2
370
    25
100
AcDbText
 10
31.16136473773741
 20
22.40957336425781
 30
0.0
 40
4.0
  1
ÇqÇÅÇPÅDÇU
 41
0.500000019868215
100
AcDbText
  0
LWPOLYLINE
  5
8B
330
72
100
AcDbEntity
  8
NoLayerName_001
  6
Continuous
 62
     2
370
    25
100
AcDbPolyline
 90
        4
 70
     0
 43
0.0
 10
17.7668384925381
 20
21.20957336425781
 10
21.0
 20
15.60957336425781
 10
27.92820323027551
 20
27.60957336425781
 10
44.76136521457457
 20
27.60957336425781
  0
LINE
  5
8C
330
72
100
AcDbEntity
  8
NoLayerName_001
  6
Continuous
 62
     2
370
    25
100
AcDbLine
 10
17.7668384925381
 20
21.20957336425781
 30
0.0
 11
24.2331615074619
 21
21.20957336425781
 31
0.0
  0
TEXT
  5
8D
330
72
100
AcDbEntity
  8
NoLayerName_001
  6
Continuous
 62
     2
370
    25
100
AcDbText
 10
31.16136473773741
 20
29.20957336425781
 30
0.0
 40
4.0
  1
Çf
 41
0.500000019868215
100
AcDbText
  0
ENDBLK
  5
74
330
72
100
AcDbEntity
  8
0
100
AcDbBlockEnd
  0
BLOCK
  5
76
330
75
100
AcDbEntity
  8
0
100
AcDbBlockBegin
  2
DIM_0003
 70
     0
 10
0.0
 20
0.0
 30
0.0
  3
DIM_0003
  1

  0
LWPOLYLINE
  5
8E
330
75
100
AcDbEntity
  8
NoLayerName_001
  6
Continuous
 62
     2
370
    25
100
AcDbPolyline
 90
        3
 70
     1
 43
0.0
 10
0.0
 20
9.0
 10
4.0
 20
5.0
 10
-0.0000000000000009
 20
1.0
  0
LWPOLYLINE
  5
8F
330
75
100
AcDbEntity
  8
NoLayerName_001
  6
Continuous
 62
     2
370
    25
100
AcDbPolyline
 90
        2
 70
     0
 43
0.0
 10
4.0
 20
5.0
 10
9.69981861114502
 20
5.0
  0
LINE
  5
90
330
75
100
AcDbEntity
  8
NoLayerName_001
  6
Continuous
 62
     2
370
    25
100
AcDbLine
 10
0.2000000000000002
 20
8.799999999999997
 30
0.0
 11
0.0
 21
8.799999999999997
 31
0.0
  0
LINE
  5
91
330
75
100
AcDbEntity
  8
NoLayerName_001
  6
Continuous
 62
     2
370
    25
100
AcDbLine
 10
0.4000000000000004
 20
8.600000000000001
 30
0.0
 11
0.0
 21
8.600000000000001
 31
0.0
  0
LINE
  5
92
330
75
100
AcDbEntity
  8
NoLayerName_001
  6
Continuous
 62
     2
370
    25
100
AcDbLine
 10
0.5999999999999996
 20
8.399999999999999
 30
0.0
 11
0.0
 21
8.399999999999999
 31
0.0
  0
LINE
  5
93
330
75
100
AcDbEntity
  8
NoLayerName_001
  6
Continuous
 62
     2
370
    25
100
AcDbLine
 10
0.7999999999999998
 20
8.200000000000003
 30
0.0
 11
0.0
 21
8.200000000000003
 31
0.0
  0
LINE
  5
94
330
75
100
AcDbEntity
  8
NoLayerName_001
  6
Continuous
 62
     2
370
    25
100
AcDbLine
 10
1.0
 20
8.0
 30
0.0
 11
0.0
 21
8.0
 31
0.0
  0
LINE
  5
95
330
75
100
AcDbEntity
  8
NoLayerName_001
  6
Continuous
 62
     2
370
    25
100
AcDbLine
 10
1.2
 20
7.799999999999997
 30
0.0
 11
0.0
 21
7.799999999999997
 31
0.0
  0
LINE
  5
96
330
75
100
AcDbEntity
  8
NoLayerName_001
  6
Continuous
 62
     2
370
    25
100
AcDbLine
 10
1.4
 20
7.600000000000001
 30
0.0
 11
0.0
 21
7.600000000000001
 31
0.0
  0
LINE
  5
97
330
75
100
AcDbEntity
  8
NoLayerName_001
  6
Continuous
 62
     2
370
    25
100
AcDbLine
 10
1.6
 20
7.399999999999999
 30
0.0
 11
0.0
 21
7.399999999999999
 31
0.0
  0
LINE
  5
98
330
75
100
AcDbEntity
  8
NoLayerName_001
  6
Continuous
 62
     2
370
    25
100
AcDbLine
 10
1.8
 20
7.200000000000003
 30
0.0
 11
0.0
 21
7.200000000000003
 31
0.0
  0
LINE
  5
99
330
75
100
AcDbEntity
  8
NoLayerName_001
  6
Continuous
 62
     2
370
    25
100
AcDbLine
 10
2.0
 20
7.0
 30
0.0
 11
0.0
 21
7.0
 31
0.0
  0
LINE
  5
9A
330
75
100
AcDbEntity
  8
NoLayerName_001
  6
Continuous
 62
     2
370
    25
100
AcDbLine
 10
2.2
 20
6.799999999999997
 30
0.0
 11
0.0
 21
6.799999999999997
 31
0.0
  0
LINE
  5
9B
330
75
100
AcDbEntity
  8
NoLayerName_001
  6
Continuous
 62
     2
370
    25
100
AcDbLine
 10
2.4
 20
6.600000000000001
 30
0.0
 11
0.0
 21
6.600000000000001
 31
0.0
  0
LINE
  5
9C
330
75
100
AcDbEntity
  8
NoLayerName_001
  6
Continuous
 62
     2
370
    25
100
AcDbLine
 10
2.6
 20
6.399999999999999
 30
0.0
 11
0.0
 21
6.399999999999999
 31
0.0
  0
LINE
  5
9D
330
75
100
AcDbEntity
  8
NoLayerName_001
  6
Continuous
 62
     2
370
    25
100
AcDbLine
 10
2.8
 20
6.200000000000003
 30
0.0
 11
0.0
 21
6.200000000000003
 31
0.0
  0
LINE
  5
9E
330
75
100
AcDbEntity
  8
NoLayerName_001
  6
Continuous
 62
     2
370
    25
100
AcDbLine
 10
3.0
 20
6.0
 30
0.0
 11
0.0
 21
6.0
 31
0.0
  0
LINE
  5
9F
330
75
100
AcDbEntity
  8
NoLayerName_001
  6
Continuous
 62
     2
370
    25
100
AcDbLine
 10
3.2
 20
5.799999999999997
 30
0.0
 11
0.0
 21
5.799999999999997
 31
0.0
  0
LINE
  5
A0
330
75
100
AcDbEntity
  8
NoLayerName_001
  6
Continuous
 62
     2
370
    25
100
AcDbLine
 10
3.4
 20
5.600000000000001
 30
0.0
 11
0.0
 21
5.600000000000001
 31
0.0
  0
LINE
  5
A1
330
75
100
AcDbEntity
  8
NoLayerName_001
  6
Continuous
 62
     2
370
    25
100
AcDbLine
 10
3.6
 20
5.399999999999999
 30
0.0
 11
0.0
 21
5.399999999999999
 31
0.0
  0
LINE
  5
A2
330
75
100
AcDbEntity
  8
NoLayerName_001
  6
Continuous
 62
     2
370
    25
100
AcDbLine
 10
3.8
 20
5.200000000000003
 30
0.0
 11
0.0
 21
5.200000000000003
 31
0.0
  0
LINE
  5
A3
330
75
100
AcDbEntity
  8
NoLayerName_001
  6
Continuous
 62
     2
370
    25
100
AcDbLine
 10
4.0
 20
5.0
 30
0.0
 11
0.0
 21
5.0
 31
0.0
  0
LINE
  5
A4
330
75
100
AcDbEntity
  8
NoLayerName_001
  6
Continuous
 62
     2
370
    25
100
AcDbLine
 10
3.8
 20
4.799999999999997
 30
0.0
 11
0.0
 21
4.799999999999997
 31
0.0
  0
LINE
  5
A5
330
75
100
AcDbEntity
  8
NoLayerName_001
  6
Continuous
 62
     2
370
    25
100
AcDbLine
 10
3.6
 20
4.600000000000001
 30
0.0
 11
0.0
 21
4.600000000000001
 31
0.0
  0
LINE
  5
A6
330
75
100
AcDbEntity
  8
NoLayerName_001
  6
Continuous
 62
     2
370
    25
100
AcDbLine
 10
3.4
 20
4.399999999999999
 30
0.0
 11
0.0
 21
4.399999999999999
 31
0.0
  0
LINE
  5
A7
330
75
100
AcDbEntity
  8
NoLayerName_001
  6
Continuous
 62
     2
370
    25
100
AcDbLine
 10
3.2
 20
4.200000000000003
 30
0.0
 11
0.0
 21
4.200000000000003
 31
0.0
  0
LINE
  5
A8
330
75
100
AcDbEntity
  8
NoLayerName_001
  6
Continuous
 62
     2
370
    25
100
AcDbLine
 10
3.0
 20
4.0
 30
0.0
 11
0.0
 21
4.0
 31
0.0
  0
LINE
  5
A9
330
75
100
AcDbEntity
  8
NoLayerName_001
  6
Continuous
 62
     2
370
    25
100
AcDbLine
 10
2.8
 20
3.799999999999997
 30
0.0
 11
0.0
 21
3.799999999999997
 31
0.0
  0
LINE
  5
AA
330
75
100
AcDbEntity
  8
NoLayerName_001
  6
Continuous
 62
     2
370
    25
100
AcDbLine
 10
2.6
 20
3.600000000000001
 30
0.0
 11
0.0
 21
3.600000000000001
 31
0.0
  0
LINE
  5
AB
330
75
100
AcDbEntity
  8
NoLayerName_001
  6
Continuous
 62
     2
370
    25
100
AcDbLine
 10
2.4
 20
3.399999999999999
 30
0.0
 11
0.0
 21
3.399999999999999
 31
0.0
  0
LINE
  5
AC
330
75
100
AcDbEntity
  8
NoLayerName_001
  6
Continuous
 62
     2
370
    25
100
AcDbLine
 10
2.2
 20
3.200000000000003
 30
0.0
 11
0.0
 21
3.200000000000003
 31
0.0
  0
LINE
  5
AD
330
75
100
AcDbEntity
  8
NoLayerName_001
  6
Continuous
 62
     2
370
    25
100
AcDbLine
 10
2.0
 20
3.0
 30
0.0
 11
0.0
 21
3.0
 31
0.0
  0
LINE
  5
AE
330
75
100
AcDbEntity
  8
NoLayerName_001
  6
Continuous
 62
     2
370
    25
100
AcDbLine
 10
1.8
 20
2.799999999999997
 30
0.0
 11
0.0
 21
2.799999999999997
 31
0.0
  0
LINE
  5
AF
330
75
100
AcDbEntity
  8
NoLayerName_001
  6
Continuous
 62
     2
370
    25
100
AcDbLine
 10
1.6
 20
2.600000000000001
 30
0.0
 11
0.0
 21
2.600000000000001
 31
0.0
  0
LINE
  5
B0
330
75
100
AcDbEntity
  8
NoLayerName_001
  6
Continuous
 62
     2
370
    25
100
AcDbLine
 10
1.4
 20
2.399999999999999
 30
0.0
 11
0.0
 21
2.399999999999999
 31
0.0
  0
LINE
  5
B1
330
75
100
AcDbEntity
  8
NoLayerName_001
  6
Continuous
 62
     2
370
    25
100
AcDbLine
 10
1.2
 20
2.200000000000003
 30
0.0
 11
0.0
 21
2.200000000000003
 31
0.0
  0
LINE
  5
B2
330
75
100
AcDbEntity
  8
NoLayerName_001
  6
Continuous
 62
     2
370
    25
100
AcDbLine
 10
1.0
 20
2.0
 30
0.0
 11
0.0
 21
2.0
 31
0.0
  0
LINE
  5
B3
330
75
100
AcDbEntity
  8
NoLayerName_001
  6
Continuous
 62
     2
370
    25
100
AcDbLine
 10
0.7999999999999998
 20
1.799999999999997
 30
0.0
 11
0.0
 21
1.799999999999997
 31
0.0
  0
LINE
  5
B4
330
75
100
AcDbEntity
  8
NoLayerName_001
  6
Continuous
 62
     2
370
    25
100
AcDbLine
 10
0.5999999999999996
 20
1.600000000000001
 30
0.0
 11
0.0
 21
1.600000000000001
 31
0.0
  0
LINE
  5
B5
330
75
100
AcDbEntity
  8
NoLayerName_001
  6
Continuous
 62
     2
370
    25
100
AcDbLine
 10
0.4000000000000004
 20
1.399999999999999
 30
0.0
 11
0.0
 21
1.399999999999999
 31
0.0
  0
LINE
  5
B6
330
75
100
AcDbEntity
  8
NoLayerName_001
  6
Continuous
 62
     2
370
    25
100
AcDbLine
 10
0.2000000000000002
 20
1.200000000000003
 30
0.0
 11
0.0
 21
1.200000000000003
 31
0.0
  0
LWPOLYLINE
  5
B7
330
75
100
AcDbEntity
  8
NoLayerName_001
  6
Continuous
 62
     2
370
    25
100
AcDbPolyline
 90
        4
 70
     1
 43
0.0
 10
9.69981861114502
 20
0.0
 10
19.69981861114502
 20
0.0
 10
19.69981861114502
 20
10.0
 10
9.69981861114502
 20
10.0
  0
TEXT
  5
B8
330
75
100
AcDbEntity
  8
NoLayerName_001
  6
Continuous
 62
     2
370
    25
100
AcDbText
 10
12.69981861114502
 20
3.0
 30
0.0
 40
4.0
  1
Ç`
 41
0.8333333333333334
100
AcDbText
  0
ENDBLK
  5
77
330
75
100
AcDbEntity
  8
0
100
AcDbBlockEnd
  0
BLOCK
  5
CC
330
C8
100
AcDbEntity
  8
0
100
AcDbBlockBegin
  2
_OPEN30
 70
     0
 10
0.0
 20
0.0
 30
0.0
  3
_OPEN30
  1

  0
LINE
  5
C9
330
C8
100
AcDbEntity
  8
0
  6
ByBlock
 62
     0
370
    -2
100
AcDbLine
 10
-1.0
 20
0.267949
 30
0.0
 11
0.0
 21
0.0
 31
0.0
  0
LINE
  5
CA
330
C8
100
AcDbEntity
  8
0
  6
ByBlock
 62
     0
370
    -2
100
AcDbLine
 10
0.0
 20
0.0
 30
0.0
 11
-1.0
 21
-0.267949
 31
0.0
  0
LINE
  5
CB
330
C8
100
AcDbEntity
  8
0
  6
ByBlock
 62
     0
370
    -2
100
AcDbLine
 10
0.0
 20
0.0
 30
0.0
 11
-1.0
 21
0.0
 31
0.0
  0
ENDBLK
  5
CD
330
C8
100
AcDbEntity
  8
0
100
AcDbBlockEnd
  0
BLOCK
  5
CF
330
CE
100
AcDbEntity
  8
0
100
AcDbBlockBegin
  2
*D7
 70
     1
 10
0.0
 20
0.0
 30
0.0
  3
*D7
  1

  0
LINE
  5
D1
330
CE
100
AcDbEntity
  8
NoLayerName_001
  6
Continuous
 62
     0
370
    25
100
AcDbLine
 10
-26.33630676287578
 20
-26.33630676287622
 30
0.0
 11
-51.06066017177952
 21
-51.06066017177996
 31
0.0
  0
LINE
  5
D2
330
CE
100
AcDbEntity
  8
NoLayerName_001
  6
Continuous
 62
     0
370
    25
100
AcDbLine
 10
-0.0000000000000002
 20
-44.0
 30
0.0
 11
-0.0000000000000062
 21
-72.21067811865478
 31
0.0
  0
ARC
  5
D3
330
CE
100
AcDbEntity
  8
NoLayerName_001
  6
Continuous
 62
     0
370
    25
100
AcDbCircle
 10
0.0000000000000071
 20
-0.000000000000437
 30
0.0
 40
70.71067811865434
100
AcDbArc
 50
227.1879015770119
 51
267.8120984229881
  0
INSERT
  5
D4
330
CE
100
AcDbEntity
  8
NoLayerName_001
 62
     0
370
    25
100
AcDbBlockReference
  2
_OPEN30
 10
-49.9999999999997
 20
-50.00000000000014
 30
0.0
 41
2.7
 42
2.7
 43
2.7
 50
136.093950788506
  0
INSERT
  5
D5
330
CE
100
AcDbEntity
  8
NoLayerName_001
 62
     0
370
    25
100
AcDbBlockReference
  2
_OPEN30
 10
-0.0000000000000059
 20
-70.71067811865478
 30
0.0
 41
2.7
 42
2.7
 43
2.7
 50
358.9060492114941
  0
MTEXT
  5
D6
330
CE
100
AcDbEntity
  8
NoLayerName_001
 62
     0
370
    25
100
AcDbMText
 10
-25.77508205579823
 20
-62.22655267038818
 30
0.0
 40
4.5
 41
0.0
 71
     5
 72
     1
  1
45%%d
 11
0.9238795325112873
 21
-0.3826834323650886
 31
0.0
 73
     1
 44
1.0
  0
POINT
  5
D7
330
CE
100
AcDbEntity
  8
Defpoints
 62
     0
100
AcDbPoint
 10
-35.35533905932716
 20
-61.23724356957953
 30
0.0
  0
POINT
  5
D8
330
CE
100
AcDbEntity
  8
Defpoints
 62
     0
100
AcDbPoint
 10
-25.62919998168923
 20
-25.62919998168968
 30
0.0
  0
POINT
  5
D9
330
CE
100
AcDbEntity
  8
Defpoints
 62
     0
100
AcDbPoint
 10
0.0
 20
-43.0
 30
0.0
  0
POINT
  5
DA
330
CE
100
AcDbEntity
  8
Defpoints
 62
     0
100
AcDbPoint
 10
0.0
 20
-42.9
 30
0.0
  0
POINT
  5
DB
330
CE
100
AcDbEntity
  8
Defpoints
 62
     0
100
AcDbPoint
 10
-25.55848930357058
 20
-25.55848930357102
 30
0.0
  0
ENDBLK
  5
D0
330
CE
100
AcDbEntity
  8
0
100
AcDbBlockEnd
  0
BLOCK
  5
DF
330
DE
100
AcDbEntity
  8
0
100
AcDbBlockBegin
  2
*D8
 70
     1
 10
0.0
 20
0.0
 30
0.0
  3
*D8
  1

  0
LINE
  5
E1
330
DE
100
AcDbEntity
  8
NoLayerName_001
  6
Continuous
 62
     0
370
    25
100
AcDbLine
 10
-0.0000000000000002
 20
-44.0
 30
0.0
 11
-0.0000000000000054
 21
-72.21067811865476
 31
0.0
  0
LINE
  5
E2
330
DE
100
AcDbEntity
  8
NoLayerName_001
  6
Continuous
 62
     0
370
    25
100
AcDbLine
 10
26.33630676287622
 20
-26.33630676287578
 30
0.0
 11
51.06066017178012
 21
-51.06066017177968
 31
0.0
  0
ARC
  5
E3
330
DE
100
AcDbEntity
  8
NoLayerName_001
  6
Continuous
 62
     0
370
    25
100
AcDbCircle
 10
0.0000000000000079
 20
0.0000000000004334
 30
0.0
 40
70.71067811865518
100
AcDbArc
 50
272.1879015770119
 51
312.8120984229881
  0
INSERT
  5
E4
330
DE
100
AcDbEntity
  8
NoLayerName_001
 62
     0
370
    25
100
AcDbBlockReference
  2
_OPEN30
 10
-0.0000000000000051
 20
-70.71067811865476
 30
0.0
 41
2.7
 42
2.7
 43
2.7
 50
181.0939507885059
  0
INSERT
  5
E5
330
DE
100
AcDbEntity
  8
NoLayerName_001
 62
     0
370
    25
100
AcDbBlockReference
  2
_OPEN30
 10
50.00000000000031
 20
-49.99999999999986
 30
0.0
 41
2.7
 42
2.7
 43
2.7
 50
43.90604921149405
  0
MTEXT
  5
E6
330
DE
100
AcDbEntity
  8
NoLayerName_001
 62
     0
370
    25
100
AcDbMText
 10
25.77508205579873
 20
-62.226552670388
 30
0.0
 40
4.5
 41
0.0
 71
     5
 72
     1
  1
45%%d
 11
0.9238795325112864
 21
0.382683432365091
 31
0.0
 73
     1
 44
1.0
  0
POINT
  5
E7
330
DE
100
AcDbEntity
  8
Defpoints
 62
     0
100
AcDbPoint
 10
18.30127018922205
 20
-68.30127018922192
 30
0.0
  0
POINT
  5
E8
330
DE
100
AcDbEntity
  8
Defpoints
 62
     0
100
AcDbPoint
 10
0.0
 20
-43.0
 30
0.0
  0
POINT
  5
E9
330
DE
100
AcDbEntity
  8
Defpoints
 62
     0
100
AcDbPoint
 10
25.62919998168968
 20
-25.62919998168923
 30
0.0
  0
POINT
  5
EA
330
DE
100
AcDbEntity
  8
Defpoints
 62
     0
100
AcDbPoint
 10
25.55848930357102
 20
-25.55848930357058
 30
0.0
  0
POINT
  5
EB
330
DE
100
AcDbEntity
  8
Defpoints
 62
     0
100
AcDbPoint
 10
0.0
 20
-42.9
 30
0.0
  0
ENDBLK
  5
E0
330
DE
100
AcDbEntity
  8
0
100
AcDbBlockEnd
  0
BLOCK
  5
F0
330
EF
100
AcDbEntity
  8
0
100
AcDbBlockBegin
  2
*D9
 70
     1
 10
0.0
 20
0.0
 30
0.0
  3
*D9
  1

  0
LINE
  5
F2
330
EF
100
AcDbEntity
  8
NoLayerName_001
  6
Continuous
 62
     0
370
    25
100
AcDbLine
 10
19.80772964895656
 20
-3.961545929791313
 30
0.0
 11
59.72381289127878
 21
-11.94476257825576
 31
0.0
  0
LINE
  5
F3
330
EF
100
AcDbEntity
  8
NoLayerName_001
  6
Continuous
 62
     0
370
    25
100
AcDbLine
 10
-19.80772964895656
 20
3.961545929791313
 30
0.0
 11
-22.45529747332204
 21
4.491059494664411
 31
0.0
  0
MTEXT
  5
F4
330
EF
100
AcDbEntity
  8
NoLayerName_001
 62
     0
370
    25
100
AcDbMText
 10
52.57877677711847
 20
-6.524497831158944
 30
0.0
 40
4.5
 41
0.0
 71
     5
 72
     1
  1
35åä
 11
0.9805806756909201
 21
-0.1961161351381841
 31
0.0
 73
     1
 44
1.0
  0
LINE
  5
F5
330
EF
100
AcDbEntity
  8
NoLayerName_001
  6
Continuous
 62
     0
370
    25
100
AcDbLine
 10
-17.16016182459107
 20
3.432032364918216
 30
0.0
 11
17.16016182459107
 21
-3.432032364918216
 31
0.0
  0
INSERT
  5
F6
330
EF
100
AcDbEntity
  8
NoLayerName_001
 62
     0
370
    25
100
AcDbBlockReference
  2
_OPEN30
 10
-17.16016182459107
 20
3.432032364918216
 30
0.0
 41
2.7
 42
2.7
 43
2.7
 50
348.6900675259798
  0
INSERT
  5
F7
330
EF
100
AcDbEntity
  8
NoLayerName_001
 62
     0
370
    25
100
AcDbBlockReference
  2
_OPEN30
 10
17.16016182459107
 20
-3.432032364918216
 30
0.0
 41
2.7
 42
2.7
 43
2.7
 50
168.6900675259798
  0
POINT
  5
F8
330
EF
100
AcDbEntity
  8
Defpoints
 62
     0
100
AcDbPoint
 10
17.16016182459107
 20
-3.432032364918216
 30
0.0
  0
POINT
  5
F9
330
EF
100
AcDbEntity
  8
Defpoints
 62
     0
100
AcDbPoint
 10
-17.16016182459107
 20
3.432032364918216
 30
0.0
  0
ENDBLK
  5
F1
330
EF
100
AcDbEntity
  8
0
100
AcDbBlockEnd
  0
BLOCK
  5
FD
330
FC
100
AcDbEntity
  8
0
100
AcDbBlockBegin
  2
*D10
 70
     1
 10
0.0
 20
0.0
 30
0.0
  3
*D10
  1

  0
LINE
  5
FF
330
FC
100
AcDbEntity
  8
NoLayerName_001
  6
Continuous
 62
     0
370
    25
100
AcDbLine
 10
28.7453057513695
 20
10.77948965676356
 30
0.0
 11
67.99044003322219
 21
25.49641501245832
 31
0.0
  0
LINE
  5
100
330
FC
100
AcDbEntity
  8
NoLayerName_001
  6
Continuous
 62
     0
370
    25
100
AcDbLine
 10
-28.7453057513695
 20
-10.77948965676356
 30
0.0
 11
-31.27339453080592
 21
-11.72752294905222
 31
0.0
  0
MTEXT
  5
101
330
FC
100
AcDbEntity
  8
NoLayerName_001
 62
     0
370
    25
100
AcDbMText
 10
52.73008021654636
 20
23.24478160274013
 30
0.0
 40
4.5
 41
0.0
 71
     5
 72
     1
  1
Ço.Çb.Çc.56
 11
0.9363291775690447
 21
0.3511234415883917
 31
0.0
 73
     1
 44
1.0
  0
LINE
  5
102
330
FC
100
AcDbEntity
  8
NoLayerName_001
  6
Continuous
 62
     0
370
    25
100
AcDbLine
 10
-26.21721697193308
 20
-9.831456364474905
 30
0.0
 11
26.21721697193308
 21
9.831456364474905
 31
0.0
  0
INSERT
  5
103
330
FC
100
AcDbEntity
  8
NoLayerName_001
 62
     0
370
    25
100
AcDbBlockReference
  2
_OPEN30
 10
-26.21721697193308
 20
-9.831456364474905
 30
0.0
 41
2.7
 42
2.7
 43
2.7
 50
20.55604521958346
  0
INSERT
  5
104
330
FC
100
AcDbEntity
  8
NoLayerName_001
 62
     0
370
    25
100
AcDbBlockReference
  2
_OPEN30
 10
26.21721697193308
 20
9.831456364474905
 30
0.0
 41
2.7
 42
2.7
 43
2.7
 50
200.5560452195834
  0
POINT
  5
105
330
FC
100
AcDbEntity
  8
Defpoints
 62
     0
100
AcDbPoint
 10
26.21721697193308
 20
9.831456364474905
 30
0.0
  0
POINT
  5
106
330
FC
100
AcDbEntity
  8
Defpoints
 62
     0
100
AcDbPoint
 10
-26.21721697193308
 20
-9.831456364474905
 30
0.0
  0
ENDBLK
  5
FE
330
FC
100
AcDbEntity
  8
0
100
AcDbBlockEnd
  0
BLOCK
  5
10A
330
109
100
AcDbEntity
  8
0
100
AcDbBlockBegin
  2
_NONE
 70
     0
 10
0.0
 20
0.0
 30
0.0
  3
_NONE
  1

  0
ENDBLK
  5
10B
330
109
100
AcDbEntity
  8
0
100
AcDbBlockEnd
  0
BLOCK
  5
10D
330
10C
100
AcDbEntity
  8
0
100
AcDbBlockBegin
  2
*D12
 70
     1
 10
0.0
 20
0.0
 30
0.0
  3
*D12
  1

  0
LINE
  5
10F
330
10C
100
AcDbEntity
  8
NoLayerName_001
  6
Continuous
 62
     0
370
    25
100
AcDbLine
 10
69.63657142857141
 20
45.0
 30
0.0
 11
30.0
 21
45.0
 31
0.0
  0
LINE
  5
110
330
10C
100
AcDbEntity
  8
NoLayerName_001
  6
Continuous
 62
     0
370
    25
100
AcDbLine
 10
30.0
 20
45.0
 30
0.0
 11
22.50051454594225
 21
26.47295154847211
 31
0.0
  0
MTEXT
  5
111
330
10C
100
AcDbEntity
  8
NoLayerName_001
 62
     0
370
    25
100
AcDbMText
 10
50.31828571428571
 20
48.85075
 30
0.0
 40
4.5
 41
0.0
 71
     5
 72
     1
  1
4Å~9ÉLÉäÉgÉIÉV
 73
     1
 44
1.0
  0
INSERT
  5
112
330
10C
100
AcDbEntity
  8
NoLayerName_001
 62
     0
370
    25
100
AcDbBlockReference
  2
_OPEN30
 10
21.48744279367254
 20
23.97021592025383
 30
0.0
 41
2.7
 42
2.7
 43
2.7
 50
247.9625984941569
  0
POINT
  5
113
330
10C
100
AcDbEntity
  8
Defpoints
 62
     0
100
AcDbPoint
 10
21.48744279367254
 20
23.97021592025383
 30
0.0
  0
POINT
  5
114
330
10C
100
AcDbEntity
  8
Defpoints
 62
     0
100
AcDbPoint
 10
18.11053695277353
 20
15.62776382619293
 30
0.0
  0
ENDBLK
  5
10E
330
10C
100
AcDbEntity
  8
0
100
AcDbBlockEnd
  0
BLOCK
  5
119
330
118
100
AcDbEntity
  8
0
100
AcDbBlockBegin
  2
*D13
 70
     1
 10
0.0
 20
0.0
 30
0.0
  3
*D13
  1

  0
LINE
  5
11B
330
118
100
AcDbEntity
  8
NoLayerName_001
  6
Continuous
 62
     0
370
    25
100
AcDbLine
 10
129.0
 20
-38.0
 30
0.0
 11
103.5
 21
-38.0
 31
0.0
  0
LINE
  5
11C
330
118
100
AcDbEntity
  8
NoLayerName_001
  6
Continuous
 62
     0
370
    25
100
AcDbLine
 10
129.0
 20
38.0
 30
0.0
 11
103.5
 21
38.0
 31
0.0
  0
LINE
  5
11D
330
118
100
AcDbEntity
  8
NoLayerName_001
  6
Continuous
 62
     0
370
    25
100
AcDbLine
 10
105.0
 20
-35.3
 30
0.0
 11
105.0
 21
35.3
 31
0.0
  0
INSERT
  5
11E
330
118
100
AcDbEntity
  8
NoLayerName_001
 62
     0
370
    25
100
AcDbBlockReference
  2
_OPEN30
 10
105.0
 20
-38.0
 30
0.0
 41
2.7
 42
2.7
 43
2.7
 50
270.0
  0
INSERT
  5
11F
330
118
100
AcDbEntity
  8
NoLayerName_001
 62
     0
370
    25
100
AcDbBlockReference
  2
_OPEN30
 10
105.0
 20
38.0
 30
0.0
 41
2.7
 42
2.7
 43
2.7
 50
90.0
  0
MTEXT
  5
120
330
118
100
AcDbEntity
  8
NoLayerName_001
 62
     0
370
    25
100
AcDbMText
 10
101.75
 20
-0.0000000983506325
 30
0.0
 40
4.5
 41
0.0
 71
     5
 72
     1
  1
%%c76
 11
0.0
 21
1.0
 31
0.0
 73
     1
 44
1.0
  0
POINT
  5
121
330
118
100
AcDbEntity
  8
Defpoints
 62
     0
100
AcDbPoint
 10
130.0
 20
-38.0
 30
0.0
  0
POINT
  5
122
330
118
100
AcDbEntity
  8
Defpoints
 62
     0
100
AcDbPoint
 10
130.0
 20
38.0
 30
0.0
  0
POINT
  5
123
330
118
100
AcDbEntity
  8
Defpoints
 62
     0
100
AcDbPoint
 10
105.0
 20
38.0
 30
0.0
  0
ENDBLK
  5
11A
330
118
100
AcDbEntity
  8
0
100
AcDbBlockEnd
  0
BLOCK
  5
125
330
124
100
AcDbEntity
  8
0
100
AcDbBlockBegin
  2
DIM_0004
 70
     0
 10
0.0
 20
0.0
 30
0.0
  3
DIM_0004
  1

  0
MTEXT
  5
127
330
124
100
AcDbEntity
  8
NoLayerName_001
  6
Continuous
 62
     2
370
    25
100
AcDbMText
 10
1.799999999999997
 20
1.799999999999997
 30
0.0
 40
6.400000095367432
 41
6.800000101327896
 71
     7
 72
     5
  1
\A1;\W0.833333;{\fgdt;\H0.6x;\W1.0;f}
 73
     1
 44
0.6
1001
ACAD
1000
ACAD_MTEXT_DEFINED_HEIGHT_BEGIN
1070
    46
1040
6.400000095367432
1000
ACAD_MTEXT_DEFINED_HEIGHT_END
  0
LWPOLYLINE
  5
128
330
124
100
AcDbEntity
  8
NoLayerName_001
  6
Continuous
 62
     2
370
    25
100
AcDbPolyline
 90
        4
 70
     1
 43
0.0
 10
0.0
 20
0.0
 10
34.0
 20
0.0
 10
34.0
 20
10.0
 10
0.0
 20
10.0
  0
LINE
  5
129
330
124
100
AcDbEntity
  8
NoLayerName_001
  6
Continuous
 62
     2
370
    25
100
AcDbLine
 10
10.0
 20
0.0
 30
0.0
 11
10.0
 21
10.0
 31
0.0
  0
MTEXT
  5
12A
330
124
100
AcDbEntity
  8
NoLayerName_001
  6
Continuous
 62
     2
370
    25
100
AcDbMText
 10
12.0
 20
3.0
 30
0.0
 40
4.0
 41
23.27820869396956
 71
     7
 72
     5
  1
\A1;\W0.912871;\T0.912871;ÇOÅDÇOÇOÇT
 73
     1
 44
0.6
1001
ACAD
1000
ACAD_MTEXT_DEFINED_HEIGHT_BEGIN
1070
    46
1040
4.0
1000
ACAD_MTEXT_DEFINED_HEIGHT_END
  0
LWPOLYLINE
  5
12B
330
124
100
AcDbEntity
  8
NoLayerName_001
  6
Continuous
 62
     2
370
    25
100
AcDbPolyline
 90
        4
 70
     0
 43
0.0
 10
34.0
 20
0.0
 10
44.0
 20
0.0
 10
44.0
 20
10.0
 10
34.0
 20
10.0
  0
MTEXT
  5
12C
330
124
100
AcDbEntity
  8
NoLayerName_001
  6
Continuous
 62
     2
370
    25
100
AcDbMText
 10
37.0
 20
3.0
 30
0.0
 40
4.0
 41
4.25
 71
     7
 72
     5
  1
\A1;\W0.833333;Ç`
 73
     1
 44
0.6
1001
ACAD
1000
ACAD_MTEXT_DEFINED_HEIGHT_BEGIN
1070
    46
1040
4.0
1000
ACAD_MTEXT_DEFINED_HEIGHT_END
  0
LWPOLYLINE
  5
12D
330
124
100
AcDbEntity
  8
NoLayerName_001
  6
Continuous
 62
     2
370
    25
100
AcDbPolyline
 90
        3
 70
     0
 43
0.0
 10
54.26987533569336
 20
5.723462819564034
 10
56.96987533569336
 20
5.0
 10
54.26987533569336
 20
4.276537180435966
  0
LWPOLYLINE
  5
12E
330
124
100
AcDbEntity
  8
NoLayerName_001
  6
Continuous
 62
     2
370
    25
100
AcDbPolyline
 90
        2
 70
     0
 43
0.0
 10
56.96987533569336
 20
5.0
 10
44.0
 20
5.0
  0
ENDBLK
  5
126
330
124
100
AcDbEntity
  8
0
100
AcDbBlockEnd
  0
BLOCK
  5
13F
330
13E
100
AcDbEntity
  8
0
100
AcDbBlockBegin
  2
*D15
 70
     1
 10
0.0
 20
0.0
 30
0.0
  3
*D15
  1

  0
LINE
  5
141
330
13E
100
AcDbEntity
  8
NoLayerName_001
  6
Continuous
 62
     0
370
    25
100
AcDbLine
 10
137.0
 20
-39.0
 30
0.0
 11
137.0
 21
-71.5
 31
0.0
  0
LINE
  5
142
330
13E
100
AcDbEntity
  8
NoLayerName_001
  6
Continuous
 62
     0
370
    25
100
AcDbLine
 10
130.0
 20
-39.0
 30
0.0
 11
130.0
 21
-71.5
 31
0.0
  0
LINE
  5
143
330
13E
100
AcDbEntity
  8
NoLayerName_001
  6
Continuous
 62
     0
370
    25
100
AcDbLine
 10
137.0
 20
-70.0
 30
0.0
 11
162.9571428571429
 21
-70.0
 31
0.0
  0
LINE
  5
144
330
13E
100
AcDbEntity
  8
NoLayerName_001
  6
Continuous
 62
     0
370
    25
100
AcDbLine
 10
137.0
 20
-70.0
 30
0.0
 11
130.0
 21
-70.0
 31
0.0
  0
LINE
  5
145
330
13E
100
AcDbEntity
  8
NoLayerName_001
  6
Continuous
 62
     0
370
    25
100
AcDbLine
 10
139.7
 20
-70.0
 30
0.0
 11
142.4
 21
-70.0
 31
0.0
  0
LINE
  5
146
330
13E
100
AcDbEntity
  8
NoLayerName_001
  6
Continuous
 62
     0
370
    25
100
AcDbLine
 10
127.3
 20
-70.0
 30
0.0
 11
124.6
 21
-70.0
 31
0.0
  0
INSERT
  5
147
330
13E
100
AcDbEntity
  8
NoLayerName_001
 62
     0
370
    25
100
AcDbBlockReference
  2
_OPEN30
 10
137.0
 20
-70.0
 30
0.0
 41
2.7
 42
2.7
 43
2.7
 50
180.0
  0
INSERT
  5
148
330
13E
100
AcDbEntity
  8
NoLayerName_001
 62
     0
370
    25
100
AcDbBlockReference
  2
_OPEN30
 10
130.0
 20
-70.0
 30
0.0
 41
2.7
 42
2.7
 43
2.7
  0
MTEXT
  5
149
330
13E
100
AcDbEntity
  8
NoLayerName_001
 62
     0
370
    25
100
AcDbMText
 10
152.6785714285714
 20
-66.66428571428571
 30
0.0
 40
4.5
 41
0.0
 71
     5
 72
     1
  1
\A1;7{\H3.600000;%%p0.01}
 73
     1
 44
1.0
  0
POINT
  5
14A
330
13E
100
AcDbEntity
  8
Defpoints
 62
     0
100
AcDbPoint
 10
137.0
 20
-38.0
 30
0.0
  0
POINT
  5
14B
330
13E
100
AcDbEntity
  8
Defpoints
 62
     0
100
AcDbPoint
 10
130.0
 20
-38.0
 30
0.0
  0
POINT
  5
14C
330
13E
100
AcDbEntity
  8
Defpoints
 62
     0
100
AcDbPoint
 10
130.0
 20
-70.0
 30
0.0
  0
ENDBLK
  5
140
330
13E
100
AcDbEntity
  8
0
100
AcDbBlockEnd
  0
ENDSEC
  0
SECTION
  2
ENTITIES
  0
CIRCLE
  5
B9
330
1F
100
AcDbEntity
  8
NoLayerName_001
  6
Continuous
 62
     7
370
    50
100
AcDbCircle
 10
0.0
 20
0.0
 30
0.0
 40
38.0
  0
CIRCLE
  5
BA
330
1F
100
AcDbEntity
  8
NoLayerName_001
  6
Continuous
 62
     7
370
    50
100
AcDbCircle
 10
19.79898987322304
 20
19.79898987322338
 30
0.0
 40
4.499999999999972
  0
CIRCLE
  5
BB
330
1F
100
AcDbEntity
  8
NoLayerName_001
  6
Continuous
 62
     7
370
    50
100
AcDbCircle
 10
-19.79898987322349
 20
19.79898987322341
 30
0.0
 40
4.499999999999972
  0
CIRCLE
  5
BC
330
1F
100
AcDbEntity
  8
NoLayerName_001
  6
Continuous
 62
     7
370
    50
100
AcDbCircle
 10
-19.79898987322349
 20
-19.79898987322326
 30
0.0
 40
4.499999999999972
  0
CIRCLE
  5
BD
330
1F
100
AcDbEntity
  8
NoLayerName_001
  6
Continuous
 62
     7
370
    50
100
AcDbCircle
 10
19.79898987322304
 20
-19.79898987322326
 30
0.0
 40
4.499999999999972
  0
CIRCLE
  5
BE
330
1F
100
AcDbEntity
  8
NoLayerName_001
  6
Continuous
 62
     7
370
    50
100
AcDbCircle
 10
0.0
 20
0.0
 30
0.0
 40
17.49999999999997
  0
LINE
  5
BF
330
1F
100
AcDbEntity
  8
NoLayerName_001
  6
CENTER
 62
     8
370
    25
100
AcDbLine
 10
-43.0
 20
0.0
 30
0.0
 11
43.0
 21
0.0
 31
0.0
  0
LINE
  5
C0
330
1F
100
AcDbEntity
  8
NoLayerName_001
  6
CENTER
 62
     8
370
    25
100
AcDbLine
 10
0.0
 20
-43.0
 30
0.0
 11
0.0
 21
43.0
 31
0.0
  0
CIRCLE
  5
C1
330
1F
100
AcDbEntity
  8
NoLayerName_001
  6
CENTER
 62
     8
370
    25
100
AcDbCircle
 10
0.0
 20
0.0
 30
0.0
 40
27.99999999999983
  0
LINE
  5
C2
330
1F
100
AcDbEntity
  8
NoLayerName_001
  6
CENTER
 62
     8
370
    25
100
AcDbLine
 10
25.62919998168923
 20
25.62919998168968
 30
0.0
 11
13.87465572357166
 21
13.8746557235719
 31
0.0
  0
LINE
  5
C3
330
1F
100
AcDbEntity
  8
NoLayerName_001
  6
CENTER
 62
     8
370
    25
100
AcDbLine
 10
-25.62919998168968
 20
25.62919998168923
 30
0.0
 11
-13.8746557235719
 21
13.87465572357166
 31
0.0
  0
LINE
  5
C4
330
1F
100
AcDbEntity
  8
NoLayerName_001
  6
CENTER
 62
     8
370
    25
100
AcDbLine
 10
-25.62919998168923
 20
-25.62919998168968
 30
0.0
 11
-13.87465572357166
 21
-13.8746557235719
 31
0.0
  0
LINE
  5
C5
330
1F
100
AcDbEntity
  8
NoLayerName_001
  6
CENTER
 62
     8
370
    25
100
AcDbLine
 10
25.62919998168968
 20
-25.62919998168923
 30
0.0
 11
13.8746557235719
 21
-13.87465572357166
 31
0.0
  0
DIMENSION
  5
C6
102
{ACAD_XDICTIONARY
360
C7
102
}
330
1F
100
AcDbEntity
  8
NoLayerName_001
  6
Continuous
 62
     2
370
    25
100
AcDbDimension
  2
*D7
 10
-25.55848930357058
 20
-25.55848930357102
 30
0.0
 11
-27.0598050073096
 21
-65.32814824381893
 31
0.0
 70
   162
 71
     5
 42
0.7853981633974482
  3
Standard
100
AcDb2LineAngularDimension
 13
0.0
 23
-43.0
 33
0.0
 14
0.0
 24
-42.9
 34
0.0
 15
-25.62919998168923
 25
-25.62919998168968
 35
0.0
 16
-35.35533905932716
 26
-61.23724356957953
 36
0.0
1001
ACAD
1000
DSTYLE
1002
{
1070
   347
1005
16
1070
   372
1070
    25
1070
   346
1005
16
1070
   371
1070
    25
1070
   345
1005
16
1070
   178
1070
     0
1070
   177
1070
     0
1070
   176
1070
     0
1070
    47
1040
0.0
1070
    48
1040
0.0
1070
    79
1070
     2
1070
   179
1070
     3
1070
    41
1040
2.7
1070
   342
1005
C8
1070
    42
1040
1.0
1070
    44
1040
1.499999999999996
1070
   147
1040
1.0
1070
   140
1040
4.5
1002
}
1001
ACAD_DSTYLE_DIM_LINETYPE
1070
   380
1005
16
1001
ACAD_DSTYLE_DIM_EXT1_LINETYPE
1070
   381
1005
16
1001
ACAD_DSTYLE_DIM_EXT2_LINETYPE
1070
   382
1005
16
  0
DIMENSION
  5
DC
102
{ACAD_XDICTIONARY
360
DD
102
}
330
1F
100
AcDbEntity
  8
NoLayerName_001
  6
Continuous
 62
     2
370
    25
100
AcDbDimension
  2
*D8
 10
0.0
 20
-42.9
 30
0.0
 11
27.0598050073101
 21
-65.32814824381875
 31
0.0
 70
   162
 71
     5
 42
0.7853981633974485
  3
Standard
100
AcDb2LineAngularDimension
 13
25.62919998168968
 23
-25.62919998168923
 33
0.0
 14
25.55848930357102
 24
-25.55848930357058
 34
0.0
 15
0.0
 25
-43.0
 35
0.0
 16
18.30127018922205
 26
-68.30127018922192
 36
0.0
1001
ACAD
1000
DSTYLE
1002
{
1070
   347
1005
16
1070
   372
1070
    25
1070
   346
1005
16
1070
   371
1070
    25
1070
   345
1005
16
1070
   178
1070
     0
1070
   177
1070
     0
1070
   176
1070
     0
1070
    47
1040
0.0
1070
    48
1040
0.0
1070
    79
1070
     2
1070
   179
1070
     3
1070
    41
1040
2.7
1070
   342
1005
C8
1070
    42
1040
1.0
1070
    44
1040
1.499999999999996
1070
   147
1040
1.0
1070
   140
1040
4.5
1002
}
1001
ACAD_DSTYLE_DIM_LINETYPE
1070
   380
1005
16
1001
ACAD_DSTYLE_DIM_EXT1_LINETYPE
1070
   381
1005
16
1001
ACAD_DSTYLE_DIM_EXT2_LINETYPE
1070
   382
1005
16
  0
DIMENSION
  5
EC
102
{ACAD_XDICTIONARY
360
ED
102
}
330
1F
100
AcDbEntity
  8
NoLayerName_001
  6
Continuous
 62
     2
370
    25
100
AcDbDimension
  2
*D9
 10
-17.16016182459107
 20
3.432032364918216
 30
0.0
 11
51.8112272532214
 21
-10.36224545064428
 31
0.0
 70
   163
 71
     5
 42
34.99999999999994
  3
Standard
100
AcDbDiametricDimension
 15
17.16016182459107
 25
-3.432032364918216
 35
0.0
 40
0.0
1001
ACAD_DSTYLE_DIMRADIAL_EXTENSION
1070
   387
1070
     1
1070
   388
1040
0.0
1070
   390
1040
6.283185307179586
1001
ACAD
1000
DSTYLE
1002
{
1070
   347
1005
15
1070
   372
1070
    25
1070
   346
1005
16
1070
   371
1070
    25
1070
   345
1005
16
1070
   178
1070
     0
1070
   177
1070
     0
1070
   176
1070
     0
1070
     3
1000
<>åä
1070
    47
1040
0.0
1070
    48
1040
0.0
1070
    78
1070
     8
1070
   271
1070
     3
1070
   141
1040
0.0
1070
    41
1040
2.7
1070
   342
1005
C8
1070
    76
1070
     1
1070
    75
1070
     1
1070
    42
1040
1.0
1070
    44
1040
1.5
1070
   147
1040
1.0
1070
   140
1040
4.5
1002
}
1001
ACAD_DSTYLE_DIM_LINETYPE
1070
   380
1005
16
1001
ACAD_DSTYLE_DIM_EXT1_LINETYPE
1070
   381
1005
16
1001
ACAD_DSTYLE_DIM_EXT2_LINETYPE
1070
   382
1005
15
  0
DIMENSION
  5
FA
102
{ACAD_XDICTIONARY
360
FB
102
}
330
1F
100
AcDbEntity
  8
NoLayerName_001
  6
Continuous
 62
     2
370
    25
100
AcDbDimension
  2
*D10
 10
-26.21721697193308
 20
-9.831456364474905
 30
0.0
 11
53.87123140170863
 21
20.20171177564074
 31
0.0
 70
   163
  1
Ço.Çb.Çc.<>
 71
     5
 42
55.99999999999964
  3
Standard
100
AcDbDiametricDimension
 15
26.21721697193308
 25
9.831456364474905
 35
0.0
 40
0.0
1001
ACAD_DSTYLE_DIMRADIAL_EXTENSION
1070
   387
1070
     1
1070
   388
1040
0.0
1070
   390
1040
6.283185307179586
1001
ACAD
1000
DSTYLE
1002
{
1070
   347
1005
15
1070
   372
1070
    25
1070
   346
1005
16
1070
   371
1070
    25
1070
   345
1005
16
1070
   178
1070
     0
1070
   177
1070
     0
1070
   176
1070
     0
1070
     3
1000
<>
1070
    47
1040
0.0
1070
    48
1040
0.0
1070
    78
1070
     8
1070
   271
1070
     3
1070
   141
1040
0.0
1070
    41
1040
2.7
1070
   342
1005
C8
1070
    76
1070
     1
1070
    75
1070
     1
1070
    42
1040
1.0
1070
    44
1040
1.5
1070
   147
1040
1.0
1070
   140
1040
4.5
1002
}
1001
ACAD_DSTYLE_DIM_LINETYPE
1070
   380
1005
16
1001
ACAD_DSTYLE_DIM_EXT1_LINETYPE
1070
   381
1005
16
1001
ACAD_DSTYLE_DIM_EXT2_LINETYPE
1070
   382
1005
15
  0
DIMENSION
  5
107
102
{ACAD_XDICTIONARY
360
108
102
}
330
1F
100
AcDbEntity
  8
NoLayerName_001
  6
Continuous
 62
     2
370
    25
100
AcDbDimension
  2
*D12
 10
18.11053695277353
 20
15.62776382619293
 30
0.0
 11
50.31828571428571
 21
45.0
 31
0.0
 70
   163
 71
     5
 42
8.999999999999943
  3
Standard
100
AcDbDiametricDimension
 15
21.48744279367254
 25
23.97021592025383
 35
0.0
 40
0.0
1001
ACAD_DSTYLE_DIMRADIAL_EXTENSION
1070
   387
1070
     1
1070
   388
1040
0.0
1070
   390
1040
0.0
1001
ACAD
1000
DSTYLE
1002
{
1070
   347
1005
15
1070
   372
1070
    25
1070
   346
1005
16
1070
   371
1070
    25
1070
   345
1005
16
1070
   178
1070
     0
1070
   177
1070
     0
1070
   176
1070
     0
1070
     3
1000
4Å~<>ÉLÉäÉgÉIÉV
1070
   172
1070
     0
1070
    77
1070
     3
1070
    74
1070
     1
1070
    73
1070
     1
1070
    47
1040
0.0
1070
    48
1040
0.0
1070
    78
1070
     8
1070
   271
1070
     3
1070
   141
1040
0.0
1070
    41
1040
2.7
1070
   344
1005
C8
1070
   343
1005
109
1070
   173
1070
     1
1070
    76
1070
     1
1070
    75
1070
     1
1070
    42
1040
1.0
1070
    44
1040
1.5
1070
   147
1040
1.0
1070
   140
1040
4.5
1002
}
1001
ACAD_DSTYLE_DIM_LINETYPE
1070
   380
1005
16
1001
ACAD_DSTYLE_DIM_EXT1_LINETYPE
1070
   381
1005
16
1001
ACAD_DSTYLE_DIM_EXT2_LINETYPE
1070
   382
1005
15
  0
LINE
  5
115
330
1F
100
AcDbEntity
  8
NoLayerName_001
  6
Continuous
 62
     7
370
    50
100
AcDbLine
 10
130.0
 20
38.0
 30
0.0
 11
130.0
 21
-38.0
 31
0.0
  0
DIMENSION
  5
116
102
{ACAD_XDICTIONARY
360
117
102
}
330
1F
100
AcDbEntity
  8
NoLayerName_001
  6
Continuous
 62
     2
370
    25
100
AcDbDimension
  2
*D13
 10
105.0
 20
38.0
 30
0.0
 11
105.0
 21
-0.0000000983506325
 31
0.0
 70
   160
 71
     5
 42
76.0
  3
Standard
100
AcDbAlignedDimension
 13
130.0
 23
-38.0
 33
0.0
 14
130.0
 24
38.0
 34
0.0
 50
90.0
100
AcDbRotatedDimension
1001
ACAD
1000
DSTYLE
1002
{
1070
   347
1005
16
1070
   372
1070
    25
1070
   346
1005
16
1070
   371
1070
    25
1070
   345
1005
16
1070
   178
1070
     0
1070
   177
1070
     0
1070
   176
1070
     0
1070
     3
1000
%%c<>
1070
    47
1040
0.0
1070
    48
1040
0.0
1070
    78
1070
     8
1070
   271
1070
     3
1070
    41
1040
2.7
1070
   342
1005
C8
1070
    42
1040
1.0
1070
    44
1040
1.5
1070
   147
1040
1.0
1070
   140
1040
4.5
1002
}
1001
ACAD_DSTYLE_DIM_LINETYPE
1070
   380
1005
16
1001
ACAD_DSTYLE_DIM_EXT1_LINETYPE
1070
   381
1005
16
1001
ACAD_DSTYLE_DIM_EXT2_LINETYPE
1070
   382
1005
16
  0
INSERT
  5
12F
330
1F
100
AcDbEntity
  8
NoLayerName_001
  6
Continuous
 62
     2
370
    25
100
AcDbBlockReference
  2
DIM_0004
 10
73.03012466430664
 20
-51.29447555541992
 30
0.0
  0
LINE
  5
130
330
1F
100
AcDbEntity
  8
NoLayerName_001
  6
Continuous
 62
     7
370
    50
100
AcDbLine
 10
130.0
 20
-38.0
 30
0.0
 11
137.0
 21
-38.0
 31
0.0
  0
LINE
  5
131
330
1F
100
AcDbEntity
  8
NoLayerName_001
  6
Continuous
 62
     7
370
    50
100
AcDbLine
 10
137.0
 20
38.0
 30
0.0
 11
130.0
 21
38.0
 31
0.0
  0
LINE
  5
132
330
1F
100
AcDbEntity
  8
NoLayerName_001
  6
Continuous
 62
     7
370
    50
100
AcDbLine
 10
137.0
 20
38.0
 30
0.0
 11
137.0
 21
-38.0
 31
0.0
  0
LINE
  5
133
330
1F
100
AcDbEntity
  8
NoLayerName_001
  6
DASHED
 62
     7
370
    25
100
AcDbLine
 10
137.0
 20
17.49999999999997
 30
0.0
 11
130.0
 21
17.49999999999997
 31
0.0
  0
LINE
  5
134
330
1F
100
AcDbEntity
  8
NoLayerName_001
  6
DASHED
 62
     7
370
    25
100
AcDbLine
 10
130.0
 20
-17.49999999999997
 30
0.0
 11
137.0
 21
-17.49999999999997
 31
0.0
  0
LINE
  5
135
330
1F
100
AcDbEntity
  8
NoLayerName_001
  6
DASHED
 62
     7
370
    25
100
AcDbLine
 10
137.0000000000002
 20
24.29898987322336
 30
0.0
 11
130.0000000000002
 21
24.29898987322336
 31
0.0
  0
LINE
  5
136
330
1F
100
AcDbEntity
  8
NoLayerName_001
  6
DASHED
 62
     7
370
    25
100
AcDbLine
 10
130.0000000000002
 20
15.29898987322342
 30
0.0
 11
137.0000000000002
 21
15.29898987322342
 31
0.0
  0
LINE
  5
137
330
1F
100
AcDbEntity
  8
NoLayerName_001
  6
DASHED
 62
     7
370
    25
100
AcDbLine
 10
137.0000000000002
 20
-15.2989898732233
 30
0.0
 11
130.0000000000002
 21
-15.2989898732233
 31
0.0
  0
LINE
  5
138
330
1F
100
AcDbEntity
  8
NoLayerName_001
  6
DASHED
 62
     7
370
    25
100
AcDbLine
 10
130.0000000000002
 20
-24.29898987322325
 30
0.0
 11
137.0000000000002
 21
-24.29898987322325
 31
0.0
  0
LINE
  5
139
330
1F
100
AcDbEntity
  8
NoLayerName_001
  6
CENTER
 62
     8
370
    25
100
AcDbLine
 10
124.7534956932068
 20
19.79898987322341
 30
0.0
 11
141.2919063568115
 21
19.79898987322341
 31
0.0
  0
LINE
  5
13A
330
1F
100
AcDbEntity
  8
NoLayerName_001
  6
CENTER
 62
     8
370
    25
100
AcDbLine
 10
124.7534956932068
 20
0.0000000000000003
 30
0.0
 11
141.2919063568115
 21
-0.0000000000000005
 31
0.0
  0
LINE
  5
13B
330
1F
100
AcDbEntity
  8
NoLayerName_001
  6
CENTER
 62
     8
370
    25
100
AcDbLine
 10
124.7534956932068
 20
-19.79898987322326
 30
0.0
 11
141.2919063568115
 21
-19.79898987322326
 31
0.0
  0
DIMENSION
  5
13C
102
{ACAD_XDICTIONARY
360
13D
102
}
330
1F
100
AcDbEntity
  8
NoLayerName_001
  6
Continuous
 62
     2
370
    25
100
AcDbDimension
  2
*D15
 10
130.0
 20
-70.0
 30
0.0
 11
152.6785714285714
 21
-70.0
 31
0.0
 70
   160
 71
     5
 42
7.0
  3
Standard
100
AcDbAlignedDimension
 13
137.0
 23
-38.0
 33
0.0
 14
130.0
 24
-38.0
 34
0.0
 50
180.0
100
AcDbRotatedDimension
1001
ACAD
1000
DSTYLE
1002
{
1070
   347
1005
16
1070
   372
1070
    25
1070
   346
1005
16
1070
   371
1070
    25
1070
   345
1005
16
1070
   178
1070
     0
1070
   177
1070
     0
1070
   176
1070
     0
1070
   146
1040
0.7999999788072374
1070
    47
1040
0.01
1070
    48
1040
0.01
1070
   283
1070
     1
1070
    71
1070
     1
1070
    78
1070
     8
1070
   271
1070
     3
1070
    41
1040
2.7
1070
   342
1005
C8
1070
    42
1040
1.0
1070
    44
1040
1.5
1070
   147
1040
1.0
1070
   140
1040
4.5
1002
}
1001
ACAD_DSTYLE_DIM_LINETYPE
1070
   380
1005
16
1001
ACAD_DSTYLE_DIM_EXT1_LINETYPE
1070
   381
1005
16
1001
ACAD_DSTYLE_DIM_EXT2_LINETYPE
1070
   382
1005
16
  0
INSERT
  5
14D
330
1F
100
AcDbEntity
  8
NoLayerName_001
  6
Continuous
 62
     2
370
    25
100
AcDbBlockReference
  2
DIM_0001
 10
84.60547256469727
 20
-70.0
 30
0.0
  0
INSERT
  5
14E
330
1F
100
AcDbEntity
  8
NoLayerName_001
  6
Continuous
 62
     2
370
    25
100
AcDbBlockReference
  2
DIM_0002
 10
137.0
 20
-47.04818344116211
 30
0.0
  0
INSERT
  5
14F
330
1F
100
AcDbEntity
  8
NoLayerName_001
  6
Continuous
 62
     2
370
    25
100
AcDbBlockReference
  2
DIM_0003
 10
137.0
 20
-60.39409637451172
 30
0.0
  0
LINE
  5
150
330
1F
100
AcDbEntity
  8
NoLayerName_002
  6
Continuous
 62
     4
370
    50
100
AcDbLine
 10
77.0
 20
-118.0
 30
0.0
 11
265.0
 21
-118.0
 31
0.0
  0
LINE
  5
151
330
1F
100
AcDbEntity
  8
NoLayerName_002
  6
Continuous
 62
     4
370
    25
100
AcDbLine
 10
77.0
 20
-130.0
 30
0.0
 11
265.0
 21
-130.0
 31
0.0
  0
LINE
  5
152
330
1F
100
AcDbEntity
  8
NoLayerName_002
  6
Continuous
 62
     4
370
    25
100
AcDbLine
 10
77.0
 20
119.0
 30
0.0
 11
255.0
 21
119.0
 31
0.0
  0
LINE
  5
153
330
1F
100
AcDbEntity
  8
NoLayerName_002
  6
Continuous
 62
     4
370
    25
100
AcDbLine
 10
77.0
 20
110.0
 30
0.0
 11
255.0
 21
110.0
 31
0.0
  0
LINE
  5
154
330
1F
100
AcDbEntity
  8
NoLayerName_002
  6
Continuous
 62
     4
370
    25
100
AcDbLine
 10
166.0
 20
119.0
 30
0.0
 11
166.0
 21
101.0
 31
0.0
  0
LINE
  5
155
330
1F
100
AcDbEntity
  8
NoLayerName_002
  6
Continuous
 62
     4
370
    25
100
AcDbLine
 10
248.0
 20
128.0
 30
0.0
 11
248.0
 21
101.0
 31
0.0
  0
LINE
  5
156
330
1F
100
AcDbEntity
  8
NoLayerName_002
  6
Continuous
 62
     4
370
    25
100
AcDbLine
 10
159.0
 20
119.0
 30
0.0
 11
159.0
 21
101.0
 31
0.0
  0
LINE
  5
157
330
1F
100
AcDbEntity
  8
NoLayerName_002
  6
Continuous
 62
     4
370
    25
100
AcDbLine
 10
152.0
 20
119.0
 30
0.0
 11
152.0
 21
101.0
 31
0.0
  0
LINE
  5
158
330
1F
100
AcDbEntity
  8
NoLayerName_002
  6
Continuous
 62
     4
370
    25
100
AcDbLine
 10
179.0
 20
119.0
 30
0.0
 11
179.0
 21
101.0
 31
0.0
  0
LINE
  5
159
330
1F
100
AcDbEntity
  8
NoLayerName_002
  6
Continuous
 62
     4
370
    25
100
AcDbLine
 10
192.0
 20
119.0
 30
0.0
 11
192.0
 21
101.0
 31
0.0
  0
LINE
  5
15A
330
1F
100
AcDbEntity
  8
NoLayerName_002
  6
Continuous
 62
     4
370
    25
100
AcDbLine
 10
90.0
 20
128.0
 30
0.0
 11
90.0
 21
101.0
 31
0.0
  0
LINE
  5
15B
330
1F
100
AcDbEntity
  8
NoLayerName_002
  6
Continuous
 62
     4
370
    25
100
AcDbLine
 10
103.0
 20
128.0
 30
0.0
 11
103.0
 21
101.0
 31
0.0
  0
LINE
  5
15C
330
1F
100
AcDbEntity
  8
NoLayerName_002
  6
DASHED
 62
     4
370
    25
100
AcDbLine
 10
103.0
 20
114.5
 30
0.0
 11
152.0
 21
114.5
 31
0.0
  0
LINE
  5
15D
330
1F
100
AcDbEntity
  8
NoLayerName_002
  6
DASHED
 62
     4
370
    25
100
AcDbLine
 10
192.0
 20
105.5
 30
0.0
 11
241.0
 21
105.5
 31
0.0
  0
LINE
  5
15E
330
1F
100
AcDbEntity
  8
NoLayerName_002
  6
DASHED
 62
     4
370
    25
100
AcDbLine
 10
192.0
 20
114.5
 30
0.0
 11
241.0
 21
114.5
 31
0.0
  0
LINE
  5
15F
330
1F
100
AcDbEntity
  8
NoLayerName_002
  6
DASHED
 62
     4
370
    25
100
AcDbLine
 10
103.0
 20
105.5
 30
0.0
 11
152.0
 21
105.5
 31
0.0
  0
LINE
  5
160
330
1F
100
AcDbEntity
  8
NoLayerName_002
  6
Continuous
 62
     4
370
    25
100
AcDbLine
 10
255.0
 20
63.0
 30
0.0
 11
265.0
 21
63.0
 31
0.0
  0
LINE
  5
161
330
1F
100
AcDbEntity
  8
NoLayerName_002
  6
DASHED
 62
     4
370
    25
100
AcDbLine
 10
255.0
 20
123.0
 30
0.0
 11
265.0
 21
123.0
 31
0.0
  0
LINE
  5
162
330
1F
100
AcDbEntity
  8
NoLayerName_002
  6
Continuous
 62
     4
370
    25
100
AcDbLine
 10
230.0
 20
-82.0
 30
0.0
 11
230.0
 21
-143.0
 31
0.0
  0
LINE
  5
163
330
1F
100
AcDbEntity
  8
NoLayerName_002
  6
Continuous
 62
     4
370
    25
100
AcDbLine
 10
253.0
 20
-82.0
 30
0.0
 11
253.0
 21
-118.0
 31
0.0
  0
LINE
  5
164
330
1F
100
AcDbEntity
  8
NoLayerName_002
  6
Continuous
 62
     4
370
    25
100
AcDbLine
 10
230.0
 20
-82.0
 30
0.0
 11
265.0
 21
-82.0
 31
0.0
  0
LINE
  5
165
330
1F
100
AcDbEntity
  8
NoLayerName_002
  6
Continuous
 62
     4
370
    25
100
AcDbLine
 10
230.0
 20
-88.0
 30
0.0
 11
265.0
 21
-88.0
 31
0.0
  0
LINE
  5
166
330
1F
100
AcDbEntity
  8
NoLayerName_002
  6
Continuous
 62
     4
370
    25
100
AcDbLine
 10
230.0
 20
-94.0
 30
0.0
 11
265.0
 21
-94.0
 31
0.0
  0
LINE
  5
167
330
1F
100
AcDbEntity
  8
NoLayerName_002
  6
Continuous
 62
     4
370
    25
100
AcDbLine
 10
230.0
 20
-100.0
 30
0.0
 11
265.0
 21
-100.0
 31
0.0
  0
LINE
  5
168
330
1F
100
AcDbEntity
  8
NoLayerName_002
  6
Continuous
 62
     4
370
    25
100
AcDbLine
 10
230.0
 20
-106.0
 30
0.0
 11
265.0
 21
-106.0
 31
0.0
  0
LINE
  5
169
330
1F
100
AcDbEntity
  8
NoLayerName_002
  6
Continuous
 62
     4
370
    25
100
AcDbLine
 10
195.0
 20
-118.0
 30
0.0
 11
195.0
 21
-130.0
 31
0.0
  0
LINE
  5
16A
330
1F
100
AcDbEntity
  8
NoLayerName_002
  6
DASHED
 62
     4
370
    25
100
AcDbLine
 10
137.0
 20
-118.0
 30
0.0
 11
137.0
 21
-130.0
 31
0.0
  0
LINE
  5
16B
330
1F
100
AcDbEntity
  8
NoLayerName_002
  6
Continuous
 62
     4
370
    25
100
AcDbLine
 10
137.0
 20
-130.0
 30
0.0
 11
137.0
 21
-143.0
 31
0.0
  0
LINE
  5
16C
330
1F
100
AcDbEntity
  8
NoLayerName_002
  6
Continuous
 62
     4
370
    25
100
AcDbLine
 10
127.0
 20
-118.0
 30
0.0
 11
127.0
 21
-143.0
 31
0.0
  0
LINE
  5
16D
330
1F
100
AcDbEntity
  8
NoLayerName_002
  6
Continuous
 62
     4
370
    25
100
AcDbLine
 10
97.0
 20
-118.0
 30
0.0
 11
97.0
 21
-143.0
 31
0.0
  0
LINE
  5
16E
330
1F
100
AcDbEntity
  8
NoLayerName_002
  6
Continuous
 62
     4
370
    25
100
AcDbLine
 10
87.0
 20
-130.0
 30
0.0
 11
87.0
 21
-143.0
 31
0.0
  0
LINE
  5
16F
330
1F
100
AcDbEntity
  8
NoLayerName_002
  6
Continuous
 62
     4
370
    25
100
AcDbLine
 10
107.0
 20
-130.0
 30
0.0
 11
107.0
 21
-143.0
 31
0.0
  0
LINE
  5
170
330
1F
100
AcDbEntity
  8
NoLayerName_002
  6
Continuous
 62
     4
370
    25
100
AcDbLine
 10
117.0
 20
-130.0
 30
0.0
 11
117.0
 21
-143.0
 31
0.0
  0
LINE
  5
171
330
1F
100
AcDbEntity
  8
NoLayerName_002
  6
Continuous
 62
     4
370
    25
100
AcDbLine
 10
160.0
 20
-130.0
 30
0.0
 11
160.0
 21
-143.0
 31
0.0
  0
LINE
  5
172
330
1F
100
AcDbEntity
  8
NoLayerName_002
  6
Continuous
 62
     4
370
    25
100
AcDbLine
 10
-145.0
 20
-137.0
 30
0.0
 11
-133.0
 21
-137.0
 31
0.0
  0
LINE
  5
173
330
1F
100
AcDbEntity
  8
NoLayerName_002
  6
Continuous
 62
     4
370
    25
100
AcDbLine
 10
-145.0
 20
-143.0
 30
0.0
 11
-133.0
 21
-143.0
 31
0.0
  0
LINE
  5
174
330
1F
100
AcDbEntity
  8
NoLayerName_002
  6
Continuous
 62
     4
370
    25
100
AcDbLine
 10
-145.0
 20
-113.0
 30
0.0
 11
-133.0
 21
-113.0
 31
0.0
  0
LINE
  5
175
330
1F
100
AcDbEntity
  8
NoLayerName_002
  6
Continuous
 62
     4
370
    25
100
AcDbLine
 10
-145.0
 20
-119.0
 30
0.0
 11
-133.0
 21
-119.0
 31
0.0
  0
LINE
  5
176
330
1F
100
AcDbEntity
  8
NoLayerName_002
  6
Continuous
 62
     4
370
    25
100
AcDbLine
 10
-145.0
 20
-125.0
 30
0.0
 11
-133.0
 21
-125.0
 31
0.0
  0
LINE
  5
177
330
1F
100
AcDbEntity
  8
NoLayerName_002
  6
Continuous
 62
     4
370
    25
100
AcDbLine
 10
-145.0
 20
-131.0
 30
0.0
 11
-133.0
 21
-131.0
 31
0.0
  0
LINE
  5
178
330
1F
100
AcDbEntity
  8
NoLayerName_002
  6
Continuous
 62
     4
370
    25
100
AcDbLine
 10
123.0
 20
-143.0
 30
0.0
 11
123.0
 21
-155.0
 31
0.0
  0
LINE
  5
179
330
1F
100
AcDbEntity
  8
NoLayerName_002
  6
Continuous
 62
     4
370
    25
100
AcDbLine
 10
145.0
 20
-143.0
 30
0.0
 11
145.0
 21
-155.0
 31
0.0
  0
LINE
  5
17A
330
1F
100
AcDbEntity
  8
NoLayerName_002
  6
Continuous
 62
     4
370
    25
100
AcDbLine
 10
165.0
 20
-143.0
 30
0.0
 11
165.0
 21
-155.0
 31
0.0
  0
LINE
  5
17B
330
1F
100
AcDbEntity
  8
NoLayerName_002
  6
DASHED
 62
     4
370
    25
100
AcDbLine
 10
173.0
 20
-143.0
 30
0.0
 11
173.0
 21
-155.0
 31
0.0
  0
LINE
  5
17C
330
1F
100
AcDbEntity
  8
NoLayerName_002
  6
Continuous
 62
     4
370
    25
100
AcDbLine
 10
255.0
 20
50.0
 30
0.0
 11
265.0
 21
50.0
 31
0.0
  0
LINE
  5
17D
330
1F
100
AcDbEntity
  8
NoLayerName_002
  6
Continuous
 62
     4
370
    25
100
AcDbLine
 10
171.9999
 20
104.0
 30
0.0
 11
173.9998
 21
106.0
 31
0.0
  0
LINE
  5
17E
330
1F
100
AcDbEntity
  8
NoLayerName_002
  6
Continuous
 62
     4
370
    25
100
AcDbLine
 10
171.9999
 20
106.0
 30
0.0
 11
173.9998
 21
104.0
 31
0.0
  0
LINE
  5
17F
330
1F
100
AcDbEntity
  8
NoLayerName_002
  6
Continuous
 62
     4
370
    25
100
AcDbLine
 10
171.9999
 20
113.0
 30
0.0
 11
173.9998
 21
115.0
 31
0.0
  0
LINE
  5
180
330
1F
100
AcDbEntity
  8
NoLayerName_002
  6
Continuous
 62
     4
370
    25
100
AcDbLine
 10
171.9999
 20
115.0
 30
0.0
 11
173.9998
 21
113.0
 31
0.0
  0
LINE
  5
181
330
1F
100
AcDbEntity
  8
NoLayerName_002
  6
Continuous
 62
     4
370
    25
100
AcDbLine
 10
83.0
 20
104.0
 30
0.0
 11
85.0
 21
106.0
 31
0.0
  0
LINE
  5
182
330
1F
100
AcDbEntity
  8
NoLayerName_002
  6
Continuous
 62
     4
370
    25
100
AcDbLine
 10
83.0
 20
106.0
 30
0.0
 11
85.0
 21
104.0
 31
0.0
  0
LINE
  5
183
330
1F
100
AcDbEntity
  8
NoLayerName_002
  6
Continuous
 62
     4
370
    25
100
AcDbLine
 10
83.0
 20
113.0
 30
0.0
 11
85.0
 21
115.0
 31
0.0
  0
LINE
  5
184
330
1F
100
AcDbEntity
  8
NoLayerName_002
  6
Continuous
 62
     4
370
    25
100
AcDbLine
 10
83.0
 20
115.0
 30
0.0
 11
85.0
 21
113.0
 31
0.0
  0
LINE
  5
185
330
1F
100
AcDbEntity
  8
NoLayerName_002
  6
Continuous
 62
     4
370
    50
100
AcDbLine
 10
77.0
 20
-118.0
 30
0.0
 11
77.0
 21
-143.0
 31
0.0
  0
LINE
  5
186
330
1F
100
AcDbEntity
  8
NoLayerName_002
  6
Continuous
 62
     4
370
    25
100
AcDbLine
 10
230.0
 20
-112.0
 30
0.0
 11
265.0
 21
-112.0
 31
0.0
  0
LINE
  5
187
330
1F
100
AcDbEntity
  8
NoLayerName_002
  6
Continuous
 62
     4
370
    25
100
AcDbLine
 10
77.0
 20
-143.0
 30
0.0
 11
265.0
 21
-143.0
 31
0.0
  0
LINE
  5
188
330
1F
100
AcDbEntity
  8
NoLayerName_002
  6
Continuous
 62
     4
370
    25
100
AcDbLine
 10
87.27099999999999
 20
-121.431
 30
0.0
 11
87.27099999999999
 21
-123.431
 31
0.0
  0
LINE
  5
189
330
1F
100
AcDbEntity
  8
NoLayerName_002
  6
Continuous
 62
     4
370
    25
100
AcDbLine
 10
95.27099999999999
 20
-124.431
 30
0.0
 11
87.27099999999999
 21
-123.431
 31
0.0
  0
LINE
  5
18A
330
1F
100
AcDbEntity
  8
NoLayerName_002
  6
Continuous
 62
     4
370
    25
100
AcDbLine
 10
87.27099999999999
 20
-121.431
 30
0.0
 11
95.27099999999999
 21
-120.431
 31
0.0
  0
LINE
  5
18B
330
1F
100
AcDbEntity
  8
NoLayerName_002
  6
Continuous
 62
     4
370
    25
100
AcDbLine
 10
95.27099999999999
 20
-124.431
 30
0.0
 11
95.27099999999999
 21
-120.431
 31
0.0
  0
LINE
  5
18C
330
1F
100
AcDbEntity
  8
NoLayerName_002
  6
Continuous
 62
     4
370
    25
100
AcDbLine
 10
78.82900000000001
 20
-122.431
 30
0.0
 11
95.85300000000001
 21
-122.431
 31
0.0
  0
LINE
  5
18D
330
1F
100
AcDbEntity
  8
NoLayerName_002
  6
Continuous
 62
     4
370
    25
100
AcDbLine
 10
82.77099999999999
 20
-119.3412
 30
0.0
 11
82.77099999999999
 21
-125.5208
 31
0.0
  0
LINE
  5
18E
330
1F
100
AcDbEntity
  8
NoLayerName_002
  6
Continuous
 62
     4
370
    25
100
AcDbLine
 10
-145.0
 20
-107.0
 30
0.0
 11
-133.0
 21
-107.0
 31
0.0
  0
LINE
  5
18F
330
1F
100
AcDbEntity
  8
NoLayerName_002
  6
Continuous
 62
     4
370
    25
100
AcDbLine
 10
-145.0
 20
-101.0
 30
0.0
 11
-133.0
 21
-101.0
 31
0.0
  0
LINE
  5
190
330
1F
100
AcDbEntity
  8
NoLayerName_002
  6
Continuous
 62
     4
370
    25
100
AcDbLine
 10
-145.0
 20
-95.0
 30
0.0
 11
-133.0
 21
-95.0
 31
0.0
  0
LINE
  5
191
330
1F
100
AcDbEntity
  8
NoLayerName_002
  6
Continuous
 62
     4
370
    25
100
AcDbLine
 10
-145.0
 20
-89.0
 30
0.0
 11
-133.0
 21
-89.0
 31
0.0
  0
LINE
  5
192
330
1F
100
AcDbEntity
  8
NoLayerName_002
  6
Continuous
 62
     4
370
    25
100
AcDbLine
 10
-140.0
 20
-83.0
 30
0.0
 11
-140.0
 21
-143.0
 31
0.0
  0
LINE
  5
193
330
1F
100
AcDbEntity
  8
NoLayerName_002
  6
Continuous
 62
     4
370
    25
100
AcDbLine
 10
255.0
 20
128.0
 30
0.0
 11
255.0
 21
101.0
 31
0.0
  0
LINE
  5
194
330
1F
100
AcDbEntity
  8
NoLayerName_002
  6
Continuous
 62
     4
370
    25
100
AcDbLine
 10
107.667
 20
-143.0
 30
0.0
 11
107.667
 21
-155.0
 31
0.0
  0
LINE
  5
195
330
1F
100
AcDbEntity
  8
NoLayerName_002
  6
Continuous
 62
     4
370
    25
100
AcDbLine
 10
92.333
 20
-143.0
 30
0.0
 11
92.333
 21
-155.0
 31
0.0
  0
LINE
  5
196
330
1F
100
AcDbEntity
  8
NoLayerName_002
  6
Continuous
 62
     4
370
    50
100
AcDbLine
 10
77.0
 20
-155.0
 30
0.0
 11
77.0
 21
-143.0
 31
0.0
  0
LINE
  5
197
330
1F
100
AcDbEntity
  8
NoLayerName_002
  6
Continuous
 62
     4
370
   100
100
AcDbLine
 10
63.0
 20
-156.99994
 30
0.0
 11
63.0
 21
-162.0
 31
0.0
  0
LINE
  5
198
330
1F
100
AcDbEntity
  8
NoLayerName_002
  6
Continuous
 62
     4
370
   100
100
AcDbLine
 10
63.0
 20
-156.99994
 30
0.0
 11
65.0
 21
-158.99998
 31
0.0
  0
LINE
  5
199
330
1F
100
AcDbEntity
  8
NoLayerName_002
  6
Continuous
 62
     4
370
   100
100
AcDbLine
 10
63.0
 20
-156.99993
 30
0.0
 11
61.0
 21
-158.99997
 31
0.0
  0
LINE
  5
19A
330
1F
100
AcDbEntity
  8
NoLayerName_002
  6
Continuous
 62
     4
370
   100
100
AcDbLine
 10
266.99998
 20
-13.5
 30
0.0
 11
272.0
 21
-13.5
 31
0.0
  0
LINE
  5
19B
330
1F
100
AcDbEntity
  8
NoLayerName_002
  6
Continuous
 62
     4
370
   100
100
AcDbLine
 10
266.99998
 20
-13.5
 30
0.0
 11
268.99988
 21
-11.5
 31
0.0
  0
LINE
  5
19C
330
1F
100
AcDbEntity
  8
NoLayerName_002
  6
Continuous
 62
     4
370
   100
100
AcDbLine
 10
266.99998
 20
-13.5
 30
0.0
 11
268.99987
 21
-15.5
 31
0.0
  0
LINE
  5
19D
330
1F
100
AcDbEntity
  8
NoLayerName_002
  6
Continuous
 62
     4
370
   100
100
AcDbLine
 10
63.0
 20
134.0
 30
0.0
 11
63.0
 21
129.0
 31
0.0
  0
LINE
  5
19E
330
1F
100
AcDbEntity
  8
NoLayerName_002
  6
Continuous
 62
     4
370
   100
100
AcDbLine
 10
63.0
 20
129.0
 30
0.0
 11
65.0
 21
131.0
 31
0.0
  0
LINE
  5
19F
330
1F
100
AcDbEntity
  8
NoLayerName_002
  6
Continuous
 62
     4
370
   100
100
AcDbLine
 10
61.0
 20
130.999
 30
0.0
 11
63.0
 21
129.0
 31
0.0
  0
LINE
  5
1A0
330
1F
100
AcDbEntity
  8
NoLayerName_002
  6
Continuous
 62
     4
370
   100
100
AcDbLine
 10
-142.0
 20
-13.5
 30
0.0
 11
-135.0
 21
-13.5
 31
0.0
  0
LINE
  5
1A1
330
1F
100
AcDbEntity
  8
NoLayerName_002
  6
Continuous
 62
     4
370
   100
100
AcDbLine
 10
-137.0
 20
-11.5
 30
0.0
 11
-135.0
 21
-13.5
 31
0.0
  0
LINE
  5
1A2
330
1F
100
AcDbEntity
  8
NoLayerName_002
  6
Continuous
 62
     4
370
   100
100
AcDbLine
 10
-135.0
 20
-13.5
 30
0.0
 11
-137.0
 21
-15.5
 31
0.0
  0
LINE
  5
1A3
330
1F
100
AcDbEntity
  8
NoLayerName_002
  6
Continuous
 62
     4
370
    25
100
AcDbLine
 10
181.0
 20
-154.0
 30
0.0
 11
181.0
 21
-155.0
 31
0.0
  0
LINE
  5
1A4
330
1F
100
AcDbEntity
  8
NoLayerName_002
  6
Continuous
 62
     4
370
    25
100
AcDbLine
 10
189.0
 20
-154.0
 30
0.0
 11
189.0
 21
-155.0
 31
0.0
  0
LINE
  5
1A5
330
1F
100
AcDbEntity
  8
NoLayerName_002
  6
Continuous
 62
     4
370
    25
100
AcDbLine
 10
205.0
 20
-154.0
 30
0.0
 11
205.0
 21
-155.0
 31
0.0
  0
LINE
  5
1A6
330
1F
100
AcDbEntity
  8
NoLayerName_002
  6
Continuous
 62
     4
370
    25
100
AcDbLine
 10
221.0
 20
-154.0
 30
0.0
 11
221.0
 21
-155.0
 31
0.0
  0
LINE
  5
1A7
330
1F
100
AcDbEntity
  8
NoLayerName_002
  6
Continuous
 62
     4
370
    25
100
AcDbLine
 10
229.0
 20
-154.0
 30
0.0
 11
229.0
 21
-155.0
 31
0.0
  0
LINE
  5
1A8
330
1F
100
AcDbEntity
  8
NoLayerName_002
  6
Continuous
 62
     4
370
    25
100
AcDbLine
 10
237.0
 20
-154.0
 30
0.0
 11
237.0
 21
-155.0
 31
0.0
  0
LINE
  5
1A9
330
1F
100
AcDbEntity
  8
NoLayerName_002
  6
Continuous
 62
     4
370
    25
100
AcDbLine
 10
253.0
 20
-154.0
 30
0.0
 11
253.0
 21
-155.0
 31
0.0
  0
LINE
  5
1AA
330
1F
100
AcDbEntity
  8
NoLayerName_002
  6
Continuous
 62
     4
370
    25
100
AcDbLine
 10
197.0
 20
-154.0
 30
0.0
 11
197.0
 21
-155.0
 31
0.0
  0
LINE
  5
1AB
330
1F
100
AcDbEntity
  8
NoLayerName_002
  6
Continuous
 62
     4
370
    25
100
AcDbLine
 10
213.0
 20
-154.0
 30
0.0
 11
213.0
 21
-155.0
 31
0.0
  0
LINE
  5
1AC
330
1F
100
AcDbEntity
  8
NoLayerName_002
  6
Continuous
 62
     4
370
    25
100
AcDbLine
 10
245.0
 20
-154.0
 30
0.0
 11
245.0
 21
-155.0
 31
0.0
  0
LINE
  5
1AD
330
1F
100
AcDbEntity
  8
NoLayerName_002
  6
Continuous
 62
     4
370
    25
100
AcDbLine
 10
189.1997
 20
-129.0
 30
0.0
 11
189.1997
 21
-130.0
 31
0.0
  0
LINE
  5
1AE
330
1F
100
AcDbEntity
  8
NoLayerName_002
  6
Continuous
 62
     4
370
    25
100
AcDbLine
 10
183.3999
 20
-128.0
 30
0.0
 11
183.3999
 21
-130.0
 31
0.0
  0
LINE
  5
1AF
330
1F
100
AcDbEntity
  8
NoLayerName_002
  6
Continuous
 62
     4
370
    25
100
AcDbLine
 10
177.5999
 20
-129.0
 30
0.0
 11
177.5999
 21
-130.0
 31
0.0
  0
LINE
  5
1B0
330
1F
100
AcDbEntity
  8
NoLayerName_002
  6
Continuous
 62
     4
370
    25
100
AcDbLine
 10
171.7998
 20
-128.0
 30
0.0
 11
171.7998
 21
-130.0
 31
0.0
  0
LINE
  5
1B1
330
1F
100
AcDbEntity
  8
NoLayerName_002
  6
Continuous
 62
     4
370
    25
100
AcDbLine
 10
165.9998
 20
-129.0
 30
0.0
 11
165.9998
 21
-130.0
 31
0.0
  0
LINE
  5
1B2
330
1F
100
AcDbEntity
  8
NoLayerName_002
  6
Continuous
 62
     4
370
    25
100
AcDbLine
 10
160.2
 20
-128.0
 30
0.0
 11
160.2
 21
-130.0
 31
0.0
  0
LINE
  5
1B3
330
1F
100
AcDbEntity
  8
NoLayerName_002
  6
Continuous
 62
     4
370
    25
100
AcDbLine
 10
154.4
 20
-129.0
 30
0.0
 11
154.4
 21
-130.0
 31
0.0
  0
LINE
  5
1B4
330
1F
100
AcDbEntity
  8
NoLayerName_002
  6
Continuous
 62
     4
370
    25
100
AcDbLine
 10
148.6
 20
-128.0
 30
0.0
 11
148.6
 21
-130.0
 31
0.0
  0
LINE
  5
1B5
330
1F
100
AcDbEntity
  8
NoLayerName_002
  6
Continuous
 62
     4
370
    25
100
AcDbLine
 10
142.8
 20
-129.0
 30
0.0
 11
142.8
 21
-130.0
 31
0.0
  0
LINE
  5
1B6
330
1F
100
AcDbEntity
  8
NoLayerName_002
  6
Continuous
 62
     4
370
    25
100
AcDbLine
 10
264.0
 20
-76.0
 30
0.0
 11
265.0
 21
-76.0
 31
0.0
  0
LINE
  5
1B7
330
1F
100
AcDbEntity
  8
NoLayerName_002
  6
Continuous
 62
     4
370
    25
100
AcDbLine
 10
264.0
 20
-70.0
 30
0.0
 11
265.0
 21
-70.0
 31
0.0
  0
LINE
  5
1B8
330
1F
100
AcDbEntity
  8
NoLayerName_002
  6
Continuous
 62
     4
370
    25
100
AcDbLine
 10
264.0
 20
-64.0
 30
0.0
 11
265.0
 21
-64.0
 31
0.0
  0
LINE
  5
1B9
330
1F
100
AcDbEntity
  8
NoLayerName_002
  6
Continuous
 62
     4
370
    25
100
AcDbLine
 10
264.0
 20
-58.0
 30
0.0
 11
265.0
 21
-58.0
 31
0.0
  0
LINE
  5
1BA
330
1F
100
AcDbEntity
  8
NoLayerName_002
  6
Continuous
 62
     4
370
    25
100
AcDbLine
 10
264.0
 20
-52.0
 30
0.0
 11
265.0
 21
-52.0
 31
0.0
  0
LINE
  5
1BB
330
1F
100
AcDbEntity
  8
NoLayerName_002
  6
Continuous
 62
     4
370
    25
100
AcDbLine
 10
264.0
 20
-46.0
 30
0.0
 11
265.0
 21
-46.0
 31
0.0
  0
LINE
  5
1BC
330
1F
100
AcDbEntity
  8
NoLayerName_002
  6
Continuous
 62
     4
370
    25
100
AcDbLine
 10
264.0
 20
-40.0
 30
0.0
 11
265.0
 21
-40.0
 31
0.0
  0
LINE
  5
1BD
330
1F
100
AcDbEntity
  8
NoLayerName_002
  6
Continuous
 62
     4
370
    25
100
AcDbLine
 10
264.0
 20
-34.0
 30
0.0
 11
265.0
 21
-34.0
 31
0.0
  0
LINE
  5
1BE
330
1F
100
AcDbEntity
  8
NoLayerName_002
  6
Continuous
 62
     4
370
    25
100
AcDbLine
 10
255.0
 20
35.0
 30
0.0
 11
256.0
 21
35.0
 31
0.0
  0
LINE
  5
1BF
330
1F
100
AcDbEntity
  8
NoLayerName_002
  6
Continuous
 62
     4
370
    25
100
AcDbLine
 10
255.0
 20
40.0
 30
0.0
 11
256.0
 21
40.0
 31
0.0
  0
LINE
  5
1C0
330
1F
100
AcDbEntity
  8
NoLayerName_002
  6
Continuous
 62
     4
370
    25
100
AcDbLine
 10
255.0
 20
73.0
 30
0.0
 11
256.0
 21
73.0
 31
0.0
  0
LINE
  5
1C1
330
1F
100
AcDbEntity
  8
NoLayerName_002
  6
Continuous
 62
     4
370
    25
100
AcDbLine
 10
255.0
 20
78.0
 30
0.0
 11
255.5
 21
78.0
 31
0.0
  0
LINE
  5
1C2
330
1F
100
AcDbEntity
  8
NoLayerName_002
  6
Continuous
 62
     4
370
    25
100
AcDbLine
 10
255.0
 20
83.0
 30
0.0
 11
256.0
 21
83.0
 31
0.0
  0
LINE
  5
1C3
330
1F
100
AcDbEntity
  8
NoLayerName_002
  6
Continuous
 62
     4
370
    25
100
AcDbLine
 10
255.0
 20
88.0
 30
0.0
 11
256.0
 21
88.0
 31
0.0
  0
LINE
  5
1C4
330
1F
100
AcDbEntity
  8
NoLayerName_002
  6
Continuous
 62
     4
370
    25
100
AcDbLine
 10
255.0
 20
93.0
 30
0.0
 11
256.0
 21
93.0
 31
0.0
  0
LINE
  5
1C5
330
1F
100
AcDbEntity
  8
NoLayerName_002
  6
Continuous
 62
     4
370
    25
100
AcDbLine
 10
255.0
 20
103.0
 30
0.0
 11
256.0
 21
103.0
 31
0.0
  0
LINE
  5
1C6
330
1F
100
AcDbEntity
  8
NoLayerName_002
  6
Continuous
 62
     4
370
    25
100
AcDbLine
 10
255.0
 20
113.0
 30
0.0
 11
256.0
 21
113.0
 31
0.0
  0
LINE
  5
1C7
330
1F
100
AcDbEntity
  8
NoLayerName_002
  6
Continuous
 62
     4
370
    25
100
AcDbLine
 10
255.0
 20
118.0
 30
0.0
 11
256.0
 21
118.0
 31
0.0
  0
LINE
  5
1C8
330
1F
100
AcDbEntity
  8
NoLayerName_002
  6
Continuous
 62
     4
370
    25
100
AcDbLine
 10
255.0
 20
108.0
 30
0.0
 11
256.0
 21
108.0
 31
0.0
  0
LINE
  5
1C9
330
1F
100
AcDbEntity
  8
NoLayerName_002
  6
Continuous
 62
     4
370
    25
100
AcDbLine
 10
255.0
 20
98.0
 30
0.0
 11
256.0
 21
98.0
 31
0.0
  0
LINE
  5
1CA
330
1F
100
AcDbEntity
  8
NoLayerName_002
  6
Continuous
 62
     4
370
    25
100
AcDbLine
 10
255.0
 20
78.0
 30
0.0
 11
256.0
 21
78.0
 31
0.0
  0
LINE
  5
1CB
330
1F
100
AcDbEntity
  8
NoLayerName_002
  6
Continuous
 62
     4
370
    25
100
AcDbLine
 10
-133.0
 20
-148.0
 30
0.0
 11
-131.8
 21
-148.0
 31
0.0
  0
LINE
  5
1CC
330
1F
100
AcDbEntity
  8
NoLayerName_002
  6
Continuous
 62
     4
370
    25
100
AcDbLine
 10
-133.0
 20
-142.0
 30
0.0
 11
-131.8
 21
-142.0
 31
0.0
  0
LINE
  5
1CD
330
1F
100
AcDbEntity
  8
NoLayerName_002
  6
Continuous
 62
     4
370
    25
100
AcDbLine
 10
-133.0
 20
-136.0
 30
0.0
 11
-131.8
 21
-136.0
 31
0.0
  0
LINE
  5
1CE
330
1F
100
AcDbEntity
  8
NoLayerName_002
  6
Continuous
 62
     4
370
    25
100
AcDbLine
 10
-133.0
 20
-130.0
 30
0.0
 11
-131.8
 21
-130.0
 31
0.0
  0
LINE
  5
1CF
330
1F
100
AcDbEntity
  8
NoLayerName_002
  6
Continuous
 62
     4
370
    25
100
AcDbLine
 10
-133.0
 20
-124.0
 30
0.0
 11
-131.8
 21
-124.0
 31
0.0
  0
LINE
  5
1D0
330
1F
100
AcDbEntity
  8
NoLayerName_002
  6
Continuous
 62
     4
370
    25
100
AcDbLine
 10
-133.0
 20
-118.0
 30
0.0
 11
-131.8
 21
-118.0
 31
0.0
  0
LINE
  5
1D1
330
1F
100
AcDbEntity
  8
NoLayerName_002
  6
Continuous
 62
     4
370
    25
100
AcDbLine
 10
-133.0
 20
-112.0
 30
0.0
 11
-131.8
 21
-112.0
 31
0.0
  0
LINE
  5
1D2
330
1F
100
AcDbEntity
  8
NoLayerName_002
  6
Continuous
 62
     4
370
    25
100
AcDbLine
 10
-133.0
 20
-106.0
 30
0.0
 11
-131.8
 21
-106.0
 31
0.0
  0
LINE
  5
1D3
330
1F
100
AcDbEntity
  8
NoLayerName_002
  6
Continuous
 62
     4
370
    25
100
AcDbLine
 10
-133.0
 20
-100.0
 30
0.0
 11
-131.8
 21
-100.0
 31
0.0
  0
LINE
  5
1D4
330
1F
100
AcDbEntity
  8
NoLayerName_002
  6
Continuous
 62
     4
370
    25
100
AcDbLine
 10
-133.0
 20
-94.0
 30
0.0
 11
-131.8
 21
-94.0
 31
0.0
  0
LINE
  5
1D5
330
1F
100
AcDbEntity
  8
NoLayerName_002
  6
Continuous
 62
     4
370
    25
100
AcDbLine
 10
-133.0
 20
-88.0
 30
0.0
 11
-131.8
 21
-88.0
 31
0.0
  0
LINE
  5
1D6
330
1F
100
AcDbEntity
  8
NoLayerName_002
  6
Continuous
 62
     4
370
    25
100
AcDbLine
 10
-133.0
 20
-82.0
 30
0.0
 11
-131.8
 21
-82.0
 31
0.0
  0
LINE
  5
1D7
330
1F
100
AcDbEntity
  8
NoLayerName_002
  6
Continuous
 62
     4
370
    25
100
AcDbLine
 10
-133.0
 20
-76.0
 30
0.0
 11
-131.8
 21
-76.0
 31
0.0
  0
LINE
  5
1D8
330
1F
100
AcDbEntity
  8
NoLayerName_002
  6
Continuous
 62
     4
370
    25
100
AcDbLine
 10
-133.0
 20
-70.0
 30
0.0
 11
-131.8
 21
-70.0
 31
0.0
  0
LINE
  5
1D9
330
1F
100
AcDbEntity
  8
NoLayerName_002
  6
Continuous
 62
     4
370
    25
100
AcDbLine
 10
-133.0
 20
-64.0
 30
0.0
 11
-131.8
 21
-64.0
 31
0.0
  0
LINE
  5
1DA
330
1F
100
AcDbEntity
  8
NoLayerName_002
  6
Continuous
 62
     4
370
    25
100
AcDbLine
 10
-133.0
 20
-58.0
 30
0.0
 11
-131.8
 21
-58.0
 31
0.0
  0
LINE
  5
1DB
330
1F
100
AcDbEntity
  8
NoLayerName_002
  6
Continuous
 62
     4
370
    25
100
AcDbLine
 10
-133.0
 20
-52.0
 30
0.0
 11
-131.8
 21
-52.0
 31
0.0
  0
LINE
  5
1DC
330
1F
100
AcDbEntity
  8
NoLayerName_002
  6
Continuous
 62
     4
370
    25
100
AcDbLine
 10
-133.0
 20
-46.0
 30
0.0
 11
-131.8
 21
-46.0
 31
0.0
  0
LINE
  5
1DD
330
1F
100
AcDbEntity
  8
NoLayerName_002
  6
Continuous
 62
     4
370
    25
100
AcDbLine
 10
-133.0
 20
-40.0
 30
0.0
 11
-131.8
 21
-40.0
 31
0.0
  0
LINE
  5
1DE
330
1F
100
AcDbEntity
  8
NoLayerName_002
  6
Continuous
 62
     4
370
    25
100
AcDbLine
 10
-133.0
 20
-34.0
 30
0.0
 11
-131.8
 21
-34.0
 31
0.0
  0
LINE
  5
1DF
330
1F
100
AcDbEntity
  8
NoLayerName_002
  6
Continuous
 62
     4
370
    25
100
AcDbLine
 10
-133.0
 20
-28.0
 30
0.0
 11
-131.8
 21
-28.0
 31
0.0
  0
LINE
  5
1E0
330
1F
100
AcDbEntity
  8
NoLayerName_002
  6
Continuous
 62
     4
370
    25
100
AcDbLine
 10
-133.0
 20
-22.0
 30
0.0
 11
-131.8
 21
-22.0
 31
0.0
  0
LINE
  5
1E1
330
1F
100
AcDbEntity
  8
NoLayerName_002
  6
Continuous
 62
     4
370
    25
100
AcDbLine
 10
-133.0
 20
-16.0
 30
0.0
 11
-131.8
 21
-16.0
 31
0.0
  0
LINE
  5
1E2
330
1F
100
AcDbEntity
  8
NoLayerName_002
  6
Continuous
 62
     4
370
    25
100
AcDbLine
 10
-133.0
 20
-10.0
 30
0.0
 11
-131.8
 21
-10.0
 31
0.0
  0
LINE
  5
1E3
330
1F
100
AcDbEntity
  8
NoLayerName_002
  6
Continuous
 62
     4
370
    25
100
AcDbLine
 10
77.0
 20
101.0
 30
0.0
 11
255.0
 21
101.0
 31
0.0
  0
LINE
  5
1E4
330
1F
100
AcDbEntity
  8
NoLayerName_002
  6
Continuous
 62
     4
370
    25
100
AcDbLine
 10
77.0
 20
128.0
 30
0.0
 11
77.0
 21
116.0
 31
0.0
  0
LINE
  5
1E5
330
1F
100
AcDbEntity
  8
NoLayerName_002
  6
Continuous
 62
     4
370
    25
100
AcDbLine
 10
255.0
 20
30.0
 30
0.0
 11
265.0
 21
30.0
 31
0.0
  0
LINE
  5
1E6
330
1F
100
AcDbEntity
  8
NoLayerName_002
  6
Continuous
 62
     4
370
    25
100
AcDbLine
 10
166.4809
 20
-149.01475
 30
0.0
 11
171.422
 21
-149.01475
 31
0.0
  0
LINE
  5
1E7
330
1F
100
AcDbEntity
  8
NoLayerName_002
  6
Continuous
 62
     4
370
    25
100
AcDbLine
 10
259.98961
 20
126.997
 30
0.0
 11
259.98961
 21
123.991
 31
0.0
  0
LINE
  5
1E8
330
1F
100
AcDbEntity
  8
NoLayerName_002
  6
Continuous
 62
     4
370
    25
100
AcDbLine
 10
255.0
 20
45.0
 30
0.0
 11
256.0
 21
45.0
 31
0.0
  0
CIRCLE
  5
1E9
330
1F
100
AcDbEntity
  8
NoLayerName_002
  6
Continuous
 62
     4
370
    25
100
AcDbCircle
 10
82.77099999999999
 20
-122.431
 30
0.0
 40
2.0
  0
CIRCLE
  5
1EA
330
1F
100
AcDbEntity
  8
NoLayerName_002
  6
Continuous
 62
     4
370
    25
100
AcDbCircle
 10
82.77099999999999
 20
-122.431
 30
0.0
 40
1.0
  0
LWPOLYLINE
  5
1EB
330
1F
100
AcDbEntity
  8
NoLayerName_002
  6
Continuous
 62
     4
370
    25
100
AcDbPolyline
 90
        4
 70
     1
 43
0.0
 10
-148.0
 20
135.0
 10
272.0
 20
135.0
 10
272.0
 20
-162.0
 10
-148.0
 20
-162.0
  0
LWPOLYLINE
  5
1EC
330
1F
100
AcDbEntity
  8
NoLayerName_002
  6
Continuous
 62
     4
370
    25
100
AcDbPolyline
 90
        4
 70
     0
 43
0.0
 10
-133.0
 20
-83.0
 10
-145.0
 20
-83.0
 10
-145.0
 20
-155.0
 10
-133.0
 20
-155.0
  0
LWPOLYLINE
  5
1ED
330
1F
100
AcDbEntity
  8
NoLayerName_002
  6
Continuous
 62
     4
370
    25
100
AcDbPolyline
 90
        3
 70
     1
 43
0.0
 10
258.99994
 20
-144.668
 10
264.19493
 20
-153.666
 10
253.8049
 20
-153.666
  0
LWPOLYLINE
  5
1EE
330
1F
100
AcDbEntity
  8
NoLayerName_002
  6
Continuous
 62
     4
370
    25
100
AcDbPolyline
 90
        3
 70
     1
 43
0.0
 10
80.0
 20
107.166
 10
82.59700000000001
 20
102.667
 10
77.40299999999999
 20
102.667
  0
LWPOLYLINE
  5
1EF
330
1F
100
AcDbEntity
  8
NoLayerName_002
  6
Continuous
 62
     4
370
    25
100
AcDbPolyline
 90
        3
 70
     1
 43
0.0
 10
80.0
 20
116.166
 10
82.59700000000001
 20
111.667
 10
77.40299999999999
 20
111.667
  0
LWPOLYLINE
  5
1F0
330
1F
100
AcDbEntity
  8
NoLayerName_002
  6
Continuous
 62
     4
370
    25
100
AcDbPolyline
 90
        3
 70
     1
 43
0.0
 10
168.9999
 20
116.166
 10
171.5973
 20
111.667
 10
166.4025
 20
111.667
  0
LWPOLYLINE
  5
1F1
330
1F
100
AcDbEntity
  8
NoLayerName_002
  6
Continuous
 62
     4
370
    25
100
AcDbPolyline
 90
        3
 70
     1
 43
0.0
 10
168.9999
 20
107.166
 10
171.5973
 20
102.667
 10
166.4026
 20
102.667
  0
LWPOLYLINE
  5
1F2
330
1F
100
AcDbEntity
  8
NoLayerName_002
  6
Continuous
 62
     4
370
    25
100
AcDbPolyline
 90
        3
 70
     1
 43
0.0
 10
256.167
 20
72.03999999999999
 10
263.16527
 20
68.0
 10
256.167
 20
63.959
  0
LWPOLYLINE
  5
1F3
330
1F
100
AcDbEntity
  8
NoLayerName_001
  6
Continuous
 62
     4
370
    25
100
AcDbPolyline
 90
        3
 70
     1
 43
0.0
 10
252.4254
 20
-99.5
 10
246.6519
 20
-99.5
 10
249.5386
 20
-94.5
  0
LWPOLYLINE
  5
1F4
330
1F
100
AcDbEntity
  8
NoLayerName_001
  6
Continuous
 62
     4
370
    25
100
AcDbPolyline
 90
        3
 70
     1
 43
0.0
 10
252.4254
 20
-87.5
 10
246.6519
 20
-87.5
 10
249.5386
 20
-82.5
  0
MTEXT
  5
1F5
330
1F
100
AcDbEntity
  8
NoLayerName_002
 62
     4
370
   100
100
AcDbMText
 10
155.0
 20
-150.49102
 30
0.0
 40
8.0
 41
10.625
 71
     5
 72
     5
  1
\A1;\W1.041667;ÇR
 73
     1
 44
0.6
1001
ACAD
1000
ACAD_MTEXT_DEFINED_HEIGHT_BEGIN
1070
    46
1040
8.0
1000
ACAD_MTEXT_DEFINED_HEIGHT_END
  0
LINE
  5
1F6
330
1F
100
AcDbEntity
  8
NoLayerName_002
  6
Continuous
 62
     4
370
    25
100
AcDbLine
 10
230.0
 20
-112.0
 30
0.0
 11
77.0
 21
-112.0
 31
0.0
  0
LINE
  5
1F7
330
1F
100
AcDbEntity
  8
NoLayerName_002
  6
Continuous
 62
     4
370
    25
100
AcDbLine
 10
77.0
 20
-112.0
 30
0.0
 11
77.0
 21
-118.0
 31
0.0
  0
MTEXT
  5
1F8
330
1F
100
AcDbEntity
  8
NoLayerName_002
 62
     4
370
    25
100
AcDbMText
 10
183.10139
 20
-145.9449
 30
0.0
 40
2.0
 41
17.0
 71
     7
 72
     5
  1
\A1;\W0.769800;\T1.082533;ÇoÇ`ÇqÇsÅ@ÇmÇnÅD
 73
     1
 44
0.6
1001
ACAD
1000
ACAD_MTEXT_DEFINED_HEIGHT_BEGIN
1070
    46
1040
2.0
1000
ACAD_MTEXT_DEFINED_HEIGHT_END
  0
MTEXT
  5
1F9
330
1F
100
AcDbEntity
  8
NoLayerName_002
 62
     4
370
    25
100
AcDbMText
 10
151.44189
 20
-145.7949
 30
0.0
 40
2.0
 41
8.5
 71
     7
 72
     5
  1
\A1;\W0.769800;\T1.082533;ÇrÇhÇyÇd
 73
     1
 44
0.6
1001
ACAD
1000
ACAD_MTEXT_DEFINED_HEIGHT_BEGIN
1070
    46
1040
2.0
1000
ACAD_MTEXT_DEFINED_HEIGHT_END
  0
MTEXT
  5
1FA
330
1F
100
AcDbEntity
  8
NoLayerName_002
 62
     4
370
    25
100
AcDbMText
 10
129.28189
 20
-145.8449
 30
0.0
 40
2.0
 41
10.625
 71
     7
 72
     5
  1
\A1;\W0.769800;\T1.082533;ÇrÇbÇ`ÇkÇd
 73
     1
 44
0.6
1001
ACAD
1000
ACAD_MTEXT_DEFINED_HEIGHT_BEGIN
1070
    46
1040
2.0
1000
ACAD_MTEXT_DEFINED_HEIGHT_END
  0
MTEXT
  5
1FB
330
1F
100
AcDbEntity
  8
NoLayerName_002
 62
     4
370
    25
100
AcDbMText
 10
170.10359
 20
-132.8693
 30
0.0
 40
2.0
 41
19.125
 71
     7
 72
     5
  1
\A1;\W0.769800;\T1.082533;ÇoÇ`ÇqÇsÅ@ÇmÇ`ÇlÇd
 73
     1
 44
0.6
1001
ACAD
1000
ACAD_MTEXT_DEFINED_HEIGHT_BEGIN
1070
    46
1040
2.0
1000
ACAD_MTEXT_DEFINED_HEIGHT_END
  0
MTEXT
  5
1FC
330
1F
100
AcDbEntity
  8
NoLayerName_002
 62
     4
370
    25
100
AcDbMText
 10
144.77789
 20
-132.8193
 30
0.0
 40
2.0
 41
8.5
 71
     7
 72
     5
  1
\A1;\W0.769800;\T1.082533;ÇcÇ`ÇsÇd
 73
     1
 44
0.6
1001
ACAD
1000
ACAD_MTEXT_DEFINED_HEIGHT_BEGIN
1070
    46
1040
2.0
1000
ACAD_MTEXT_DEFINED_HEIGHT_END
  0
MTEXT
  5
1FD
330
1F
100
AcDbEntity
  8
NoLayerName_002
 62
     4
370
    25
100
AcDbMText
 10
230.89001
 20
-132.9193
 30
0.0
 40
2.0
 41
15.66610647816525
 71
     7
 72
     5
  1
\A1;\W0.767946;\T0.959936;ÇoÇ`ÇhÇmÇsÅ@ÇnÇq
 73
     1
 44
0.6
1001
ACAD
1000
ACAD_MTEXT_DEFINED_HEIGHT_BEGIN
1070
    46
1040
2.0
1000
ACAD_MTEXT_DEFINED_HEIGHT_END
  0
MTEXT
  5
1FE
330
1F
100
AcDbEntity
  8
NoLayerName_002
 62
     4
370
    25
100
AcDbMText
 10
239.08699
 20
-121.1938
 30
0.0
 40
2.0
 41
17.0
 71
     7
 72
     5
  1
\A1;\W0.769800;\T1.082533;ÇlÇ`ÇsÇdÇqÇhÇ`Çk
 73
     1
 44
0.6
1001
ACAD
1000
ACAD_MTEXT_DEFINED_HEIGHT_BEGIN
1070
    46
1040
2.0
1000
ACAD_MTEXT_DEFINED_HEIGHT_END
  0
MTEXT
  5
1FF
330
1F
100
AcDbEntity
  8
NoLayerName_002
 62
     4
370
    25
100
AcDbMText
 10
202.91289
 20
-120.9937
 30
0.0
 40
2.0
 41
21.25
 71
     7
 72
     5
  1
\A1;\W0.769800;\T1.082533;ÇbÇ`ÇrÇdÅ@ÇcÇdÇoÇsÇg
 73
     1
 44
0.6
1001
ACAD
1000
ACAD_MTEXT_DEFINED_HEIGHT_BEGIN
1070
    46
1040
2.0
1000
ACAD_MTEXT_DEFINED_HEIGHT_END
  0
MTEXT
  5
200
330
1F
100
AcDbEntity
  8
NoLayerName_002
 62
     4
370
    25
100
AcDbMText
 10
150.93189
 20
-120.994
 30
0.0
 40
2.0
 41
29.75
 71
     7
 72
     5
  1
\A1;\W0.769800;\T1.082533;ÇgÇdÇ`ÇsÅ@ÇsÇqÇdÇ`ÇsÇlÇdÇmÇs
 73
     1
 44
0.6
1001
ACAD
1000
ACAD_MTEXT_DEFINED_HEIGHT_BEGIN
1070
    46
1040
2.0
1000
ACAD_MTEXT_DEFINED_HEIGHT_END
  0
MTEXT
  5
201
330
1F
100
AcDbEntity
  8
NoLayerName_002
 62
     4
370
    25
100
AcDbMText
 10
127.55759
 20
-129.5884
 30
0.0
 40
2.5
 41
13.12500542402267
 71
     7
 72
     5
  1
\A1;\W0.588236;\T0.750000;ÇoÇnÇqÇsÇhÇnÇm
 73
     1
 44
0.6
1001
ACAD
1000
ACAD_MTEXT_DEFINED_HEIGHT_BEGIN
1070
    46
1040
2.5
1000
ACAD_MTEXT_DEFINED_HEIGHT_END
  0
MTEXT
  5
202
330
1F
100
AcDbEntity
  8
NoLayerName_002
 62
     4
370
    25
100
AcDbMText
 10
106.38389
 20
-120.8546
 30
0.0
 40
2.0
 41
17.0
 71
     7
 72
     5
  1
\A1;\W0.769800;\T1.082533;ÇlÇ`ÇrÇrÅiÇãÇáÅj
 73
     1
 44
0.6
1001
ACAD
1000
ACAD_MTEXT_DEFINED_HEIGHT_BEGIN
1070
    46
1040
2.0
1000
ACAD_MTEXT_DEFINED_HEIGHT_END
  0
MTEXT
  5
203
330
1F
100
AcDbEntity
  8
NoLayerName_002
 62
     4
370
    25
100
AcDbMText
 10
77.54161500000001
 20
120.587
 30
0.0
 40
3.0
 41
17.43588018417358
 71
     7
 72
     5
  1
\A1;\W0.569800;\T0.750000;ÇqÇdÇuÇhÇrÇhÇnÇm
 73
     1
 44
0.6
1001
ACAD
1000
ACAD_MTEXT_DEFINED_HEIGHT_BEGIN
1070
    46
1040
3.0
1000
ACAD_MTEXT_DEFINED_HEIGHT_END
  0
MTEXT
  5
204
330
1F
100
AcDbEntity
  8
NoLayerName_002
 62
     4
370
    25
100
AcDbMText
 10
231.069125
 20
-116.3188
 30
0.0
 40
2.0
 41
21.30678009986877
 71
     7
 72
     5
  1
\A1;\W0.735343;\T1.032987;Ç`ÇoÇoÇkÇhÇbÇ`ÇsÇhÇnÇm
 73
     1
 44
0.6
1001
ACAD
1000
ACAD_MTEXT_DEFINED_HEIGHT_BEGIN
1070
    46
1040
2.0
1000
ACAD_MTEXT_DEFINED_HEIGHT_END
  0
MTEXT
  5
205
330
1F
100
AcDbEntity
  8
NoLayerName_002
 62
     4
370
    25
100
AcDbMText
 10
239.298688
 20
-158.31176
 30
0.0
 40
2.0
 41
17.0
 71
     7
 72
     5
  1
\A1;\W0.769801;\T1.082531;ÇjÇdÇrÅ@Ç`ÇRÅ|ÇQ
 73
     1
 44
0.6
1001
ACAD
1000
ACAD_MTEXT_DEFINED_HEIGHT_BEGIN
1070
    46
1040
2.0
1000
ACAD_MTEXT_DEFINED_HEIGHT_END
  0
MTEXT
  5
206
330
1F
100
AcDbEntity
  8
NoLayerName_002
 62
     4
370
    25
100
AcDbMText
 10
239.298688
 20
-161.31176
 30
0.0
 40
2.0
 41
8.5
 71
     7
 72
     5
  1
\A1;\W0.769801;\T1.082531;ÇXÇPÇOÇV
 73
     1
 44
0.6
1001
ACAD
1000
ACAD_MTEXT_DEFINED_HEIGHT_BEGIN
1070
    46
1040
2.0
1000
ACAD_MTEXT_DEFINED_HEIGHT_END
  0
MTEXT
  5
207
330
1F
100
AcDbEntity
  8
NoLayerName_002
 62
     4
370
    25
100
AcDbMText
 10
230.74908
 20
-135.6279
 30
0.0
 40
2.0
 41
37.45146283636253
 71
     7
 72
     5
  1
\A1;\W0.772992;\T0.966240;ÇrÇtÇqÇeÇ`ÇbÇdÅ@ÇsÇqÇdÇ`ÇsÅDÅ@ÇbÇnÇcÇd
 73
     1
 44
0.6
1001
ACAD
1000
ACAD_MTEXT_DEFINED_HEIGHT_BEGIN
1070
    46
1040
2.0
1000
ACAD_MTEXT_DEFINED_HEIGHT_END
  0
MTEXT
  5
208
330
1F
100
AcDbEntity
  8
NoLayerName_002
 62
     4
370
    25
100
AcDbMText
 10
77.41303500000001
 20
-128.7156
 30
0.0
 40
1.799999952316284
 41
21.82004715080859
 71
     7
 72
     5
  1
\A1;\W0.792304;\T0.990384;ÇRÇqÇcÅ@Ç`ÇmÇfÇkÇdÅ@ÇoÅD
 73
     1
 44
0.6
1001
ACAD
1000
ACAD_MTEXT_DEFINED_HEIGHT_BEGIN
1070
    46
1040
1.799999952316284
1000
ACAD_MTEXT_DEFINED_HEIGHT_END
  0
MTEXT
  5
209
330
1F
100
AcDbEntity
  8
NoLayerName_002
 62
     4
370
    25
100
AcDbMText
 10
256.61304
 20
61.87338499999996
 30
0.0
 40
3.0
 41
17.43588018417358
 71
     7
 72
     5
  1
\A1;\W0.569800;\T0.750000;ÇbÇnÇcÇdÅ@ÇmÇnÅD
 11
1.192488045480604E-8
 21
-1.0
 31
0.0
 73
     1
 44
0.6
1001
ACAD
1000
ACAD_MTEXT_DEFINED_HEIGHT_BEGIN
1070
    46
1040
3.0
1000
ACAD_MTEXT_DEFINED_HEIGHT_END
  0
MTEXT
  5
20A
330
1F
100
AcDbEntity
  8
NoLayerName_002
 62
     4
370
    25
100
AcDbMText
 10
-143.846655
 20
-148.30359
 30
0.0
 40
3.0
 41
14.20569165592562
 71
     7
 72
     5
  1
\A1;\W0.618984;\T0.773732;ÇcÇtÇoÇkÇhÅ|
 73
     1
 44
0.6
1001
ACAD
1000
ACAD_MTEXT_DEFINED_HEIGHT_BEGIN
1070
    46
1040
3.0
1000
ACAD_MTEXT_DEFINED_HEIGHT_END
  0
MTEXT
  5
20B
330
1F
100
AcDbEntity
  8
NoLayerName_002
 62
     4
370
    25
100
AcDbMText
 10
-143.846655
 20
-152.80359
 30
0.0
 40
3.0
 41
9.470461103950411
 71
     7
 72
     5
  1
\A1;\W0.618984;\T0.773732;ÇbÇ`ÇsÇd
 73
     1
 44
0.6
1001
ACAD
1000
ACAD_MTEXT_DEFINED_HEIGHT_BEGIN
1070
    46
1040
3.0
1000
ACAD_MTEXT_DEFINED_HEIGHT_END
  0
MTEXT
  5
20C
330
1F
100
AcDbEntity
  8
NoLayerName_002
 62
     4
370
    25
100
AcDbMText
 10
87.72821700000003
 20
-132.8157
 30
0.0
 40
2.0
 41
12.27936270532183
 71
     7
 72
     5
  1
\A1;\W0.601930;\T0.752414;ÇbÇgÇhÇdÇeÅ@Å@Å@
 73
     1
 44
0.6
1001
ACAD
1000
ACAD_MTEXT_DEFINED_HEIGHT_BEGIN
1070
    46
1040
2.0
1000
ACAD_MTEXT_DEFINED_HEIGHT_END
  0
MTEXT
  5
20D
330
1F
100
AcDbEntity
  8
NoLayerName_002
 62
     4
370
    25
100
AcDbMText
 10
87.72821700000003
 20
-134.9757
 30
0.0
 40
2.0
 41
12.27936270532183
 71
     7
 72
     5
  1
\A1;\W0.601930;\T0.752414;ÇcÇdÇrÇhÇfÇmÇdÇq
 73
     1
 44
0.6
1001
ACAD
1000
ACAD_MTEXT_DEFINED_HEIGHT_BEGIN
1070
    46
1040
2.0
1000
ACAD_MTEXT_DEFINED_HEIGHT_END
  0
MTEXT
  5
20E
330
1F
100
AcDbEntity
  8
NoLayerName_002
 62
     4
370
    25
100
AcDbMText
 10
77.8831965
 20
-132.7236
 30
0.0
 40
2.0
 41
11.38072812419754
 71
     7
 72
     5
  1
\A1;\W0.637576;\T0.796971;ÇoÇqÇnÇiÇdÇbÇs
 73
     1
 44
0.6
1001
ACAD
1000
ACAD_MTEXT_DEFINED_HEIGHT_BEGIN
1070
    46
1040
2.0
1000
ACAD_MTEXT_DEFINED_HEIGHT_END
  0
MTEXT
  5
20F
330
1F
100
AcDbEntity
  8
NoLayerName_002
 62
     4
370
    25
100
AcDbMText
 10
77.8831965
 20
-134.8836
 30
0.0
 40
2.0
 41
11.38072812419754
 71
     7
 72
     5
  1
\A1;\W0.637576;\T0.796971;ÇlÇ`ÇmÇ`ÇfÇdÇq
 73
     1
 44
0.6
1001
ACAD
1000
ACAD_MTEXT_DEFINED_HEIGHT_BEGIN
1070
    46
1040
2.0
1000
ACAD_MTEXT_DEFINED_HEIGHT_END
  0
MTEXT
  5
210
330
1F
100
AcDbEntity
  8
NoLayerName_002
 62
     4
370
    25
100
AcDbMText
 10
97.79621699999998
 20
-132.9157
 30
0.0
 40
2.0
 41
12.27936270532183
 71
     7
 72
     5
  1
\A1;\W0.601930;\T0.752407;ÇcÇdÇrÇhÇfÇmÇdÇq
 73
     1
 44
0.6
1001
ACAD
1000
ACAD_MTEXT_DEFINED_HEIGHT_BEGIN
1070
    46
1040
2.0
1000
ACAD_MTEXT_DEFINED_HEIGHT_END
  0
MTEXT
  5
211
330
1F
100
AcDbEntity
  8
NoLayerName_002
 62
     4
370
    25
100
AcDbMText
 10
107.8601955
 20
-132.8329
 30
0.0
 40
2.0
 41
11.38073994437374
 71
     7
 72
     5
  1
\A1;\W0.637576;\T0.796970;ÇbÇgÇdÇbÇjÇdÇc
 73
     1
 44
0.6
1001
ACAD
1000
ACAD_MTEXT_DEFINED_HEIGHT_BEGIN
1070
    46
1040
2.0
1000
ACAD_MTEXT_DEFINED_HEIGHT_END
  0
MTEXT
  5
212
330
1F
100
AcDbEntity
  8
NoLayerName_002
 62
     4
370
    25
100
AcDbMText
 10
107.8601955
 20
-134.9929
 30
0.0
 40
2.0
 41
3.251639984106783
 71
     7
 72
     5
  1
\A1;\W0.637576;\T0.796970;ÇaÇx
 73
     1
 44
0.6
1001
ACAD
1000
ACAD_MTEXT_DEFINED_HEIGHT_BEGIN
1070
    46
1040
2.0
1000
ACAD_MTEXT_DEFINED_HEIGHT_END
  0
MTEXT
  5
213
330
1F
100
AcDbEntity
  8
NoLayerName_002
 62
     4
370
    25
100
AcDbMText
 10
128.074445
 20
-132.7252
 30
0.0
 40
2.0
 41
10.41032607049183
 71
     7
 72
     5
  1
\A1;\W0.680413;\T0.850512;ÇbÇnÇoÇhÇdÇc
 73
     1
 44
0.6
1001
ACAD
1000
ACAD_MTEXT_DEFINED_HEIGHT_BEGIN
1070
    46
1040
2.0
1000
ACAD_MTEXT_DEFINED_HEIGHT_END
  0
MTEXT
  5
214
330
1F
100
AcDbEntity
  8
NoLayerName_002
 62
     4
370
    25
100
AcDbMText
 10
128.074445
 20
-134.8852
 30
0.0
 40
2.0
 41
3.470108690163944
 71
     7
 72
     5
  1
\A1;\W0.680413;\T0.850512;ÇaÇx
 73
     1
 44
0.6
1001
ACAD
1000
ACAD_MTEXT_DEFINED_HEIGHT_BEGIN
1070
    46
1040
2.0
1000
ACAD_MTEXT_DEFINED_HEIGHT_END
  0
MTEXT
  5
215
330
1F
100
AcDbEntity
  8
NoLayerName_002
 62
     4
370
    25
100
AcDbMText
 10
117.93484
 20
-132.7752
 30
0.0
 40
2.0
 41
9.348744374395256
 71
     7
 72
     5
  1
\A1;\W0.733235;\T0.916544;ÇcÇqÇ`ÇvÇm
 73
     1
 44
0.6
1001
ACAD
1000
ACAD_MTEXT_DEFINED_HEIGHT_BEGIN
1070
    46
1040
2.0
1000
ACAD_MTEXT_DEFINED_HEIGHT_END
  0
MTEXT
  5
216
330
1F
100
AcDbEntity
  8
NoLayerName_002
 62
     4
370
    25
100
AcDbMText
 10
117.93484
 20
-134.9352
 30
0.0
 40
2.0
 41
3.739497749758103
 71
     7
 72
     5
  1
\A1;\W0.733235;\T0.916544;ÇaÇx
 73
     1
 44
0.6
1001
ACAD
1000
ACAD_MTEXT_DEFINED_HEIGHT_BEGIN
1070
    46
1040
2.0
1000
ACAD_MTEXT_DEFINED_HEIGHT_END
  0
MTEXT
  5
217
330
1F
100
AcDbEntity
  8
NoLayerName_002
 62
     4
370
    25
100
AcDbMText
 10
255.755
 20
-116.2054
 30
0.0
 40
2.0
 41
7.702013192017802
 71
     7
 72
     5
  1
\A1;\W0.755099;\T0.943877;ÇpÅfÇsÇx
 73
     1
 44
0.6
1001
ACAD
1000
ACAD_MTEXT_DEFINED_HEIGHT_BEGIN
1070
    46
1040
2.0
1000
ACAD_MTEXT_DEFINED_HEIGHT_END
  0
MTEXT
  5
218
330
1F
100
AcDbEntity
  8
NoLayerName_002
 62
     4
370
    25
100
AcDbMText
 10
109.014825
 20
-146.0
 30
0.0
 40
2.0
 41
15.03909216702
 71
     7
 72
     5
  1
\A1;\W0.737210;\T0.921514;Ç`ÇoÇoÇqÇnÇuÇ`Çk
 73
     1
 44
0.6
1001
ACAD
1000
ACAD_MTEXT_DEFINED_HEIGHT_BEGIN
1070
    46
1040
2.0
1000
ACAD_MTEXT_DEFINED_HEIGHT_END
  0
MTEXT
  5
219
330
1F
100
AcDbEntity
  8
NoLayerName_002
 62
     4
370
    25
100
AcDbMText
 10
78.68429
 20
-148.67649
 30
0.0
 40
2.299999952316284
 41
14.94741227512248
 71
     7
 72
     5
  1
\A1;\W0.728165;\T0.910204;ÇrÇhÇlÇhÇkÇ`Çq
 73
     1
 44
0.6
1001
ACAD
1000
ACAD_MTEXT_DEFINED_HEIGHT_BEGIN
1070
    46
1040
2.299999952316284
1000
ACAD_MTEXT_DEFINED_HEIGHT_END
  0
MTEXT
  5
21A
330
1F
100
AcDbEntity
  8
NoLayerName_002
 62
     4
370
    25
100
AcDbMText
 10
78.68429
 20
-151.55149
 30
0.0
 40
2.299999952316284
 41
10.67672305365892
 71
     7
 72
     5
  1
\A1;\W0.728165;\T0.910204;ÇoÇ`ÇqÇsÇr
 73
     1
 44
0.6
1001
ACAD
1000
ACAD_MTEXT_DEFINED_HEIGHT_BEGIN
1070
    46
1040
2.299999952316284
1000
ACAD_MTEXT_DEFINED_HEIGHT_END
  0
MTEXT
  5
21B
330
1F
100
AcDbEntity
  8
NoLayerName_002
 62
     4
370
    25
100
AcDbMText
 10
256.60686
 20
48.29045999999994
 30
0.0
 40
5.699999809265137
 41
3.490227475762367
 71
     7
 72
     5
  1
\A1;\W0.518394;\T0.750000;ÅD
 11
1.192488045480604E-8
 21
-1.0
 31
0.0
 73
     1
 44
0.6
1001
ACAD
1000
ACAD_MTEXT_DEFINED_HEIGHT_BEGIN
1070
    46
1040
5.699999809265137
1000
ACAD_MTEXT_DEFINED_HEIGHT_END
  0
MTEXT
  5
21C
330
1F
100
AcDbEntity
  8
NoLayerName_001
 62
     4
370
    25
100
AcDbMText
 10
261.02053
 20
126.463665
 30
0.0
 40
3.0
 41
2.266663238406181
 71
     7
 72
     5
  1
\A1;\W0.649152;\T0.912871;ÇP
 11
1.192488045480604E-8
 21
-1.0
 31
0.0
 73
     1
 44
0.6
1001
ACAD
1000
ACAD_MTEXT_DEFINED_HEIGHT_BEGIN
1070
    46
1040
3.0
1000
ACAD_MTEXT_DEFINED_HEIGHT_END
  0
MTEXT
  5
21D
330
1F
100
AcDbEntity
  8
NoLayerName_001
 62
     4
370
    25
100
AcDbMText
 10
256.52053
 20
126.463665
 30
0.0
 40
3.0
 41
2.266663238406181
 71
     7
 72
     5
  1
\A1;\W0.649152;\T0.912871;ÇP
 11
1.192488045480604E-8
 21
-1.0
 31
0.0
 73
     1
 44
0.6
1001
ACAD
1000
ACAD_MTEXT_DEFINED_HEIGHT_BEGIN
1070
    46
1040
3.0
1000
ACAD_MTEXT_DEFINED_HEIGHT_END
  0
MTEXT
  5
21E
330
1F
100
AcDbEntity
  8
NoLayerName_001
 62
     4
370
    25
100
AcDbMText
 10
231.67353
 20
-105.2122
 30
0.0
 40
4.0
 41
0.0
 71
     7
 72
     5
  1
\A1;\W0.153139;\T0.750000;ÅD
 73
     1
 44
0.6
1001
ACAD
1000
ACAD_MTEXT_DEFINED_HEIGHT_BEGIN
1070
    46
1040
4.0
1000
ACAD_MTEXT_DEFINED_HEIGHT_END
  0
MTEXT
  5
21F
330
1F
100
AcDbEntity
  8
NoLayerName_001
 62
     4
370
    25
100
AcDbMText
 10
130.22222
 20
-125.5
 30
0.0
 40
5.0
 41
3.777782618999481
 71
     7
 72
     5
  1
\A1;\W0.649153;\T0.912871;ÅD
 73
     1
 44
0.6
1001
ACAD
1000
ACAD_MTEXT_DEFINED_HEIGHT_BEGIN
1070
    46
1040
5.0
1000
ACAD_MTEXT_DEFINED_HEIGHT_END
  0
MTEXT
  5
220
330
1F
100
AcDbEntity
  8
NoLayerName_002
 62
     4
370
    25
100
AcDbMText
 10
167.48528
 20
-148.16397
 30
0.0
 40
4.0
 41
3.022217482328415
 71
     7
 72
     5
  1
\A1;\W0.649152;\T0.912871;ÇP
 73
     1
 44
0.6
1001
ACAD
1000
ACAD_MTEXT_DEFINED_HEIGHT_BEGIN
1070
    46
1040
4.0
1000
ACAD_MTEXT_DEFINED_HEIGHT_END
  0
MTEXT
  5
221
330
1F
100
AcDbEntity
  8
NoLayerName_002
 62
     4
370
    25
100
AcDbMText
 10
167.48528
 20
-154.16397
 30
0.0
 40
4.0
 41
3.022217482328415
 71
     7
 72
     5
  1
\A1;\W0.649152;\T0.912871;ÇP
 73
     1
 44
0.6
1001
ACAD
1000
ACAD_MTEXT_DEFINED_HEIGHT_BEGIN
1070
    46
1040
4.0
1000
ACAD_MTEXT_DEFINED_HEIGHT_END
  0
MTEXT
  5
222
330
1F
100
AcDbEntity
  8
NoLayerName_002
 62
     4
370
    25
100
AcDbMText
 10
98.70311000000001
 20
-153.36763
 30
0.0
 40
5.0
 41
0.0
 71
     7
 72
     5
  1
\A1;\W0.193347;\T0.750000;ÅD
 73
     1
 44
0.6
1001
ACAD
1000
ACAD_MTEXT_DEFINED_HEIGHT_BEGIN
1070
    46
1040
5.0
1000
ACAD_MTEXT_DEFINED_HEIGHT_END
  0
MTEXT
  5
223
330
1F
100
AcDbEntity
  8
NoLayerName_001
 62
     4
370
    25
100
AcDbMText
 10
231.58713
 20
-99.5
 30
0.0
 40
4.0
 41
0.0
 71
     7
 72
     5
  1
\A1;\W0.153139;\T0.750000;ÅD
 73
     1
 44
0.6
1001
ACAD
1000
ACAD_MTEXT_DEFINED_HEIGHT_BEGIN
1070
    46
1040
4.0
1000
ACAD_MTEXT_DEFINED_HEIGHT_END
  0
MTEXT
  5
224
330
1F
100
AcDbEntity
  8
NoLayerName_001
 62
     4
370
    25
100
AcDbMText
 10
231.58713
 20
-93.5
 30
0.0
 40
4.0
 41
0.0
 71
     7
 72
     5
  1
\A1;\W0.153139;\T0.750000;ÅD
 73
     1
 44
0.6
1001
ACAD
1000
ACAD_MTEXT_DEFINED_HEIGHT_BEGIN
1070
    46
1040
4.0
1000
ACAD_MTEXT_DEFINED_HEIGHT_END
  0
MTEXT
  5
225
330
1F
100
AcDbEntity
  8
NoLayerName_001
 62
     4
370
    25
100
AcDbMText
 10
231.58713
 20
-87.5
 30
0.0
 40
4.0
 41
0.0
 71
     7
 72
     5
  1
\A1;\W0.153139;\T0.750000;ÅD
 73
     1
 44
0.6
1001
ACAD
1000
ACAD_MTEXT_DEFINED_HEIGHT_BEGIN
1070
    46
1040
4.0
1000
ACAD_MTEXT_DEFINED_HEIGHT_END
  0
MTEXT
  5
226
330
1F
100
AcDbEntity
  8
NoLayerName_001
 62
     4
370
    25
100
AcDbMText
 10
248.471935
 20
-99.3
 30
0.0
 40
3.0
 41
2.266663238406181
 71
     7
 72
     5
  1
\A1;\W0.649152;\T0.912871;ÅD
 73
     1
 44
0.6
1001
ACAD
1000
ACAD_MTEXT_DEFINED_HEIGHT_BEGIN
1070
    46
1040
3.0
1000
ACAD_MTEXT_DEFINED_HEIGHT_END
  0
MTEXT
  5
227
330
1F
100
AcDbEntity
  8
NoLayerName_001
 62
     4
370
    25
100
AcDbMText
 10
248.471935
 20
-87.3
 30
0.0
 40
3.0
 41
2.266663238406181
 71
     7
 72
     5
  1
\A1;\W0.649152;\T0.912871;ÅD
 73
     1
 44
0.6
1001
ACAD
1000
ACAD_MTEXT_DEFINED_HEIGHT_BEGIN
1070
    46
1040
3.0
1000
ACAD_MTEXT_DEFINED_HEIGHT_END
  0
MTEXT
  5
228
330
1F
100
AcDbEntity
  8
NoLayerName_001
 62
     4
370
    25
100
AcDbMText
 10
168.9999
 20
103.9
 30
0.0
 40
2.0
 41
2.125
 71
     5
 72
     5
  1
\A1;\W0.912871;\T0.912871;ÇS
 73
     1
 44
0.6
1001
ACAD
1000
ACAD_MTEXT_DEFINED_HEIGHT_BEGIN
1070
    46
1040
2.0
1000
ACAD_MTEXT_DEFINED_HEIGHT_END
  0
MTEXT
  5
229
330
1F
100
AcDbEntity
  8
NoLayerName_001
 62
     4
370
    25
100
AcDbMText
 10
168.9999
 20
112.867
 30
0.0
 40
2.0
 41
2.125
 71
     5
 72
     5
  1
\A1;\W0.912871;\T0.912871;ÇQ
 73
     1
 44
0.6
1001
ACAD
1000
ACAD_MTEXT_DEFINED_HEIGHT_BEGIN
1070
    46
1040
2.0
1000
ACAD_MTEXT_DEFINED_HEIGHT_END
  0
MTEXT
  5
22A
330
1F
100
AcDbEntity
  8
NoLayerName_001
 62
     4
370
    25
100
AcDbMText
 10
80.0
 20
104.058
 30
0.0
 40
2.0
 41
2.125
 71
     5
 72
     5
  1
\A1;\W0.912871;\T0.912871;ÇR
 73
     1
 44
0.6
1001
ACAD
1000
ACAD_MTEXT_DEFINED_HEIGHT_BEGIN
1070
    46
1040
2.0
1000
ACAD_MTEXT_DEFINED_HEIGHT_END
  0
MTEXT
  5
22B
330
1F
100
AcDbEntity
  8
NoLayerName_001
 62
     4
370
    25
100
AcDbMText
 10
80.0
 20
113.003
 30
0.0
 40
2.0
 41
2.125
 71
     5
 72
     5
  1
\A1;\W0.912871;\T0.912871;ÇP
 73
     1
 44
0.6
1001
ACAD
1000
ACAD_MTEXT_DEFINED_HEIGHT_BEGIN
1070
    46
1040
2.0
1000
ACAD_MTEXT_DEFINED_HEIGHT_END
  0
MTEXT
  5
22C
330
1F
100
AcDbEntity
  8
NoLayerName_002
 62
     4
370
    25
100
AcDbMText
 10
173.0
 20
-160.0
 30
0.0
 40
4.0
 41
18.62256695517565
 71
     7
 72
     5
  1
\A1;\W0.912871;\T0.912871;ÇhÇbÇ`Çc
 73
     1
 44
0.6
1001
ACAD
1000
ACAD_MTEXT_DEFINED_HEIGHT_BEGIN
1070
    46
1040
4.0
1000
ACAD_MTEXT_DEFINED_HEIGHT_END
  0
MTEXT
  5
22D
330
1F
100
AcDbEntity
  8
NoLayerName_001
 62
     4
370
    25
100
AcDbMText
 10
259.0
 20
-103.4
 30
0.0
 40
4.0
 41
4.25
 71
     5
 72
     5
  1
\A1;\W0.833333;ÅD
 73
     1
 44
0.6
1001
ACAD
1000
ACAD_MTEXT_DEFINED_HEIGHT_BEGIN
1070
    46
1040
4.0
1000
ACAD_MTEXT_DEFINED_HEIGHT_END
  0
MTEXT
  5
22E
330
1F
100
AcDbEntity
  8
NoLayerName_001
 62
     4
370
    25
100
AcDbMText
 10
259.0
 20
-97.4
 30
0.0
 40
4.0
 41
4.25
 71
     5
 72
     5
  1
\A1;\W0.833333;ÅD
 73
     1
 44
0.6
1001
ACAD
1000
ACAD_MTEXT_DEFINED_HEIGHT_BEGIN
1070
    46
1040
4.0
1000
ACAD_MTEXT_DEFINED_HEIGHT_END
  0
MTEXT
  5
22F
330
1F
100
AcDbEntity
  8
NoLayerName_001
 62
     4
370
    25
100
AcDbMText
 10
259.0
 20
-91.4
 30
0.0
 40
4.0
 41
4.25
 71
     5
 72
     5
  1
\A1;\W0.833333;ÅD
 73
     1
 44
0.6
1001
ACAD
1000
ACAD_MTEXT_DEFINED_HEIGHT_BEGIN
1070
    46
1040
4.0
1000
ACAD_MTEXT_DEFINED_HEIGHT_END
  0
MTEXT
  5
230
330
1F
100
AcDbEntity
  8
NoLayerName_001
 62
     4
370
    25
100
AcDbMText
 10
259.0
 20
-85.4
 30
0.0
 40
4.0
 41
4.25
 71
     5
 72
     5
  1
\A1;\W0.833333;ÅD
 73
     1
 44
0.6
1001
ACAD
1000
ACAD_MTEXT_DEFINED_HEIGHT_BEGIN
1070
    46
1040
4.0
1000
ACAD_MTEXT_DEFINED_HEIGHT_END
  0
LINE
  5
231
330
1F
100
AcDbEntity
  8
NoLayerName_002
  6
Continuous
 62
     4
370
    50
100
AcDbLine
 10
-133.0
 20
128.0
 30
0.0
 11
265.0
 21
128.0
 31
0.0
  0
LINE
  5
232
330
1F
100
AcDbEntity
  8
NoLayerName_002
  6
Continuous
 62
     4
370
    50
100
AcDbLine
 10
265.0
 20
128.0
 30
0.0
 11
265.0
 21
-155.0
 31
0.0
  0
LINE
  5
233
330
1F
100
AcDbEntity
  8
NoLayerName_002
  6
Continuous
 62
     4
370
    50
100
AcDbLine
 10
265.0
 20
-155.0
 30
0.0
 11
-133.0
 21
-155.0
 31
0.0
  0
LINE
  5
234
330
1F
100
AcDbEntity
  8
NoLayerName_002
  6
Continuous
 62
     4
370
    50
100
AcDbLine
 10
-133.0
 20
-155.0
 30
0.0
 11
-133.0
 21
128.0
 31
0.0
  0
LINE
  5
235
330
1F
100
AcDbEntity
  8
NoLayerName_002
  6
Continuous
 62
     4
370
    25
100
AcDbLine
 10
218.0
 20
-112.0
 30
0.0
 11
218.0
 21
-118.0
 31
0.0
  0
MTEXT
  5
236
330
1F
100
AcDbEntity
  8
NoLayerName_001
 62
     4
370
    25
100
AcDbMText
 10
224.0
 20
-115.0
 30
0.0
 40
3.0
 41
6.983462608190868
 71
     5
 72
     5
  1
\A1;\W0.912871;\T0.912871;ÇoÇP
 73
     1
 44
0.6
1001
ACAD
1000
ACAD_MTEXT_DEFINED_HEIGHT_BEGIN
1070
    46
1040
3.0
1000
ACAD_MTEXT_DEFINED_HEIGHT_END
  0
MTEXT
  5
237
330
1F
100
AcDbEntity
  8
NoLayerName_001
 62
     4
370
    25
100
AcDbMText
 10
134.0
 20
-150.228459283232
 30
0.0
 40
5.0
 41
15.61549711024276
 71
     5
 72
     5
  1
\A1;\W0.816497;\T0.816497;ÇPÅFÇP
 73
     1
 44
0.6
1001
ACAD
1000
ACAD_MTEXT_DEFINED_HEIGHT_BEGIN
1070
    46
1040
5.0
1000
ACAD_MTEXT_DEFINED_HEIGHT_END
  0
MTEXT
  5
238
330
1F
100
AcDbEntity
  8
NoLayerName_001
 62
     4
370
    25
100
AcDbMText
 10
166.0
 20
-125.2015612059845
 30
0.0
 40
5.0
 41
17.85586506128311
 71
     5
 72
     5
  1
\A1;\W0.815245;\T1.145226;Å|Å|Å|
 73
     1
 44
0.6
1001
ACAD
1000
ACAD_MTEXT_DEFINED_HEIGHT_BEGIN
1070
    46
1040
5.0
1000
ACAD_MTEXT_DEFINED_HEIGHT_END
  0
MTEXT
  5
239
330
1F
100
AcDbEntity
  8
NoLayerName_001
 62
     4
370
    25
100
AcDbMText
 10
212.5
 20
-125.1475848109688
 30
0.0
 40
5.0
 41
14.72244129772964
 71
     5
 72
     5
  1
\A1;\W0.769801;\T0.796863;Å|Å|Å|
 73
     1
 44
0.6
1001
ACAD
1000
ACAD_MTEXT_DEFINED_HEIGHT_BEGIN
1070
    46
1040
5.0
1000
ACAD_MTEXT_DEFINED_HEIGHT_END
  0
MTEXT
  5
23A
330
1F
100
AcDbEntity
  8
NoLayerName_001
 62
     4
370
    25
100
AcDbMText
 10
258.999915
 20
-150.71771
 30
0.0
 40
4.0
 41
4.664406776428223
 71
     5
 72
     5
  1
\A1;\W0.914590;ÅD
 73
     1
 44
0.6
1001
ACAD
1000
ACAD_MTEXT_DEFINED_HEIGHT_BEGIN
1070
    46
1040
4.0
1000
ACAD_MTEXT_DEFINED_HEIGHT_END
  0
MTEXT
  5
23B
330
1F
100
AcDbEntity
  8
NoLayerName_001
 62
     4
370
    25
100
AcDbMText
 10
258.4746500083012
 20
67.99949999999987
 30
0.0
 40
4.0
 41
4.336062341928482
 71
     5
 72
     5
  1
\A1;\W0.850208;ÅD
 11
1.192488045480604E-8
 21
-1.0
 31
0.0
 73
     1
 44
0.6
1001
ACAD
1000
ACAD_MTEXT_DEFINED_HEIGHT_BEGIN
1070
    46
1040
4.0
1000
ACAD_MTEXT_DEFINED_HEIGHT_END
  0
MTEXT
  5
23C
330
1F
100
AcDbEntity
  8
NoLayerName_001
 62
     4
370
    25
100
AcDbMText
 10
96.5
 20
123.5
 30
0.0
 40
3.5
 41
0.0
 71
     5
 72
     5
  1
\A1;\W0.124855;\T0.750000;ÅD
 73
     1
 44
0.6
1001
ACAD
1000
ACAD_MTEXT_DEFINED_HEIGHT_BEGIN
1070
    46
1040
3.5
1000
ACAD_MTEXT_DEFINED_HEIGHT_END
  0
MTEXT
  5
23D
330
1F
100
AcDbEntity
  8
NoLayerName_001
 62
     4
370
    25
100
AcDbMText
 10
132.0
 20
-142.0
 30
0.0
 40
3.0
 41
3.1875
 71
     8
 72
     5
  1
\A1;\W0.833333;ÅD
 73
     1
 44
0.6
1001
ACAD
1000
ACAD_MTEXT_DEFINED_HEIGHT_BEGIN
1070
    46
1040
3.0
1000
ACAD_MTEXT_DEFINED_HEIGHT_END
  0
LINE
  5
23E
330
1F
100
AcDbEntity
  8
NoLayerName_002
  6
Continuous
 62
     4
370
    25
100
AcDbLine
 10
241.0
 20
116.0
 30
0.0
 11
255.0
 21
116.0
 31
0.0
  0
LINE
  5
23F
330
1F
100
AcDbEntity
  8
NoLayerName_002
  6
Continuous
 62
     4
370
    25
100
AcDbLine
 10
241.0
 20
107.0
 30
0.0
 11
255.0
 21
107.0
 31
0.0
  0
LINE
  5
240
330
1F
100
AcDbEntity
  8
NoLayerName_002
  6
Continuous
 62
     4
370
    25
100
AcDbLine
 10
152.0
 20
107.0
 30
0.0
 11
166.0
 21
107.0
 31
0.0
  0
LINE
  5
241
330
1F
100
AcDbEntity
  8
NoLayerName_002
  6
Continuous
 62
     4
370
    25
100
AcDbLine
 10
152.0
 20
116.0
 30
0.0
 11
166.0
 21
116.0
 31
0.0
  0
MTEXT
  5
242
330
1F
100
AcDbEntity
  8
NoLayerName_002
 62
     4
370
    25
100
AcDbMText
 10
162.5
 20
117.5
 30
0.0
 40
2.0
 41
8.063808033429368
 71
     5
 72
     5
  1
\A1;\W0.790569;\T0.790569;ÇcÇìÇéÇí
 73
     1
 44
0.6
1001
ACAD
1000
ACAD_MTEXT_DEFINED_HEIGHT_BEGIN
1070
    46
1040
2.0
1000
ACAD_MTEXT_DEFINED_HEIGHT_END
  0
MTEXT
  5
243
330
1F
100
AcDbEntity
  8
NoLayerName_002
 62
     4
370
    25
100
AcDbMText
 10
155.75
 20
117.5
 30
0.0
 40
2.0
 41
8.393077504705888
 71
     5
 72
     5
  1
\A1;\W0.822851;\T0.822851;ÇlÇáÇíÅD
 73
     1
 44
0.6
1001
ACAD
1000
ACAD_MTEXT_DEFINED_HEIGHT_BEGIN
1070
    46
1040
2.0
1000
ACAD_MTEXT_DEFINED_HEIGHT_END
  0
MTEXT
  5
244
330
1F
100
AcDbEntity
  8
NoLayerName_001
 62
     4
370
    25
100
AcDbMText
 10
87.5
 20
113.7
 30
0.0
 40
3.0
 41
3.1875
 71
     5
 72
     5
  1
\A1;\W0.833333;ÅD
 73
     1
 44
0.6
1001
ACAD
1000
ACAD_MTEXT_DEFINED_HEIGHT_BEGIN
1070
    46
1040
3.0
1000
ACAD_MTEXT_DEFINED_HEIGHT_END
  0
MTEXT
  5
245
330
1F
100
AcDbEntity
  8
NoLayerName_001
 62
     4
370
    25
100
AcDbMText
 10
96.5
 20
114.5
 30
0.0
 40
3.0
 41
0.9766393639147282
 71
     5
 72
     5
  1
\A1;\W0.255331;ÅD
 73
     1
 44
0.6
1001
ACAD
1000
ACAD_MTEXT_DEFINED_HEIGHT_BEGIN
1070
    46
1040
3.0
1000
ACAD_MTEXT_DEFINED_HEIGHT_END
  0
MTEXT
  5
246
330
1F
100
AcDbEntity
  8
NoLayerName_001
 62
     4
370
    25
100
AcDbMText
 10
104.259335
 20
115.0
 30
0.0
 40
3.0
 41
2.266663238406181
 71
     7
 72
     5
  1
\A1;\W0.592592;ÅD
 73
     1
 44
0.6
1001
ACAD
1000
ACAD_MTEXT_DEFINED_HEIGHT_BEGIN
1070
    46
1040
3.0
1000
ACAD_MTEXT_DEFINED_HEIGHT_END
  0
MTEXT
  5
247
330
1F
100
AcDbEntity
  8
NoLayerName_001
 62
     4
370
    25
100
AcDbMText
 10
104.259335
 20
110.5
 30
0.0
 40
3.0
 41
2.266663238406181
 71
     7
 72
     5
  1
\A1;\W0.592592;ÅD
 73
     1
 44
0.6
1001
ACAD
1000
ACAD_MTEXT_DEFINED_HEIGHT_BEGIN
1070
    46
1040
3.0
1000
ACAD_MTEXT_DEFINED_HEIGHT_END
  0
MTEXT
  5
248
330
1F
100
AcDbEntity
  8
NoLayerName_001
 62
     4
370
    25
100
AcDbMText
 10
155.5
 20
111.8
 30
0.0
 40
3.0
 41
2.266663238406181
 71
     5
 72
     5
  1
\A1;\W0.592592;ÅD
 73
     1
 44
0.6
1001
ACAD
1000
ACAD_MTEXT_DEFINED_HEIGHT_BEGIN
1070
    46
1040
3.0
1000
ACAD_MTEXT_DEFINED_HEIGHT_END
  0
MTEXT
  5
249
330
1F
100
AcDbEntity
  8
NoLayerName_001
 62
     4
370
    25
100
AcDbMText
 10
162.5
 20
111.8
 30
0.0
 40
3.0
 41
2.266663238406181
 71
     5
 72
     5
  1
\A1;\W0.592592;ÅD
 73
     1
 44
0.6
1001
ACAD
1000
ACAD_MTEXT_DEFINED_HEIGHT_BEGIN
1070
    46
1040
3.0
1000
ACAD_MTEXT_DEFINED_HEIGHT_END
  0
MTEXT
  5
24A
330
1F
100
AcDbEntity
  8
NoLayerName_002
 62
     4
370
    25
100
AcDbMText
 10
162.5
 20
108.5
 30
0.0
 40
2.0
 41
8.063808033429368
 71
     5
 72
     5
  1
\A1;\W0.790569;\T0.790569;ÇcÇìÇéÇí
 73
     1
 44
0.6
1001
ACAD
1000
ACAD_MTEXT_DEFINED_HEIGHT_BEGIN
1070
    46
1040
2.0
1000
ACAD_MTEXT_DEFINED_HEIGHT_END
  0
MTEXT
  5
24B
330
1F
100
AcDbEntity
  8
NoLayerName_002
 62
     4
370
    25
100
AcDbMText
 10
155.75
 20
108.5
 30
0.0
 40
2.0
 41
8.393077504705888
 71
     5
 72
     5
  1
\A1;\W0.822851;\T0.822851;ÇlÇáÇíÅD
 73
     1
 44
0.6
1001
ACAD
1000
ACAD_MTEXT_DEFINED_HEIGHT_BEGIN
1070
    46
1040
2.0
1000
ACAD_MTEXT_DEFINED_HEIGHT_END
  0
MTEXT
  5
24C
330
1F
100
AcDbEntity
  8
NoLayerName_001
 62
     4
370
    25
100
AcDbMText
 10
87.5
 20
104.7
 30
0.0
 40
3.0
 41
3.1875
 71
     5
 72
     5
  1
\A1;\W0.833333;ÅD
 73
     1
 44
0.6
1001
ACAD
1000
ACAD_MTEXT_DEFINED_HEIGHT_BEGIN
1070
    46
1040
3.0
1000
ACAD_MTEXT_DEFINED_HEIGHT_END
  0
MTEXT
  5
24D
330
1F
100
AcDbEntity
  8
NoLayerName_001
 62
     4
370
    25
100
AcDbMText
 10
96.5
 20
105.5
 30
0.0
 40
3.0
 41
0.9766393639147282
 71
     5
 72
     5
  1
\A1;\W0.255331;ÅD
 73
     1
 44
0.6
1001
ACAD
1000
ACAD_MTEXT_DEFINED_HEIGHT_BEGIN
1070
    46
1040
3.0
1000
ACAD_MTEXT_DEFINED_HEIGHT_END
  0
MTEXT
  5
24E
330
1F
100
AcDbEntity
  8
NoLayerName_001
 62
     4
370
    25
100
AcDbMText
 10
104.259335
 20
106.0
 30
0.0
 40
3.0
 41
2.266663238406181
 71
     7
 72
     5
  1
\A1;\W0.592592;ÅD
 73
     1
 44
0.6
1001
ACAD
1000
ACAD_MTEXT_DEFINED_HEIGHT_BEGIN
1070
    46
1040
3.0
1000
ACAD_MTEXT_DEFINED_HEIGHT_END
  0
MTEXT
  5
24F
330
1F
100
AcDbEntity
  8
NoLayerName_001
 62
     4
370
    25
100
AcDbMText
 10
104.259335
 20
101.5
 30
0.0
 40
3.0
 41
2.266663238406181
 71
     7
 72
     5
  1
\A1;\W0.592592;ÅD
 73
     1
 44
0.6
1001
ACAD
1000
ACAD_MTEXT_DEFINED_HEIGHT_BEGIN
1070
    46
1040
3.0
1000
ACAD_MTEXT_DEFINED_HEIGHT_END
  0
MTEXT
  5
250
330
1F
100
AcDbEntity
  8
NoLayerName_001
 62
     4
370
    25
100
AcDbMText
 10
155.5
 20
102.8
 30
0.0
 40
3.0
 41
2.266663238406181
 71
     5
 72
     5
  1
\A1;\W0.592592;ÅD
 73
     1
 44
0.6
1001
ACAD
1000
ACAD_MTEXT_DEFINED_HEIGHT_BEGIN
1070
    46
1040
3.0
1000
ACAD_MTEXT_DEFINED_HEIGHT_END
  0
MTEXT
  5
251
330
1F
100
AcDbEntity
  8
NoLayerName_001
 62
     4
370
    25
100
AcDbMText
 10
162.5
 20
102.8
 30
0.0
 40
3.0
 41
2.266663238406181
 71
     5
 72
     5
  1
\A1;\W0.592592;ÅD
 73
     1
 44
0.6
1001
ACAD
1000
ACAD_MTEXT_DEFINED_HEIGHT_BEGIN
1070
    46
1040
3.0
1000
ACAD_MTEXT_DEFINED_HEIGHT_END
  0
MTEXT
  5
252
330
1F
100
AcDbEntity
  8
NoLayerName_002
 62
     4
370
    25
100
AcDbMText
 10
251.5
 20
117.5
 30
0.0
 40
2.0
 41
8.063808033429368
 71
     5
 72
     5
  1
\A1;\W0.790569;\T0.790569;ÇcÇìÇéÇí
 73
     1
 44
0.6
1001
ACAD
1000
ACAD_MTEXT_DEFINED_HEIGHT_BEGIN
1070
    46
1040
2.0
1000
ACAD_MTEXT_DEFINED_HEIGHT_END
  0
MTEXT
  5
253
330
1F
100
AcDbEntity
  8
NoLayerName_002
 62
     4
370
    25
100
AcDbMText
 10
244.75
 20
117.5
 30
0.0
 40
2.0
 41
8.393077504705888
 71
     5
 72
     5
  1
\A1;\W0.822851;\T0.822851;ÇlÇáÇíÅD
 73
     1
 44
0.6
1001
ACAD
1000
ACAD_MTEXT_DEFINED_HEIGHT_BEGIN
1070
    46
1040
2.0
1000
ACAD_MTEXT_DEFINED_HEIGHT_END
  0
MTEXT
  5
254
330
1F
100
AcDbEntity
  8
NoLayerName_001
 62
     4
370
    25
100
AcDbMText
 10
176.5
 20
113.7
 30
0.0
 40
3.0
 41
3.1875
 71
     5
 72
     5
  1
\A1;\W0.833333;ÅD
 73
     1
 44
0.6
1001
ACAD
1000
ACAD_MTEXT_DEFINED_HEIGHT_BEGIN
1070
    46
1040
3.0
1000
ACAD_MTEXT_DEFINED_HEIGHT_END
  0
MTEXT
  5
255
330
1F
100
AcDbEntity
  8
NoLayerName_001
 62
     4
370
    25
100
AcDbMText
 10
185.5
 20
114.5
 30
0.0
 40
3.0
 41
0.9766393639147282
 71
     5
 72
     5
  1
\A1;\W0.255331;ÅD
 73
     1
 44
0.6
1001
ACAD
1000
ACAD_MTEXT_DEFINED_HEIGHT_BEGIN
1070
    46
1040
3.0
1000
ACAD_MTEXT_DEFINED_HEIGHT_END
  0
MTEXT
  5
256
330
1F
100
AcDbEntity
  8
NoLayerName_001
 62
     4
370
    25
100
AcDbMText
 10
193.259335
 20
115.0
 30
0.0
 40
3.0
 41
2.266663238406181
 71
     7
 72
     5
  1
\A1;\W0.592592;ÅD
 73
     1
 44
0.6
1001
ACAD
1000
ACAD_MTEXT_DEFINED_HEIGHT_BEGIN
1070
    46
1040
3.0
1000
ACAD_MTEXT_DEFINED_HEIGHT_END
  0
MTEXT
  5
257
330
1F
100
AcDbEntity
  8
NoLayerName_001
 62
     4
370
    25
100
AcDbMText
 10
193.259335
 20
110.5
 30
0.0
 40
3.0
 41
2.266663238406181
 71
     7
 72
     5
  1
\A1;\W0.592592;ÅD
 73
     1
 44
0.6
1001
ACAD
1000
ACAD_MTEXT_DEFINED_HEIGHT_BEGIN
1070
    46
1040
3.0
1000
ACAD_MTEXT_DEFINED_HEIGHT_END
  0
MTEXT
  5
258
330
1F
100
AcDbEntity
  8
NoLayerName_001
 62
     4
370
    25
100
AcDbMText
 10
244.5
 20
111.8
 30
0.0
 40
3.0
 41
2.266663238406181
 71
     5
 72
     5
  1
\A1;\W0.592592;ÅD
 73
     1
 44
0.6
1001
ACAD
1000
ACAD_MTEXT_DEFINED_HEIGHT_BEGIN
1070
    46
1040
3.0
1000
ACAD_MTEXT_DEFINED_HEIGHT_END
  0
MTEXT
  5
259
330
1F
100
AcDbEntity
  8
NoLayerName_001
 62
     4
370
    25
100
AcDbMText
 10
251.5
 20
111.8
 30
0.0
 40
3.0
 41
2.266663238406181
 71
     5
 72
     5
  1
\A1;\W0.592592;ÅD
 73
     1
 44
0.6
1001
ACAD
1000
ACAD_MTEXT_DEFINED_HEIGHT_BEGIN
1070
    46
1040
3.0
1000
ACAD_MTEXT_DEFINED_HEIGHT_END
  0
MTEXT
  5
25A
330
1F
100
AcDbEntity
  8
NoLayerName_002
 62
     4
370
    25
100
AcDbMText
 10
251.5
 20
108.5
 30
0.0
 40
2.0
 41
8.063808033429368
 71
     5
 72
     5
  1
\A1;\W0.790569;\T0.790569;ÇcÇìÇéÇí
 73
     1
 44
0.6
1001
ACAD
1000
ACAD_MTEXT_DEFINED_HEIGHT_BEGIN
1070
    46
1040
2.0
1000
ACAD_MTEXT_DEFINED_HEIGHT_END
  0
MTEXT
  5
25B
330
1F
100
AcDbEntity
  8
NoLayerName_002
 62
     4
370
    25
100
AcDbMText
 10
244.75
 20
108.5
 30
0.0
 40
2.0
 41
8.393077504705888
 71
     5
 72
     5
  1
\A1;\W0.822851;\T0.822851;ÇlÇáÇíÅD
 73
     1
 44
0.6
1001
ACAD
1000
ACAD_MTEXT_DEFINED_HEIGHT_BEGIN
1070
    46
1040
2.0
1000
ACAD_MTEXT_DEFINED_HEIGHT_END
  0
MTEXT
  5
25C
330
1F
100
AcDbEntity
  8
NoLayerName_001
 62
     4
370
    25
100
AcDbMText
 10
176.5
 20
104.7
 30
0.0
 40
3.0
 41
3.1875
 71
     5
 72
     5
  1
\A1;\W0.833333;ÅD
 73
     1
 44
0.6
1001
ACAD
1000
ACAD_MTEXT_DEFINED_HEIGHT_BEGIN
1070
    46
1040
3.0
1000
ACAD_MTEXT_DEFINED_HEIGHT_END
  0
MTEXT
  5
25D
330
1F
100
AcDbEntity
  8
NoLayerName_001
 62
     4
370
    25
100
AcDbMText
 10
185.5
 20
105.5
 30
0.0
 40
3.0
 41
0.9766393639147282
 71
     5
 72
     5
  1
\A1;\W0.255331;ÅD
 73
     1
 44
0.6
1001
ACAD
1000
ACAD_MTEXT_DEFINED_HEIGHT_BEGIN
1070
    46
1040
3.0
1000
ACAD_MTEXT_DEFINED_HEIGHT_END
  0
MTEXT
  5
25E
330
1F
100
AcDbEntity
  8
NoLayerName_001
 62
     4
370
    25
100
AcDbMText
 10
193.259335
 20
106.0
 30
0.0
 40
3.0
 41
2.266663238406181
 71
     7
 72
     5
  1
\A1;\W0.592592;ÅD
 73
     1
 44
0.6
1001
ACAD
1000
ACAD_MTEXT_DEFINED_HEIGHT_BEGIN
1070
    46
1040
3.0
1000
ACAD_MTEXT_DEFINED_HEIGHT_END
  0
MTEXT
  5
25F
330
1F
100
AcDbEntity
  8
NoLayerName_001
 62
     4
370
    25
100
AcDbMText
 10
193.259335
 20
101.5
 30
0.0
 40
3.0
 41
2.266663238406181
 71
     7
 72
     5
  1
\A1;\W0.592592;ÅD
 73
     1
 44
0.6
1001
ACAD
1000
ACAD_MTEXT_DEFINED_HEIGHT_BEGIN
1070
    46
1040
3.0
1000
ACAD_MTEXT_DEFINED_HEIGHT_END
  0
MTEXT
  5
260
330
1F
100
AcDbEntity
  8
NoLayerName_001
 62
     4
370
    25
100
AcDbMText
 10
244.5
 20
102.8
 30
0.0
 40
3.0
 41
2.266663238406181
 71
     5
 72
     5
  1
\A1;\W0.592592;ÅD
 73
     1
 44
0.6
1001
ACAD
1000
ACAD_MTEXT_DEFINED_HEIGHT_BEGIN
1070
    46
1040
3.0
1000
ACAD_MTEXT_DEFINED_HEIGHT_END
  0
MTEXT
  5
261
330
1F
100
AcDbEntity
  8
NoLayerName_001
 62
     4
370
    25
100
AcDbMText
 10
251.5
 20
102.8
 30
0.0
 40
3.0
 41
2.266663238406181
 71
     5
 72
     5
  1
\A1;\W0.592592;ÅD
 73
     1
 44
0.6
1001
ACAD
1000
ACAD_MTEXT_DEFINED_HEIGHT_BEGIN
1070
    46
1040
3.0
1000
ACAD_MTEXT_DEFINED_HEIGHT_END
  0
LINE
  5
262
330
1F
100
AcDbEntity
  8
NoLayerName_002
  6
DASHED
 62
     4
370
    25
100
AcDbLine
 10
103.0
 20
123.5
 30
0.0
 11
241.0
 21
123.5
 31
0.0
  0
LINE
  5
263
330
1F
100
AcDbEntity
  8
NoLayerName_002
  6
Continuous
 62
     4
370
    25
100
AcDbLine
 10
241.0
 20
125.0
 30
0.0
 11
255.0
 21
125.0
 31
0.0
  0
MTEXT
  5
264
330
1F
100
AcDbEntity
  8
NoLayerName_002
 62
     4
370
    25
100
AcDbMText
 10
251.5
 20
126.5
 30
0.0
 40
2.0
 41
8.063808033429368
 71
     5
 72
     5
  1
\A1;\W0.790569;\T0.790569;ÇcÇìÇéÇí
 73
     1
 44
0.6
1001
ACAD
1000
ACAD_MTEXT_DEFINED_HEIGHT_BEGIN
1070
    46
1040
2.0
1000
ACAD_MTEXT_DEFINED_HEIGHT_END
  0
MTEXT
  5
265
330
1F
100
AcDbEntity
  8
NoLayerName_002
 62
     4
370
    25
100
AcDbMText
 10
244.75
 20
126.5
 30
0.0
 40
2.0
 41
8.393077504705888
 71
     5
 72
     5
  1
\A1;\W0.822851;\T0.822851;ÇlÇáÇíÅD
 73
     1
 44
0.6
1001
ACAD
1000
ACAD_MTEXT_DEFINED_HEIGHT_BEGIN
1070
    46
1040
2.0
1000
ACAD_MTEXT_DEFINED_HEIGHT_END
  0
MTEXT
  5
266
330
1F
100
AcDbEntity
  8
NoLayerName_001
 62
     4
370
    25
100
AcDbMText
 10
244.5
 20
120.8
 30
0.0
 40
3.0
 41
2.266663238406181
 71
     5
 72
     5
  1
\A1;\W0.592592;ÅD
 73
     1
 44
0.6
1001
ACAD
1000
ACAD_MTEXT_DEFINED_HEIGHT_BEGIN
1070
    46
1040
3.0
1000
ACAD_MTEXT_DEFINED_HEIGHT_END
  0
MTEXT
  5
267
330
1F
100
AcDbEntity
  8
NoLayerName_001
 62
     4
370
    25
100
AcDbMText
 10
251.5
 20
120.8
 30
0.0
 40
3.0
 41
2.266663238406181
 71
     5
 72
     5
  1
\A1;\W0.592592;ÅD
 73
     1
 44
0.6
1001
ACAD
1000
ACAD_MTEXT_DEFINED_HEIGHT_BEGIN
1070
    46
1040
3.0
1000
ACAD_MTEXT_DEFINED_HEIGHT_END
  0
LINE
  5
268
330
1F
100
AcDbEntity
  8
NoLayerName_002
  6
Continuous
 62
     4
370
    25
100
AcDbLine
 10
241.0
 20
128.0
 30
0.0
 11
241.0
 21
101.0
 31
0.0
  0
LINE
  5
269
330
1F
100
AcDbEntity
  8
NoLayerName_002
  6
Continuous
 62
     4
370
    25
100
AcDbLine
 10
-101.0
 20
116.0
 30
0.0
 11
76.9999
 21
116.0
 31
0.0
  0
LINE
  5
26A
330
1F
100
AcDbEntity
  8
NoLayerName_002
  6
Continuous
 62
     4
370
    25
100
AcDbLine
 10
77.0
 20
119.5
 30
0.0
 11
-101.0
 21
119.5
 31
0.0
  0
LINE
  5
26B
330
1F
100
AcDbEntity
  8
NoLayerName_002
  6
Continuous
 62
     4
370
    25
100
AcDbLine
 10
59.0
 20
119.5
 30
0.0
 11
59.0
 21
128.0
 31
0.0
  0
LINE
  5
26C
330
1F
100
AcDbEntity
  8
NoLayerName_002
  6
Continuous
 62
     4
370
    25
100
AcDbLine
 10
41.0
 20
119.5
 30
0.0
 11
41.0
 21
128.0
 31
0.0
  0
LINE
  5
26D
330
1F
100
AcDbEntity
  8
NoLayerName_002
  6
Continuous
 62
     4
370
    25
100
AcDbLine
 10
23.0
 20
119.5
 30
0.0
 11
23.0
 21
128.0
 31
0.0
  0
LINE
  5
26E
330
1F
100
AcDbEntity
  8
NoLayerName_002
  6
Continuous
 62
     4
370
    25
100
AcDbLine
 10
5.0
 20
119.5
 30
0.0
 11
5.0
 21
128.0
 31
0.0
  0
LINE
  5
26F
330
1F
100
AcDbEntity
  8
NoLayerName_002
  6
Continuous
 62
     4
370
    25
100
AcDbLine
 10
-13.0
 20
119.5
 30
0.0
 11
-13.0
 21
128.0
 31
0.0
  0
LINE
  5
270
330
1F
100
AcDbEntity
  8
NoLayerName_002
  6
Continuous
 62
     4
370
    25
100
AcDbLine
 10
-31.0
 20
119.5
 30
0.0
 11
-31.0
 21
128.0
 31
0.0
  0
LINE
  5
271
330
1F
100
AcDbEntity
  8
NoLayerName_002
  6
Continuous
 62
     4
370
    25
100
AcDbLine
 10
77.0
 20
122.65
 30
0.0
 11
-65.0
 21
122.65
 31
0.0
  0
LINE
  5
272
330
1F
100
AcDbEntity
  8
NoLayerName_002
  6
Continuous
 62
     4
370
    25
100
AcDbLine
 10
-65.0
 20
119.5
 30
0.0
 11
-65.0
 21
128.0
 31
0.0
  0
LINE
  5
273
330
1F
100
AcDbEntity
  8
NoLayerName_002
  6
Continuous
 62
     4
370
    25
100
AcDbLine
 10
-49.0
 20
119.5
 30
0.0
 11
-49.0
 21
128.0
 31
0.0
  0
MTEXT
  5
274
330
1F
100
AcDbEntity
  8
NoLayerName_002
 62
     4
370
    25
100
AcDbMText
 10
61.68946315663322
 20
125.65
 30
0.0
 40
1.700000047683716
 41
13.79665735517137
 71
     7
 72
     5
  1
\A1;\W0.707249;\T0.994568;ÇnÇuÇdÇqÅ@ÇQÇOÇOÇO
 73
     1
 44
0.6
1001
ACAD
1000
ACAD_MTEXT_DEFINED_HEIGHT_BEGIN
1070
    46
1040
1.700000047683716
1000
ACAD_MTEXT_DEFINED_HEIGHT_END
  0
MTEXT
  5
275
330
1F
100
AcDbEntity
  8
NoLayerName_002
 62
     4
370
    25
100
AcDbMText
 10
61.68946315663322
 20
123.1
 30
0.0
 40
1.700000047683716
 41
13.79665735517137
 71
     7
 72
     5
  1
\A1;\W0.707249;\T0.994568;Å@ÇsÇnÅ@Å@ÇSÇOÇOÇO
 73
     1
 44
0.6
1001
ACAD
1000
ACAD_MTEXT_DEFINED_HEIGHT_BEGIN
1070
    46
1040
1.700000047683716
1000
ACAD_MTEXT_DEFINED_HEIGHT_END
  0
MTEXT
  5
276
330
1F
100
AcDbEntity
  8
NoLayerName_002
 62
     4
370
    25
100
AcDbMText
 10
-93.80770000000001
 20
120.328
 30
0.0
 40
2.200000047683716
 41
27.08700358867646
 71
     7
 72
     5
  1
\A1;\W0.728414;\T1.019780;ÇeÇnÇqÅ@ÇlÇ`ÇbÇgÇhÇmÇhÇmÇf
 73
     1
 44
0.6
1001
ACAD
1000
ACAD_MTEXT_DEFINED_HEIGHT_BEGIN
1070
    46
1040
2.200000047683716
1000
ACAD_MTEXT_DEFINED_HEIGHT_END
  0
MTEXT
  5
277
330
1F
100
AcDbEntity
  8
NoLayerName_002
 62
     4
370
    25
100
AcDbMText
 10
-98.55799000000002
 20
123.52
 30
0.0
 40
2.200000047683716
 41
34.58119882643222
 71
     7
 72
     5
  1
\A1;\W0.719722;\T1.007612;ÇfÇdÇmÇdÇqÇ`ÇkÅ@ÇsÇnÇkÇdÇqÇ`ÇmÇbÇd
 73
     1
 44
0.6
1001
ACAD
1000
ACAD_MTEXT_DEFINED_HEIGHT_BEGIN
1070
    46
1040
2.200000047683716
1000
ACAD_MTEXT_DEFINED_HEIGHT_END
  0
MTEXT
  5
278
330
1F
100
AcDbEntity
  8
NoLayerName_002
 62
     4
370
    25
100
AcDbMText
 10
8.417472750381194
 20
125.65
 30
0.0
 40
1.700000047683716
 41
12.26369542681899
 71
     7
 72
     5
  1
\A1;\W0.707249;\T0.994568;ÇnÇuÇdÇqÅ@ÇPÇQÇO
 73
     1
 44
0.6
1001
ACAD
1000
ACAD_MTEXT_DEFINED_HEIGHT_BEGIN
1070
    46
1040
1.700000047683716
1000
ACAD_MTEXT_DEFINED_HEIGHT_END
  0
MTEXT
  5
279
330
1F
100
AcDbEntity
  8
NoLayerName_002
 62
     4
370
    25
100
AcDbMText
 10
10.23889275038118
 20
119.875
 30
0.0
 40
2.0
 41
8.5
 71
     7
 72
     5
  1
\A1;\W0.769800;\T1.082533;Å}ÇOÅDÇT
 73
     1
 44
0.6
1001
ACAD
1000
ACAD_MTEXT_DEFINED_HEIGHT_BEGIN
1070
    46
1040
2.0
1000
ACAD_MTEXT_DEFINED_HEIGHT_END
  0
MTEXT
  5
27A
330
1F
100
AcDbEntity
  8
NoLayerName_002
 62
     4
370
    25
100
AcDbMText
 10
66.22835815663322
 20
119.875
 30
0.0
 40
2.0
 41
4.25
 71
     7
 72
     5
  1
\A1;\W0.769800;\T1.082533;Å}ÇQ
 73
     1
 44
0.6
1001
ACAD
1000
ACAD_MTEXT_DEFINED_HEIGHT_BEGIN
1070
    46
1040
2.0
1000
ACAD_MTEXT_DEFINED_HEIGHT_END
  0
MTEXT
  5
27B
330
1F
100
AcDbEntity
  8
NoLayerName_002
 62
     4
370
    25
100
AcDbMText
 10
8.417472750381194
 20
123.1
 30
0.0
 40
1.700000047683716
 41
12.26369542681899
 71
     7
 72
     5
  1
\A1;\W0.707249;\T0.994568;Å@ÇsÇnÅ@Å@ÇSÇOÇO
 73
     1
 44
0.6
1001
ACAD
1000
ACAD_MTEXT_DEFINED_HEIGHT_BEGIN
1070
    46
1040
1.700000047683716
1000
ACAD_MTEXT_DEFINED_HEIGHT_END
  0
MTEXT
  5
27C
330
1F
100
AcDbEntity
  8
NoLayerName_002
 62
     4
370
    25
100
AcDbMText
 10
43.58694647892125
 20
125.65
 30
0.0
 40
1.700000047683716
 41
13.79665735517137
 71
     7
 72
     5
  1
\A1;\W0.707249;\T0.994568;ÇnÇuÇdÇqÅ@ÇPÇOÇOÇO
 73
     1
 44
0.6
1001
ACAD
1000
ACAD_MTEXT_DEFINED_HEIGHT_BEGIN
1070
    46
1040
1.700000047683716
1000
ACAD_MTEXT_DEFINED_HEIGHT_END
  0
MTEXT
  5
27D
330
1F
100
AcDbEntity
  8
NoLayerName_002
 62
     4
370
    25
100
AcDbMText
 10
43.58694647892125
 20
123.1
 30
0.0
 40
1.700000047683716
 41
13.79665735517137
 71
     7
 72
     5
  1
\A1;\W0.707249;\T0.994568;Å@ÇsÇnÅ@Å@ÇQÇOÇOÇO
 73
     1
 44
0.6
1001
ACAD
1000
ACAD_MTEXT_DEFINED_HEIGHT_BEGIN
1070
    46
1040
1.700000047683716
1000
ACAD_MTEXT_DEFINED_HEIGHT_END
  0
MTEXT
  5
27E
330
1F
100
AcDbEntity
  8
NoLayerName_002
 62
     4
370
    25
100
AcDbMText
 10
48.12584147892125
 20
119.875
 30
0.0
 40
2.0
 41
8.5
 71
     7
 72
     5
  1
\A1;\W0.769800;\T1.082533;Å}ÇPÅDÇQ
 73
     1
 44
0.6
1001
ACAD
1000
ACAD_MTEXT_DEFINED_HEIGHT_BEGIN
1070
    46
1040
2.0
1000
ACAD_MTEXT_DEFINED_HEIGHT_END
  0
MTEXT
  5
27F
330
1F
100
AcDbEntity
  8
NoLayerName_002
 62
     4
370
    25
100
AcDbMText
 10
25.82385322124003
 20
123.1
 30
0.0
 40
1.700000047683716
 41
13.79665735517137
 71
     7
 72
     5
  1
\A1;\W0.707249;\T0.994568;Å@ÇsÇnÅ@Å@ÇPÇOÇOÇO
 73
     1
 44
0.6
1001
ACAD
1000
ACAD_MTEXT_DEFINED_HEIGHT_BEGIN
1070
    46
1040
1.700000047683716
1000
ACAD_MTEXT_DEFINED_HEIGHT_END
  0
MTEXT
  5
280
330
1F
100
AcDbEntity
  8
NoLayerName_002
 62
     4
370
    25
100
AcDbMText
 10
30.36274822124005
 20
119.875
 30
0.0
 40
2.0
 41
8.5
 71
     7
 72
     5
  1
\A1;\W0.769800;\T1.082533;Å}ÇOÅDÇW
 73
     1
 44
0.6
1001
ACAD
1000
ACAD_MTEXT_DEFINED_HEIGHT_BEGIN
1070
    46
1040
2.0
1000
ACAD_MTEXT_DEFINED_HEIGHT_END
  0
MTEXT
  5
281
330
1F
100
AcDbEntity
  8
NoLayerName_002
 62
     4
370
    25
100
AcDbMText
 10
25.82385322124003
 20
125.65
 30
0.0
 40
1.700000047683716
 41
13.79665735517137
 71
     7
 72
     5
  1
\A1;\W0.707249;\T0.994568;ÇnÇuÇdÇqÅ@Å@ÇSÇOÇO
 73
     1
 44
0.6
1001
ACAD
1000
ACAD_MTEXT_DEFINED_HEIGHT_BEGIN
1070
    46
1040
1.700000047683716
1000
ACAD_MTEXT_DEFINED_HEIGHT_END
  0
MTEXT
  5
282
330
1F
100
AcDbEntity
  8
NoLayerName_002
 62
     4
370
    25
100
AcDbMText
 10
-10.05794765169992
 20
125.65
 30
0.0
 40
1.700000047683716
 41
12.26369542681899
 71
     7
 72
     5
  1
\A1;\W0.707249;\T0.994568;ÇnÇuÇdÇqÅ@Å@ÇRÇO
 73
     1
 44
0.6
1001
ACAD
1000
ACAD_MTEXT_DEFINED_HEIGHT_BEGIN
1070
    46
1040
1.700000047683716
1000
ACAD_MTEXT_DEFINED_HEIGHT_END
  0
MTEXT
  5
283
330
1F
100
AcDbEntity
  8
NoLayerName_002
 62
     4
370
    25
100
AcDbMText
 10
-10.05794765169992
 20
123.1
 30
0.0
 40
1.700000047683716
 41
12.26369542681899
 71
     7
 72
     5
  1
\A1;\W0.707249;\T0.994568;Å@ÇsÇnÅ@Å@ÇPÇQÇO
 73
     1
 44
0.6
1001
ACAD
1000
ACAD_MTEXT_DEFINED_HEIGHT_BEGIN
1070
    46
1040
1.700000047683716
1000
ACAD_MTEXT_DEFINED_HEIGHT_END
  0
MTEXT
  5
284
330
1F
100
AcDbEntity
  8
NoLayerName_002
 62
     4
370
    25
100
AcDbMText
 10
-8.236527651699873
 20
119.875
 30
0.0
 40
2.0
 41
8.5
 71
     7
 72
     5
  1
\A1;\W0.769800;\T1.082533;Å}ÇOÅDÇR
 73
     1
 44
0.6
1001
ACAD
1000
ACAD_MTEXT_DEFINED_HEIGHT_BEGIN
1070
    46
1040
2.0
1000
ACAD_MTEXT_DEFINED_HEIGHT_END
  0
MTEXT
  5
285
330
1F
100
AcDbEntity
  8
NoLayerName_002
 62
     4
370
    25
100
AcDbMText
 10
-27.8150549530983
 20
125.65
 30
0.0
 40
1.700000047683716
 41
10.73073349846662
 71
     7
 72
     5
  1
\A1;\W0.707249;\T0.994568;ÇnÇuÇdÇqÅ@Å@ÇU
 73
     1
 44
0.6
1001
ACAD
1000
ACAD_MTEXT_DEFINED_HEIGHT_BEGIN
1070
    46
1040
1.700000047683716
1000
ACAD_MTEXT_DEFINED_HEIGHT_END
  0
MTEXT
  5
286
330
1F
100
AcDbEntity
  8
NoLayerName_002
 62
     4
370
    25
100
AcDbMText
 10
-27.8150549530983
 20
123.1
 30
0.0
 40
1.700000047683716
 41
10.73073349846662
 71
     7
 72
     5
  1
\A1;\W0.707249;\T0.994568;Å@ÇsÇnÅ@Å@ÇRÇO
 73
     1
 44
0.6
1001
ACAD
1000
ACAD_MTEXT_DEFINED_HEIGHT_BEGIN
1070
    46
1040
1.700000047683716
1000
ACAD_MTEXT_DEFINED_HEIGHT_END
  0
MTEXT
  5
287
330
1F
100
AcDbEntity
  8
NoLayerName_002
 62
     4
370
    25
100
AcDbMText
 10
-26.71110995309829
 20
119.875
 30
0.0
 40
2.0
 41
8.5
 71
     7
 72
     5
  1
\A1;\W0.769800;\T1.082533;Å}ÇOÅDÇQ
 73
     1
 44
0.6
1001
ACAD
1000
ACAD_MTEXT_DEFINED_HEIGHT_BEGIN
1070
    46
1040
2.0
1000
ACAD_MTEXT_DEFINED_HEIGHT_END
  0
MTEXT
  5
288
330
1F
100
AcDbEntity
  8
NoLayerName_002
 62
     4
370
    25
100
AcDbMText
 10
-44.03010995014188
 20
123.1
 30
0.0
 40
1.700000047683716
 41
9.197771570114245
 71
     7
 72
     5
  1
\A1;\W0.707249;\T0.994568;Å@ÇsÇnÅ@Å@ÇU
 73
     1
 44
0.6
1001
ACAD
1000
ACAD_MTEXT_DEFINED_HEIGHT_BEGIN
1070
    46
1040
1.700000047683716
1000
ACAD_MTEXT_DEFINED_HEIGHT_END
  0
MTEXT
  5
289
330
1F
100
AcDbEntity
  8
NoLayerName_002
 62
     4
370
    25
100
AcDbMText
 10
-43.64363995014196
 20
119.875
 30
0.0
 40
2.0
 41
7.744445629417896
 71
     7
 72
     5
  1
\A1;\W0.779363;\T1.095981;Å}ÇOÅD1
 73
     1
 44
0.6
1001
ACAD
1000
ACAD_MTEXT_DEFINED_HEIGHT_BEGIN
1070
    46
1040
2.0
1000
ACAD_MTEXT_DEFINED_HEIGHT_END
  0
MTEXT
  5
28A
330
1F
100
AcDbEntity
  8
NoLayerName_002
 62
     4
370
    25
100
AcDbMText
 10
-45.53252995014191
 20
125.65
 30
0.0
 40
1.700000047683716
 41
12.26369542681899
 71
     7
 72
     5
  1
\A1;\W0.707249;\T0.994568;ÇnÇuÇdÇqÅ@ÇOÅDÇT
 73
     1
 44
0.6
1001
ACAD
1000
ACAD_MTEXT_DEFINED_HEIGHT_BEGIN
1070
    46
1040
1.700000047683716
1000
ACAD_MTEXT_DEFINED_HEIGHT_END
  0
MTEXT
  5
28B
330
1F
100
AcDbEntity
  8
NoLayerName_002
 62
     4
370
    25
100
AcDbMText
 10
-62.01077999999995
 20
124.176
 30
0.0
 40
2.200000047683716
 41
11.56945578753948
 71
     7
 72
     5
  1
\A1;\W0.767611;\T1.074654;ÇqÇ`ÇmÇfÇd
 73
     1
 44
0.6
1001
ACAD
1000
ACAD_MTEXT_DEFINED_HEIGHT_BEGIN
1070
    46
1040
2.200000047683716
1000
ACAD_MTEXT_DEFINED_HEIGHT_END
  0
MTEXT
  5
28C
330
1F
100
AcDbEntity
  8
NoLayerName_002
 62
     4
370
    25
100
AcDbMText
 10
-64.40444500000001
 20
120.025
 30
0.0
 40
1.700000047683716
 41
16.25625045597553
 71
     7
 72
     5
  1
\A1;\W0.769801;\T1.082531;ÇsÇnÇkÇdÇqÇ`ÇmÇbÇd
 73
     1
 44
0.6
1001
ACAD
1000
ACAD_MTEXT_DEFINED_HEIGHT_BEGIN
1070
    46
1040
1.700000047683716
1000
ACAD_MTEXT_DEFINED_HEIGHT_END
  0
MTEXT
  5
28D
330
1F
100
AcDbEntity
  8
NoLayerName_002
 62
     4
370
    25
100
AcDbMText
 10
-52.67475999999999
 20
116.546
 30
0.0
 40
2.200000047683716
 41
79.07725274562831
 71
     7
 72
     5
  1
\A1;\W0.718561;\T1.005983;ÇfÇdÇmÇdÇqÇ`ÇkÅ@ÇsÇnÇkÇdÇqÇ`ÇmÇbÇdÅ@ÇrÇgÇ`ÇkÇkÅ@ÇbÇnÇmÇeÇnÇqÇlÅ@ÇsÇnÅ@ÇmÇsÇrÅ@
 73
     1
 44
0.6
1001
ACAD
1000
ACAD_MTEXT_DEFINED_HEIGHT_BEGIN
1070
    46
1040
2.200000047683716
1000
ACAD_MTEXT_DEFINED_HEIGHT_END
  0
MTEXT
  5
28E
330
1F
100
AcDbEntity
  8
NoLayerName_001
 62
     4
370
    25
100
AcDbMText
 10
247.5
 20
-125.7677
 30
0.0
 40
4.0
 41
20.71193824261961
 71
     5
 72
     5
  1
\A1;\W0.812233;\T0.812233;ÇrÇrÇSÇOÇO
 73
     1
 44
0.6
1001
ACAD
1000
ACAD_MTEXT_DEFINED_HEIGHT_BEGIN
1070
    46
1040
4.0
1000
ACAD_MTEXT_DEFINED_HEIGHT_END
  0
SPLINE
  5
28F
330
1F
100
AcDbEntity
  8
NoLayerName_002
  6
Continuous
 62
     4
370
    50
100
AcDbSpline
210
0.0
220
0.0
230
1.0
 70
  1064
 71
     3
 72
    15
 73
    11
 74
     9
 42
0.0000000001
 43
0.0000000001
 44
0.0
 12
-0.9954954725939517
 22
0.09480909262800041
 32
0.0
 13
-0.1664256650017097
 23
0.986054003606668
 33
0.0
 40
0.0
 40
0.0
 40
0.0
 40
0.0
 40
0.1433252395461458
 40
0.3019390220393432
 40
0.3878804691375431
 40
0.5520713732768298
 40
0.754079482320924
 40
0.9243433492823017
 40
1.036397287008155
 40
1.102916038611246
 40
1.102916038611246
 40
1.102916038611246
 40
1.102916038611246
 10
136.1017236188116
 20
-159.9999999999999
 30
0.0
 10
136.0541637431194
 20
-159.9954704880292
 30
0.0
 10
135.9540296397751
 20
-159.987324114949
 30
0.0
 10
135.8250755302136
 20
-159.969304048134
 30
0.0
 10
135.6965780272393
 20
-159.9237196417172
 30
0.0
 10
135.5554692843111
 20
-159.8673408806842
 30
0.0
 10
135.420829591485
 20
-159.7425746232569
 30
0.0
 10
135.3409591228657
 20
-159.5991710969638
 30
0.0
 10
135.3153856386556
 20
-159.4850801679187
 30
0.0
 10
135.3062082509317
 20
-159.426319711874
 30
0.0
 10
135.3025181084415
 20
-159.4044560180963
 30
0.0
 11
136.1017236188116
 21
-159.9999999999999
 31
0.0
 11
135.959043991735
 21
-159.9864114640878
 31
0.0
 11
135.8027758287463
 21
-159.9592343922637
 31
0.0
 11
135.7212446132739
 21
-159.9320573204396
 31
0.0
 11
135.5717707182413
 21
-159.8641146408793
 31
0.0
 11
135.4222968232086
 21
-159.7282292817586
 31
0.0
 11
135.3407656077362
 21
-159.578755386726
 31
0.0
 11
135.3135885359121
 21
-159.4700470994295
 31
0.0
 11
135.3025181084415
 21
-159.4044560180963
 31
0.0
  0
LINE
  5
290
330
1F
100
AcDbEntity
  8
NoLayerName_002
  6
Continuous
 62
     4
370
    50
100
AcDbLine
 10
124.3052262805615
 20
-158.0677210208236
 30
0.0
 11
125.2853677917379
 21
-160.0
 31
0.0
  0
SPLINE
  5
291
330
1F
100
AcDbEntity
  8
NoLayerName_002
  6
Continuous
 62
     4
370
    50
100
AcDbSpline
210
0.0
220
0.0
230
1.0
 70
  1064
 71
     3
 72
    18
 73
    14
 74
    12
 42
0.0000000001
 43
0.0000000001
 44
0.0
 12
0.09950371902110355
 22
-0.9950371902099787
 32
0.0
 13
0.9938837346736203
 23
-0.1104315260748333
 33
0.0
 40
0.0
 40
0.0
 40
0.0
 40
0.0
 40
0.1311005719577746
 40
0.2897997791657673
 40
0.4408169567065554
 40
0.5962074375256774
 40
0.7084247231113688
 40
0.8560119879789286
 40
0.9790782197293166
 40
1.078425937822582
 40
1.214619678554663
 40
1.293969282158657
 40
1.412096731259906
 40
1.412096731259906
 40
1.412096731259906
 40
1.412096731259906
 10
125.7
 20
-159.0607603977584
 30
0.0
 10
125.7043483314918
 20
-159.104243712677
 30
0.0
 10
125.712098156999
 20
-159.200569000645
 30
0.0
 10
125.7364097088545
 20
-159.3457131894571
 30
0.0
 10
125.7752251725751
 20
-159.4960392772041
 30
0.0
 10
125.832086202729
 20
-159.6248788498296
 30
0.0
 10
125.913995000828
 20
-159.7368977631457
 30
0.0
 10
126.0029762059336
 20
-159.8299276689129
 30
0.0
 10
126.1092175943965
 20
-159.8946790717551
 30
0.0
 10
126.2196221043523
 20
-159.940637965903
 30
0.0
 10
126.3201480451858
 20
-159.9724215488446
 30
0.0
 10
126.4301966450871
 20
-159.9896252456492
 30
0.0
 10
126.4957446630102
 20
-159.9956516685082
 30
0.0
 10
126.534879646437
 20
-160.0
 30
0.0
 11
125.7
 21
-159.0607603977584
 31
0.0
 11
125.7130449944756
 21
-159.1912103425142
 31
0.0
 11
125.7391349834267
 21
-159.3477502762211
 31
0.0
 11
125.7787583787665
 21
-159.4934766446454
 31
0.0
 11
125.8434949392313
 21
-159.6347401546838
 31
0.0
 11
125.9087199116092
 21
-159.7260551160129
 31
0.0
 11
126.0130798674138
 21
-159.8304150718175
 31
0.0
 11
126.1174398232185
 21
-159.8956400441954
 31
0.0
 11
126.2087547845475
 21
-159.9347750276221
 31
0.0
 11
126.3392047293033
 21
-159.9739100110489
 31
0.0
 11
126.4174746961568
 21
-159.9869550055244
 31
0.0
 11
126.534879646437
 21
-160.0
 31
0.0
  0
SPLINE
  5
292
330
1F
100
AcDbEntity
  8
NoLayerName_002
  6
Continuous
 62
     4
370
    50
100
AcDbSpline
210
0.0
220
0.0
230
1.0
 70
  1064
 71
     3
 72
    18
 73
    14
 74
    12
 42
0.0000000001
 43
0.0000000001
 44
0.0
 12
-0.09053574604261413
 22
-0.9958932064676952
 32
0.0
 13
-0.9938837346736203
 23
-0.1104315260748333
 33
0.0
 40
0.0
 40
0.0
 40
0.0
 40
0.0
 40
0.1440866734499791
 40
0.3156667870708251
 40
0.4644026082869072
 40
0.6049014986052056
 40
0.7460046880147332
 40
0.893591952882293
 40
1.074818807976946
 40
1.157322597191255
 40
1.198574491798382
 40
1.331607854569749
 40
1.449735303670998
 40
1.449735303670998
 40
1.449735303670998
 40
1.449735303670998
 10
127.61761418791
 20
-159.0216254143316
 30
0.0
 10
127.6132658564181
 20
-159.0694570607421
 30
0.0
 10
127.6053031254911
 20
-159.1743407782561
 30
0.0
 10
127.5835090157345
 20
-159.3280403478917
 30
0.0
 10
127.5420397570962
 20
-159.4760618129404
 30
0.0
 10
127.4923176065631
 20
-159.6114385706577
 30
0.0
 10
127.4107484584253
 20
-159.7305455285144
 30
0.0
 10
127.3004084040504
 20
-159.8426197604487
 30
0.0
 10
127.1804014707562
 20
-159.9147533414435
 30
0.0
 10
127.0825942851617
 20
-159.942924372248
 30
0.0
 10
127.0019211258281
 20
-159.97171043932
 30
0.0
 10
126.9050889936597
 20
-159.9878173765142
 30
0.0
 10
126.8218695248997
 20
-159.9956516685082
 30
0.0
 10
126.7827345414729
 20
-160.0
 30
0.0
 11
127.61761418791
 21
-159.0216254143316
 31
0.0
 11
127.6045691934344
 21
-159.165120353563
 31
0.0
 11
127.5784792044832
 21
-159.3347052817455
 31
0.0
 11
127.5393442210565
 21
-159.4782002209769
 31
0.0
 11
127.4871642431542
 21
-159.6086501657327
 31
0.0
 11
127.4088942763007
 21
-159.7260551160129
 31
0.0
 11
127.3045343204961
 21
-159.8304150718175
 31
0.0
 11
127.1479943867892
 21
-159.9217300331466
 31
0.0
 11
127.0697244199357
 21
-159.9478200220977
 31
0.0
 11
127.0305894365089
 21
-159.9608650165733
 31
0.0
 11
126.9001394917532
 21
-159.9869550055244
 31
0.0
 11
126.7827345414729
 21
-160.0
 31
0.0
  0
LINE
  5
293
330
1F
100
AcDbEntity
  8
NoLayerName_002
  6
Continuous
 62
     4
370
    50
100
AcDbLine
 10
126.534879646437
 20
-160.0
 30
0.0
 11
126.782734541473
 21
-160.0
 31
0.0
  0
LINE
  5
294
330
1F
100
AcDbEntity
  8
NoLayerName_002
  6
Continuous
 62
     4
370
    50
100
AcDbLine
 10
132.6884338702888
 20
-158.8177973756507
 30
0.0
 11
132.8922619089697
 21
-158.8177973756507
 31
0.0
  0
LINE
  5
295
330
1F
100
AcDbEntity
  8
NoLayerName_002
  6
Continuous
 62
     4
370
    50
100
AcDbLine
 10
152.4
 20
-160.0
 30
0.0
 11
150.6
 21
-160.0
 31
0.0
  0
SPLINE
  5
296
330
1F
100
AcDbEntity
  8
NoLayerName_002
  6
Continuous
 62
     4
370
    50
100
AcDbSpline
210
0.0
220
0.0
230
1.0
 70
  1064
 71
     3
 72
    13
 73
     9
 74
     7
 42
0.0000000001
 43
0.0000000001
 44
0.0
 12
-0.9938837346736199
 22
-0.1104315260748378
 32
0.0
 13
-0.2541747957431259
 23
-0.9671582979062633
 33
0.0
 40
0.0
 40
0.0
 40
0.0
 40
0.0
 40
0.1230494261471324
 40
0.2219754608213747
 40
0.2827452408494893
 40
0.3788306997476408
 40
0.4396004797757737
 40
0.5314969255890627
 40
0.5314969255890627
 40
0.5314969255890627
 40
0.5314969255890627
 10
132.6884338702888
 20
-158.8177973756507
 30
0.0
 10
132.6476682625526
 20
-158.8223268876214
 30
0.0
 10
132.5733921770607
 20
-158.8257118247572
 30
0.0
 10
132.4821678272645
 20
-158.8520185926036
 30
0.0
 10
132.404485311531
 20
-158.8883145519086
 30
0.0
 10
132.3518146603932
 20
-158.9417211511183
 30
0.0
 10
132.3146563827594
 20
-159.0166912727022
 30
0.0
 10
132.3059715604338
 20
-159.0672891518305
 30
0.0
 10
132.298185640319
 20
-159.096915288536
 30
0.0
 11
132.6884338702888
 21
-158.8177973756507
 31
0.0
 11
132.5661370470802
 21
-158.8313859115627
 31
0.0
 11
132.4710172956958
 21
-158.8585629833869
 31
0.0
 11
132.4166631520476
 21
-158.885740055211
 31
0.0
 11
132.3487204724873
 21
-158.9536827347713
 31
0.0
 11
132.3215434006632
 21
-159.0080368784195
 31
0.0
 11
132.298185640319
 21
-159.096915288536
 31
0.0
  0
ARC
  5
297
330
1F
100
AcDbEntity
  8
NoLayerName_002
  6
Continuous
 62
     4
370
    50
100
AcDbCircle
 10
132.4981943675199
 20
-159.1361884141533
 30
0.0
 40
0.2038280386809145
100
AcDbArc
 50
168.8909046108688
 51
180.0
  0
LINE
  5
298
330
1F
100
AcDbEntity
  8
NoLayerName_002
  6
Continuous
 62
     4
370
    50
100
AcDbLine
 10
124.4489944142871
 20
-160.0
 30
0.0
 11
125.2853677917379
 21
-160.0
 31
0.0
  0
LINE
  5
299
330
1F
100
AcDbEntity
  8
NoLayerName_002
  6
Continuous
 62
     4
370
    50
100
AcDbLine
 10
123.6
 20
-160.0
 30
0.0
 11
123.0
 21
-160.0
 31
0.0
  0
LINE
  5
29A
330
1F
100
AcDbEntity
  8
NoLayerName_002
  6
Continuous
 62
     4
370
    50
100
AcDbLine
 10
123.6
 20
-158.1725035489074
 30
0.0
 11
124.4489944142871
 21
-160.0
 31
0.0
  0
LINE
  5
29B
330
1F
100
AcDbEntity
  8
NoLayerName_002
  6
Continuous
 62
     4
370
    50
100
AcDbLine
 10
128.1
 20
-159.9999999999999
 30
0.0
 11
128.7
 21
-159.9999999999999
 31
0.0
  0
LINE
  5
29C
330
1F
100
AcDbEntity
  8
NoLayerName_002
  6
Continuous
 62
     4
370
    50
100
AcDbLine
 10
129.3
 20
-159.9999999999997
 30
0.0
 11
129.9
 21
-159.9999999999999
 31
0.0
  0
SPLINE
  5
29D
330
1F
100
AcDbEntity
  8
NoLayerName_002
  6
Continuous
 62
     4
370
    50
100
AcDbSpline
210
0.0
220
0.0
230
1.0
 70
  1064
 71
     3
 72
    15
 73
    11
 74
     9
 42
0.0000000001
 43
0.0000000001
 44
0.0
 12
-0.9938837346736199
 22
-0.1104315260748378
 32
0.0
 13
-0.2183101475993282
 23
-0.9758794389960062
 33
0.0
 40
0.0
 40
0.0
 40
0.0
 40
0.0
 40
0.1230494261471324
 40
0.2483295370978806
 40
0.3901980170271329
 40
0.6279003147009699
 40
0.7723484328277428
 40
0.9142987199427385
 40
1.060441767804565
 40
1.100820077418013
 40
1.100820077418013
 40
1.100820077418013
 40
1.100820077418013
 10
132.5017236188115
 20
-158.437318370113
 30
0.0
 10
132.4609580110753
 20
-158.4418478820837
 30
0.0
 10
132.3780994428184
 20
-158.4473131814691
 30
0.0
 10
132.2516358286455
 20
-158.4792134129212
 30
0.0
 10
132.0890256609953
 20
-158.5224352897359
 30
0.0
 10
131.9335959872309
 20
-158.6129448997957
 30
0.0
 10
131.8188382559788
 20
-158.7463401424181
 30
0.0
 10
131.7479094870345
 20
-158.87352325998
 30
0.0
 10
131.7210835743007
 20
-158.9804305820978
 30
0.0
 10
131.7077118727576
 20
-159.041100721131
 30
0.0
 10
131.7047735411805
 20
-159.0542355085088
 30
0.0
 11
132.5017236188115
 21
-158.437318370113
 31
0.0
 11
132.379426795603
 21
-158.4509069060251
 31
0.0
 11
132.2571299723944
 21
-158.4780839778492
 31
0.0
 11
132.1212446132738
 21
-158.5188495855854
 31
0.0
 11
131.9174165745929
 21
-158.6411464087939
 31
0.0
 11
131.8222968232085
 21
-158.7498546960904
 31
0.0
 11
131.7543541436482
 21
-158.8744888659885
 31
0.0
 11
131.713588535912
 21
-159.0148311463756
 31
0.0
 11
131.7047735411805
 21
-159.0542355085088
 31
0.0
  0
ARC
  5
29E
330
1F
100
AcDbEntity
  8
NoLayerName_002
  6
Continuous
 62
     4
370
    50
100
AcDbCircle
 10
131.903828038681
 20
-159.0980895434129
 30
0.0
 40
0.2038280386809145
100
AcDbArc
 50
167.5755479224921
 51
180.0
  0
SPLINE
  5
29F
330
1F
100
AcDbEntity
  8
NoLayerName_002
  6
Continuous
 62
     4
370
    50
100
AcDbSpline
210
0.0
220
0.0
230
1.0
 70
  1064
 71
     3
 72
    16
 73
    12
 74
    10
 42
0.0000000001
 43
0.0000000001
 44
0.0
 12
0.9899494936611676
 22
0.141421356237303
 32
0.0
 13
0.4258105522130622
 23
0.9048123416620748
 33
0.0
 40
0.0
 40
0.0
 40
0.0
 40
0.0
 40
0.0960854588981562
 40
0.1950114935723983
 40
0.3165510536286533
 40
0.4145393796074817
 40
0.5298419302852757
 40
0.5977846098455764
 40
0.6467787728349986
 40
0.6771636628490587
 40
0.7226713463854275
 40
0.7226713463854275
 40
0.7226713463854275
 40
0.7226713463854275
 10
132.3623090083993
 20
-159.9999999999999
 30
0.0
 10
132.3940155921941
 20
-159.9954704880292
 30
0.0
 10
132.458804690213
 20
-159.9891272355769
 30
0.0
 10
132.5610833087464
 20
-159.9600542176429
 30
0.0
 10
132.6551648411527
 20
-159.910025127607
 30
0.0
 10
132.7497761395896
 20
-159.8502330768865
 30
0.0
 10
132.8161502089561
 20
-159.7825268867904
 30
0.0
 10
132.8613311222573
 20
-159.7197969227315
 30
0.0
 10
132.8902432370518
 20
-159.6798621343256
 30
0.0
 10
132.9080066554347
 20
-159.6421162834049
 30
0.0
 10
132.9187688794528
 20
-159.6192474571502
 30
0.0
 10
132.9252280967383
 20
-159.6055221525821
 30
0.0
 11
132.3623090083993
 21
-159.9999999999999
 31
0.0
 11
132.4574287597837
 21
-159.9864114640878
 31
0.0
 11
132.5525485111682
 21
-159.9592343922637
 31
0.0
 11
132.6612567984646
 21
-159.9048802486154
 31
0.0
 11
132.742788013937
 21
-159.8505261049672
 31
0.0
 11
132.8243192294094
 21
-159.7689948894948
 31
0.0
 11
132.8650848371456
 21
-159.7146407458466
 31
0.0
 11
132.8922619089697
 21
-159.6738751381104
 31
0.0
 11
132.9058504448817
 21
-159.6466980662863
 31
0.0
 11
132.9252280967383
 21
-159.6055221525821
 31
0.0
  0
SPLINE
  5
2A0
330
1F
100
AcDbEntity
  8
NoLayerName_002
  6
Continuous
 62
     4
370
    50
100
AcDbSpline
210
0.0
220
0.0
230
1.0
 70
  1064
 71
     3
 72
    15
 73
    11
 74
     9
 42
0.0000000001
 43
0.0000000001
 44
0.0
 12
0.168548956296807
 22
-0.9856932835985325
 32
0.0
 13
0.9863939238321398
 23
-0.1643989873053817
 33
0.0
 40
0.0
 40
0.0
 40
0.0
 40
0.0
 40
0.0674339349658058
 40
0.2093024148950589
 40
0.3612268649653855
 40
0.4865069759161628
 40
0.5735160595659059
 40
0.6950556196221609
 40
0.7939816542964031
 40
0.8766374913838866
 40
0.8766374913838866
 40
0.8766374913838866
 40
0.8766374913838866
 10
131.7022226165545
 20
-159.4171664585591
 30
0.0
 10
131.7060112563404
 20
-159.43932285082
 30
0.0
 10
131.7159420524223
 20
-159.5084825832929
 30
0.0
 10
131.7526702081383
 20
-159.6236600672815
 30
0.0
 10
131.8118357054254
 20
-159.7515761408752
 30
0.0
 10
131.8925608372473
 20
-159.8439266544357
 30
0.0
 10
131.9791252837201
 20
-159.9145544909003
 30
0.0
 10
132.0724034740709
 20
-159.9595438642705
 30
0.0
 10
132.169859018684
 20
-159.9875272865686
 30
0.0
 10
132.2299529005703
 20
-159.9954704880292
 30
0.0
 10
132.2571299723944
 20
-159.9999999999999
 30
0.0
 11
131.7022226165545
 21
-159.4171664585591
 31
0.0
 11
131.713588535912
 21
-159.4836356353416
 31
0.0
 11
131.7543541436482
 21
-159.6195209944622
 31
0.0
 11
131.8222968232085
 21
-159.7554063535828
 31
0.0
 11
131.9038280386809
 21
-159.8505261049672
 31
0.0
 11
131.9717707182412
 21
-159.9048802486155
 31
0.0
 11
132.0804790055377
 21
-159.9592343922637
 31
0.0
 11
132.1755987569221
 21
-159.9864114640878
 31
0.0
 11
132.2571299723944
 21
-159.9999999999999
 31
0.0
  0
SPLINE
  5
2A1
330
1F
100
AcDbEntity
  8
NoLayerName_002
  6
Continuous
 62
     4
370
    50
100
AcDbSpline
210
0.0
220
0.0
230
1.0
 70
  1064
 71
     3
 72
    14
 73
    10
 74
     8
 42
0.0000000001
 43
0.0000000001
 44
0.0
 12
0.06651901052384428
 22
-0.9977851578566044
 32
0.0
 13
0.9883716976506191
 23
-0.1520571842539286
 33
0.0
 40
0.0
 40
0.0
 40
0.0
 40
0.0
 40
0.1961092682056101
 40
0.3548084754136027
 40
0.4497774687008716
 40
0.5258422039564847
 40
0.5811874282818297
 40
0.6395264171088341
 40
0.7253164739192615
 40
0.7253164739192615
 40
0.7253164739192615
 40
0.7253164739192615
 10
126.3522497237789
 20
-158.9929752485988
 30
0.0
 10
126.3565980552707
 20
-159.0582002209767
 30
0.0
 10
126.3594569428016
 20
-159.1768526599026
 30
0.0
 10
126.3860540816232
 20
-159.3243057898235
 30
0.0
 10
126.4107400399097
 20
-159.4323750305988
 30
0.0
 10
126.4505239034161
 20
-159.4977018963029
 30
0.0
 10
126.4944054354009
 20
-159.5440504140342
 30
0.0
 10
126.555576414934
 20
-159.5746057157639
 30
0.0
 10
126.6044529503067
 20
-159.575651668508
 30
0.0
 10
126.6327171050038
 20
-159.5799999999998
 30
0.0
 11
126.3522497237789
 21
-158.9929752485988
 31
0.0
 11
126.3652947182545
 21
-159.1886501657325
 31
0.0
 11
126.3913847072056
 21
-159.3451900994394
 31
0.0
 11
126.4174746961568
 21
-159.4365050607685
 31
0.0
 11
126.4566096795835
 21
-159.5017300331463
 31
0.0
 11
126.4957446630102
 21
-159.5408650165731
 31
0.0
 11
126.5479246409126
 21
-159.5669550055242
 31
0.0
 11
126.6327171050038
 21
-159.5799999999998
 31
0.0
  0
SPLINE
  5
2A2
330
1F
100
AcDbEntity
  8
NoLayerName_002
  6
Continuous
 62
     4
370
    50
100
AcDbSpline
210
0.0
220
0.0
230
1.0
 70
  1064
 71
     3
 72
    13
 73
     9
 74
     7
 42
0.0000000001
 43
0.0000000001
 44
0.0
 12
-0.05255883312281926
 22
-0.9986178293325068
 32
0.0
 13
-0.9701425001453299
 23
-0.2425356250363407
 33
0.0
 40
0.0
 40
0.0
 40
0.0
 40
0.0
 40
0.2481979469580096
 40
0.4326820280424615
 40
0.5441385096994461
 40
0.620203244955074
 40
0.6854282173329653
 40
0.7929999975497808
 40
0.7929999975497808
 40
0.7929999975497808
 40
0.7929999975497808
 10
126.9653644641311
 20
-158.9147052817454
 30
0.0
 10
126.9610161326392
 20
-158.9973235800907
 30
0.0
 10
126.9557335591387
 20
-159.1408677125793
 30
0.0
 10
126.9390148206712
 20
-159.3235096170701
 30
0.0
 10
126.8934859878769
 20
-159.4392154254702
 30
0.0
 10
126.8546936269382
 20
-159.5152587065393
 30
0.0
 10
126.7856838808241
 20
-159.5673740847412
 30
0.0
 10
126.7262062320788
 20
-159.5713033370162
 30
0.0
 10
126.6914195801439
 20
-159.5799999999999
 30
0.0
 11
126.9653644641311
 21
-158.9147052817454
 31
0.0
 11
126.9523194696555
 21
-159.1625601767814
 31
0.0
 11
126.9262294807043
 21
-159.3451900994395
 31
0.0
 11
126.8870944972776
 21
-159.4495500552441
 31
0.0
 11
126.8479595138508
 21
-159.514775027622
 31
0.0
 11
126.7957795359485
 21
-159.5539100110487
 31
0.0
 11
126.6914195801439
 21
-159.5799999999999
 31
0.0
  0
LINE
  5
2A3
330
1F
100
AcDbEntity
  8
NoLayerName_002
  6
Continuous
 62
     4
370
    50
100
AcDbLine
 10
126.6327171050038
 20
-159.5799999999999
 30
0.0
 11
126.6914195801439
 21
-159.5799999999999
 31
0.0
  0
LINE
  5
2A4
330
1F
100
AcDbEntity
  8
NoLayerName_002
  6
Continuous
 62
     4
370
    50
100
AcDbLine
 10
132.3
 20
-158.274063535829
 30
0.0
 11
131.7
 21
-158.274063535829
 31
0.0
  0
ARC
  5
2A5
330
1F
100
AcDbEntity
  8
NoLayerName_002
  6
Continuous
 62
     4
370
    50
100
AcDbCircle
 10
134.9038280386798
 20
-159.4011121051771
 30
0.0
 40
0.2038280386809145
100
AcDbArc
 50
179.999999999992
 51
188.5469387733213
  0
SPLINE
  5
2A6
330
1F
100
AcDbEntity
  8
NoLayerName_002
  6
Continuous
 62
     4
370
    50
100
AcDbSpline
210
0.0
220
0.0
230
1.0
 70
  1064
 71
     3
 72
    10
 73
     6
 74
     4
 42
0.0000000001
 43
0.0000000001
 44
0.0
 12
0.211901010181848
 22
-0.9772911346594281
 32
0.0
 13
0.891681610806633
 23
-0.4526631252369566
 33
0.0
 40
0.0
 40
0.0
 40
0.0
 40
0.0
 40
0.0534443494391116
 40
0.1326784486637279
 40
0.2030404916831364
 40
0.2030404916831364
 40
0.2030404916831364
 40
0.2030404916831364
 10
134.7022636242774
 20
-159.4314049464372
 30
0.0
 10
134.7060385948223
 20
-159.448815176072
 30
0.0
 10
134.7122848376154
 20
-159.4920089829149
 30
0.0
 10
134.745590424743
 20
-159.5583222111642
 30
0.0
 10
134.7961811702211
 20
-159.5728118497628
 30
0.0
 10
134.8170946835075
 20
-159.5834286171932
 30
0.0
 11
134.7022636242774
 21
-159.4314049464372
 31
0.0
 11
134.7135885359121
 21
-159.4836356353417
 31
0.0
 11
134.7543541436483
 21
-159.551578314902
 31
0.0
 11
134.8170946835075
 21
-159.5834286171932
 31
0.0
  0
ARC
  5
2A7
330
1F
100
AcDbEntity
  8
NoLayerName_002
  6
Continuous
 62
     4
370
    50
100
AcDbCircle
 10
134.8767176302226
 20
-159.3885158839573
 30
0.0
 40
0.2038280386809145
100
AcDbArc
 50
252.9913591915993
 51
270.0
  0
LINE
  5
2A8
330
1F
100
AcDbEntity
  8
NoLayerName_002
  6
Continuous
 62
     4
370
    50
100
AcDbLine
 10
134.0997241022382
 20
-157.1584225849579
 30
0.0
 11
134.7
 21
-156.8580444226913
 31
0.0
  0
SPLINE
  5
2A9
330
1F
100
AcDbEntity
  8
NoLayerName_002
  6
Continuous
 62
     4
370
    50
100
AcDbSpline
210
0.0
220
0.0
230
1.0
 70
  1064
 71
     3
 72
     9
 73
     5
 74
     3
 42
0.0000000001
 43
0.0000000001
 44
0.0
 12
0.9792762016021026
 22
0.2025293089302343
 32
0.0
 13
0.9110647057724137
 23
0.4122633889830932
 33
0.0
 40
0.0
 40
0.0
 40
0.0
 40
0.0
 40
0.0201919856503283
 40
0.0432332434146947
 40
0.0432332434146947
 40
0.0432332434146947
 40
0.0432332434146947
 10
135.0192343922638
 20
-159.5923439226382
 30
0.0
 10
135.0258255692673
 20
-159.5909807663383
 30
0.0
 10
135.0403971065803
 20
-159.5894737492127
 30
0.0
 10
135.0530026410914
 20
-159.5819217423969
 30
0.0
 10
135.06
 20
-159.5787553867261
 30
0.0
 11
135.0192343922638
 21
-159.5923439226382
 31
0.0
 11
135.0390079232743
 21
-159.5882544537385
 31
0.0
 11
135.06
 21
-159.5787553867261
 31
0.0
  0
LINE
  5
2AA
330
1F
100
AcDbEntity
  8
NoLayerName_002
  6
Continuous
 62
     4
370
    50
100
AcDbLine
 10
134.8767176302226
 20
-159.5923439226382
 30
0.0
 11
135.0192343922639
 21
-159.5923439226382
 31
0.0
  0
ARC
  5
2AB
330
1F
100
AcDbEntity
  8
NoLayerName_002
  6
Continuous
 62
     4
370
    50
100
AcDbCircle
 10
134.627874124824
 20
-159.7961719613189
 30
0.0
 40
0.2038280386809145
100
AcDbArc
 50
260.7088047431582
 51
270.0
  0
LINE
  5
2AC
330
1F
100
AcDbEntity
  8
NoLayerName_002
  6
Continuous
 62
     4
370
    50
100
AcDbLine
 10
135.06
 20
-159.9728229281758
 30
0.0
 11
135.06
 21
-159.5787553867261
 31
0.0
  0
SPLINE
  5
2AD
330
1F
100
AcDbEntity
  8
NoLayerName_002
  6
Continuous
 62
     4
370
    50
100
AcDbSpline
210
0.0
220
0.0
230
1.0
 70
  1064
 71
     3
 72
     9
 73
     5
 74
     3
 42
0.0000000001
 43
0.0000000001
 44
0.0
 12
0.9884070813390936
 22
0.1518270119535203
 32
0.0
 13
0.9701425001452798
 23
0.2425356250365419
 33
0.0
 40
0.0
 40
0.0
 40
0.0
 40
0.0
 40
0.126145674975909
 40
0.1541591594073496
 40
0.1541591594073496
 40
0.1541591594073496
 40
0.1541591594073496
 10
134.9081396497494
 20
-159.9987695170342
 30
0.0
 10
134.9497007425582
 20
-159.9923854100667
 30
0.0
 10
135.0012594101364
 20
-159.9883977349618
 30
0.0
 10
135.0509409760586
 20
-159.9750876841611
 30
0.0
 10
135.06
 20
-159.9728229281757
 30
0.0
 11
134.9081396497494
 21
-159.9987695170342
 31
0.0
 11
135.0328229281759
 21
-159.9796171961318
 31
0.0
 11
135.06
 21
-159.9728229281757
 31
0.0
  0
ARC
  5
2AE
330
1F
100
AcDbEntity
  8
NoLayerName_002
  6
Continuous
 62
     4
370
    50
100
AcDbCircle
 10
134.8857767391449
 20
-159.7961719613189
 30
0.0
 40
0.2038280386809145
100
AcDbArc
 50
270.0
 51
276.2988634581511
  0
SPLINE
  5
2AF
330
1F
100
AcDbEntity
  8
NoLayerName_002
  6
Continuous
 62
     4
370
    50
100
AcDbSpline
210
0.0
220
0.0
230
1.0
 70
  1064
 71
     3
 72
    14
 73
    10
 74
     8
 42
0.0000000001
 43
0.0000000001
 44
0.0
 12
-0.1240347345891037
 22
-0.9922778767136807
 32
0.0
 13
-0.9805806756909198
 23
-0.1961161351381865
 33
0.0
 40
0.0
 40
0.0
 40
0.0
 40
0.0
 40
0.1095542789450454
 40
0.2216082166708984
 40
0.2947847220450148
 40
0.3927730480238601
 40
0.4607157275841504
 40
0.5214855076122904
 40
0.5907737173890443
 40
0.5907737173890443
 40
0.5907737173890443
 40
0.5907737173890443
 10
132.8922619089697
 20
-159.1315783149019
 30
0.0
 10
132.887732396999
 20
-159.1678144106674
 30
0.0
 10
132.8815291961286
 20
-159.2415002218221
 30
0.0
 10
132.8573527935644
 20
-159.3374358178849
 30
0.0
 10
132.8229777199653
 20
-159.4250393721763
 30
0.0
 10
132.7811929411118
 20
-159.4957339236744
 30
0.0
 10
132.7181590259734
 20
-159.5386725258182
 30
0.0
 10
132.6600484657042
 20
-159.5717765682052
 30
0.0
 10
132.6159616787578
 20
-159.5754704880292
 30
0.0
 10
132.5933141189043
 20
-159.5799999999999
 30
0.0
 11
132.8922619089697
 21
-159.1315783149019
 31
0.0
 11
132.8786733730576
 21
-159.2402866021984
 31
0.0
 11
132.8514963012335
 21
-159.3489948894948
 31
0.0
 11
132.8243192294094
 21
-159.4169375690551
 31
0.0
 11
132.7699650857611
 21
-159.4984687845275
 31
0.0
 11
132.7156109421129
 21
-159.5392343922637
 31
0.0
 11
132.6612567984646
 21
-159.5664114640878
 31
0.0
 11
132.5933141189043
 21
-159.5799999999999
 31
0.0
  0
LINE
  5
2B0
330
1F
100
AcDbEntity
  8
NoLayerName_002
  6
Continuous
 62
     4
370
    50
100
AcDbLine
 10
132.511782903432
 20
-159.5799999999999
 30
0.0
 11
132.5933141189043
 21
-159.5799999999999
 31
0.0
  0
SPLINE
  5
2B1
330
1F
100
AcDbEntity
  8
NoLayerName_002
  6
Continuous
 62
     4
370
    50
100
AcDbSpline
210
0.0
220
0.0
230
1.0
 70
  1064
 71
     3
 72
    11
 73
     7
 74
     5
 42
0.0000000001
 43
0.0000000001
 44
0.0
 12
0.2055403564414413
 22
-0.9786486406642197
 32
0.0
 13
0.9615239476408266
 23
-0.2747211278973662
 33
0.0
 40
0.0
 40
0.0
 40
0.0
 40
0.0
 40
0.0510603760452974
 40
0.1545475823924454
 40
0.2506330412905972
 40
0.3495590759648393
 40
0.3495590759648393
 40
0.3495590759648393
 40
0.3495590759648393
 10
132.2974598968587
 20
-159.3397903296225
 30
0.0
 10
132.3009582194895
 20
-159.3564470521587
 30
0.0
 10
132.309669405931
 20
-159.4073965861005
 30
0.0
 10
132.3422272080551
 20
-159.4847840245785
 30
0.0
 10
132.4117732971386
 20
-159.5647734239863
 30
0.0
 10
132.4800763196372
 20
-159.5709409760586
 30
0.0
 10
132.511782903432
 20
-159.5799999999999
 30
0.0
 11
132.2974598968587
 21
-159.3397903296225
 31
0.0
 11
132.3079548647511
 21
-159.3897604972311
 31
0.0
 11
132.3487204724873
 21
-159.4848802486155
 31
0.0
 11
132.4166631520476
 21
-159.5528229281758
 31
0.0
 11
132.511782903432
 21
-159.5799999999999
 31
0.0
  0
ARC
  5
2B2
330
1F
100
AcDbEntity
  8
NoLayerName_002
  6
Continuous
 62
     4
370
    50
100
AcDbCircle
 10
132.4981943675199
 20
-159.3044131951872
 30
0.0
 40
0.2038280386809145
100
AcDbArc
 50
180.0
 51
189.9950811244757
  0
LINE
  5
2B3
330
1F
100
AcDbEntity
  8
NoLayerName_002
  6
Continuous
 62
     4
370
    50
100
AcDbLine
 10
141.0
 20
-156.52
 30
0.0
 11
141.0
 21
-160.0
 31
0.0
  0
LINE
  5
2B4
330
1F
100
AcDbEntity
  8
NoLayerName_002
  6
Continuous
 62
     4
370
    50
100
AcDbLine
 10
137.6956690916229
 20
-157.554063535829
 30
0.0
 11
137.6956690916229
 21
-159.5690698477066
 31
0.0
  0
SPLINE
  5
2B5
330
1F
100
AcDbEntity
  8
NoLayerName_002
  6
Continuous
 62
     4
370
    50
100
AcDbSpline
210
0.0
220
0.0
230
1.0
 70
  1064
 71
     3
 72
    15
 73
    11
 74
     9
 42
0.0000000001
 43
0.0000000001
 44
0.0
 12
0.2536866559325055
 22
-0.9672864521959266
 32
0.0
 13
0.986393923832145
 23
-0.1643989873053499
 33
0.0
 40
0.0
 40
0.0
 40
0.0
 40
0.0
 40
0.0290783064294204
 40
0.0694707865655794
 40
0.2009791740791954
 40
0.3093635717163132
 40
0.4014725981364128
 40
0.4585961913628619
 40
0.5919525624963577
 40
0.6696490493586074
 40
0.6696490493586074
 40
0.6696490493586074
 40
0.6696490493586074
 10
137.701065537062
 20
-159.6142226829324
 30
0.0
 10
137.7035244631681
 20
-159.6235983668864
 30
0.0
 10
137.7089961081431
 20
-159.6461149728028
 30
0.0
 10
137.7303958159254
 20
-159.7096351741912
 30
0.0
 10
137.7756400134182
 20
-159.7932516827902
 30
0.0
 10
137.855523272778
 20
-159.8714728851711
 30
0.0
 10
137.9275410010395
 20
-159.9188036868229
 30
0.0
 10
138.0117044675537
 20
-159.961423632515
 30
0.0
 10
138.0986696764258
 20
-159.9859158639756
 30
0.0
 10
138.1682783706444
 20
-159.9957422587474
 30
0.0
 10
138.1938248181591
 20
-159.9999999999999
 30
0.0
 11
137.701065537062
 21
-159.6142226829324
 31
0.0
 11
137.7084423153802
 21
-159.6423497347944
 31
0.0
 11
137.7212155391376
 21
-159.6806694060664
 31
0.0
 11
137.7850816579243
 21
-159.7956284198825
 31
0.0
 11
137.8617210004683
 21
-159.8722677624265
 31
0.0
 11
137.9383603430123
 21
-159.9233606574558
 31
0.0
 11
137.9894532380417
 21
-159.9489071049705
 31
0.0
 11
138.117185475615
 21
-159.9872267762425
 31
0.0
 11
138.1938248181591
 21
-159.9999999999999
 31
0.0
  0
ARC
  5
2B6
330
1F
100
AcDbEntity
  8
NoLayerName_002
  6
Continuous
 62
     4
370
    50
100
AcDbCircle
 10
137.887267447983
 20
-159.5690698477066
 30
0.0
 40
0.1915983563600596
100
AcDbArc
 50
180.0
 51
193.6307665761278
  0
LINE
  5
2B7
330
1F
100
AcDbEntity
  8
NoLayerName_002
  6
Continuous
 62
     4
370
    50
100
AcDbLine
 10
139.5
 20
-159.9999999999999
 30
0.0
 11
139.5
 21
-157.554063535829
 31
0.0
  0
LINE
  5
2B8
330
1F
100
AcDbEntity
  8
NoLayerName_002
  6
Continuous
 62
     4
370
    50
100
AcDbLine
 10
138.3
 20
-157.554063535829
 30
0.0
 11
137.6956690916229
 21
-157.554063535829
 31
0.0
  0
SPLINE
  5
2B9
330
1F
100
AcDbEntity
  8
NoLayerName_002
  6
Continuous
 62
     4
370
    50
100
AcDbSpline
210
0.0
220
0.0
230
1.0
 70
  1064
 71
     3
 72
    11
 73
     7
 74
     5
 42
0.0000000001
 43
0.0000000001
 44
0.0
 12
0.1240347345891904
 22
-0.9922778767136698
 32
0.0
 13
0.9615239476408246
 23
-0.274721127897373
 33
0.0
 40
0.0
 40
0.0
 40
0.0
 40
0.0
 40
0.102981022208344
 40
0.2002589961746585
 40
0.290579327538915
 40
0.3835698001327005
 40
0.3835698001327005
 40
0.3835698001327005
 40
0.3835698001327005
 10
138.3
 20
-159.2989890773385
 30
0.0
 10
138.3042577412525
 20
-159.333051007358
 30
0.0
 10
138.3060446236106
 20
-159.4008285293532
 30
0.0
 10
138.3452786544192
 20
-159.4904841473805
 30
0.0
 10
138.4102799535664
 20
-159.5656906815918
 30
0.0
 10
138.4745673913503
 20
-159.571484517495
 30
0.0
 10
138.5043715801174
 20
-159.5799999999999
 30
0.0
 11
138.3
 21
-159.2989890773385
 31
0.0
 11
138.3127732237573
 21
-159.4011748673971
 31
0.0
 11
138.3510928950294
 21
-159.4905874336985
 31
0.0
 11
138.414959013816
 21
-159.5544535524852
 31
0.0
 11
138.5043715801174
 21
-159.5799999999999
 31
0.0
  0
LINE
  5
2BA
330
1F
100
AcDbEntity
  8
NoLayerName_002
  6
Continuous
 62
     4
370
    50
100
AcDbLine
 10
138.3
 20
-157.554063535829
 30
0.0
 11
138.3
 21
-159.2989890773385
 31
0.0
  0
LINE
  5
2BB
330
1F
100
AcDbEntity
  8
NoLayerName_002
  6
Continuous
 62
     4
370
    50
100
AcDbLine
 10
139.5
 20
-157.554063535829
 30
0.0
 11
138.9
 21
-157.554063535829
 31
0.0
  0
SPLINE
  5
2BC
330
1F
100
AcDbEntity
  8
NoLayerName_002
  6
Continuous
 62
     4
370
    50
100
AcDbSpline
210
0.0
220
0.0
230
1.0
 70
  1064
 71
     3
 72
    13
 73
     9
 74
     7
 42
0.0000000001
 43
0.0000000001
 44
0.0
 12
-0.2610487876474649
 22
-0.9653256085216991
 32
0.0
 13
-0.9838699100999095
 23
-0.1788854381999722
 33
0.0
 40
0.0
 40
0.0
 40
0.0
 40
0.0
 40
0.0290612133279145
 40
0.0978471283795801
 40
0.126408924992807
 40
0.1806011238113615
 40
0.2377247170377979
 40
0.3091292085708557
 40
0.3091292085708557
 40
0.3091292085708557
 40
0.3091292085708557
 10
138.8948131707495
 20
-159.3858945577143
 30
0.0
 10
138.8922843725805
 20
-159.3952457355277
 30
0.0
 10
138.8846593038633
 20
-159.4270392490795
 30
0.0
 10
138.8670726729823
 20
-159.4654275313596
 30
0.0
 10
138.8466252137711
 20
-159.5119817128774
 30
0.0
 10
138.8110581781991
 20
-159.544350684707
 30
0.0
 10
138.7561748308838
 20
-159.5728376299538
 30
0.0
 10
138.7126593848924
 20
-159.5757422587474
 30
0.0
 10
138.6892418080039
 20
-159.5799999999999
 30
0.0
 11
138.8948131707495
 21
-159.3858945577143
 31
0.0
 11
138.8872267762427
 21
-159.4139480911545
 31
0.0
 11
138.861680328728
 21
-159.4778142099412
 31
0.0
 11
138.8489071049707
 21
-159.5033606574558
 31
0.0
 11
138.8105874336987
 21
-159.5416803287279
 31
0.0
 11
138.7594945386693
 21
-159.5672267762425
 31
0.0
 11
138.6892418080039
 21
-159.5799999999999
 31
0.0
  0
ARC
  5
2BD
330
1F
100
AcDbEntity
  8
NoLayerName_002
  6
Continuous
 62
     4
370
    50
100
AcDbCircle
 10
138.7084016436399
 20
-159.3416150735183
 30
0.0
 40
0.1915983563600596
100
AcDbArc
 50
346.6378186704583
 51
0.0
  0
LINE
  5
2BE
330
1F
100
AcDbEntity
  8
NoLayerName_002
  6
Continuous
 62
     4
370
    50
100
AcDbLine
 10
138.9
 20
-157.554063535829
 30
0.0
 11
138.9
 21
-159.3416150735183
 31
0.0
  0
LINE
  5
2BF
330
1F
100
AcDbEntity
  8
NoLayerName_002
  6
Continuous
 62
     4
370
    50
100
AcDbLine
 10
138.9
 20
-159.9999999999999
 30
0.0
 11
138.9
 21
-159.7085059436218
 31
0.0
  0
LINE
  5
2C0
330
1F
100
AcDbEntity
  8
NoLayerName_002
  6
Continuous
 62
     4
370
    50
100
AcDbLine
 10
143.64
 20
-156.52
 30
0.0
 11
143.64
 21
-160.0
 31
0.0
  0
LINE
  5
2C1
330
1F
100
AcDbEntity
  8
NoLayerName_002
  6
Continuous
 62
     4
370
    50
100
AcDbLine
 10
146.34
 20
-156.52
 30
0.0
 11
143.94
 21
-156.52
 31
0.0
  0
LINE
  5
2C2
330
1F
100
AcDbEntity
  8
NoLayerName_002
  6
Continuous
 62
     4
370
    50
100
AcDbLine
 10
141.72
 20
-160.0
 30
0.0
 11
141.0
 21
-160.0
 31
0.0
  0
LINE
  5
2C3
330
1F
100
AcDbEntity
  8
NoLayerName_002
  6
Continuous
 62
     4
370
    50
100
AcDbLine
 10
141.72
 20
-160.0
 30
0.0
 11
141.72
 21
-157.3996440353511
 31
0.0
  0
LINE
  5
2C4
330
1F
100
AcDbEntity
  8
NoLayerName_002
  6
Continuous
 62
     4
370
    50
100
AcDbLine
 10
143.64
 20
-156.52
 30
0.0
 11
142.92
 21
-156.52
 31
0.0
  0
LINE
  5
2C5
330
1F
100
AcDbEntity
  8
NoLayerName_002
  6
Continuous
 62
     4
370
    50
100
AcDbLine
 10
142.92
 20
-156.52
 30
0.0
 11
142.92
 21
-158.9287366166044
 31
0.0
  0
LINE
  5
2C6
330
1F
100
AcDbEntity
  8
NoLayerName_002
  6
Continuous
 62
     4
370
    50
100
AcDbLine
 10
141.96
 20
-156.52
 30
0.0
 11
142.92
 21
-158.9287366166044
 31
0.0
  0
LINE
  5
2C7
330
1F
100
AcDbEntity
  8
NoLayerName_002
  6
Continuous
 62
     4
370
    50
100
AcDbLine
 10
141.96
 20
-156.52
 30
0.0
 11
141.0
 21
-156.52
 31
0.0
  0
LINE
  5
2C8
330
1F
100
AcDbEntity
  8
NoLayerName_002
  6
Continuous
 62
     4
370
    50
100
AcDbLine
 10
142.6800000000001
 20
-160.0000000000001
 30
0.0
 11
141.72
 21
-157.3996440353511
 31
0.0
  0
LINE
  5
2C9
330
1F
100
AcDbEntity
  8
NoLayerName_002
  6
Continuous
 62
     4
370
    50
100
AcDbLine
 10
142.6800000000001
 20
-160.0000000000001
 30
0.0
 11
143.64
 21
-160.0
 31
0.0
  0
LINE
  5
2CA
330
1F
100
AcDbEntity
  8
NoLayerName_002
  6
Continuous
 62
     4
370
    50
100
AcDbLine
 10
144.78
 20
-160.0000000000001
 30
0.0
 11
145.5
 21
-160.0
 31
0.0
  0
LINE
  5
2CB
330
1F
100
AcDbEntity
  8
NoLayerName_002
  6
Continuous
 62
     4
370
    50
100
AcDbLine
 10
146.64
 20
-157.8937769336306
 30
0.0
 11
146.6332291237642
 21
-158.6139693369698
 31
0.0
  0
SPLINE
  5
2CC
330
1F
100
AcDbEntity
  8
NoLayerName_002
  6
Continuous
 62
     4
370
    50
100
AcDbSpline
210
0.0
220
0.0
230
1.0
 70
  1064
 71
     3
 72
    17
 73
    13
 74
    11
 42
0.0000000001
 43
0.0000000001
 44
0.0
 12
0.04993761694390168
 22
-0.9987523388778443
 32
0.0
 13
0.986094993851108
 23
-0.1661826197343856
 33
0.0
 40
0.0
 40
0.0
 40
0.0
 40
0.0
 40
0.2721102195831346
 40
0.5047084876600418
 40
0.8705910145306137
 40
1.187527411429036
 40
1.418931839622792
 40
1.558834379530887
 40
1.674934881256924
 40
1.786988818982768
 40
1.856277028759522
 40
1.922702134253844
 40
1.922702134253844
 40
1.922702134253844
 40
1.922702134253844
 10
146.6332291237642
 20
-158.5596151933214
 30
0.0
 10
146.6377586357349
 20
-158.6502054327351
 30
0.0
 10
146.6421669564274
 20
-158.818494705653
 30
0.0
 10
146.6753214435051
 20
-159.1071003578272
 30
0.0
 10
146.7481482031152
 20
-159.4052509743355
 30
0.0
 10
146.900489932096
 20
-159.6773669688909
 30
0.0
 10
147.0806773961147
 20
-159.824506010263
 30
0.0
 10
147.2224610032057
 20
-159.9046091212118
 30
0.0
 10
147.3379020137824
 20
-159.947571458525
 30
0.0
 10
147.4345266075035
 20
-159.9702184914187
 30
0.0
 10
147.5154512776513
 20
-159.9867512057714
 30
0.0
 10
147.5601516007108
 20
-159.9937705961192
 30
0.0
 10
147.5819854220421
 20
-159.997450162135
 30
0.0
 11
146.6332291237642
 21
-158.5596151933214
 31
0.0
 11
146.6468176596762
 21
-158.8313859115626
 31
0.0
 11
146.6739947315004
 21
-159.0623910220676
 31
0.0
 11
146.7691144828848
 21
-159.4156929557812
 31
0.0
 11
146.9321769138295
 21
-159.6874636740224
 31
0.0
 11
147.1088278806863
 21
-159.8369375690551
 31
0.0
 11
147.2311247038949
 21
-159.9048802486154
 31
0.0
 11
147.3398329911914
 21
-159.9456458563516
 31
0.0
 11
147.4485412784878
 21
-159.9728229281757
 31
0.0
 11
147.5164839580481
 21
-159.9864114640878
 31
0.0
 11
147.5819854220421
 21
-159.997450162135
 31
0.0
  0
SPLINE
  5
2CD
330
1F
100
AcDbEntity
  8
NoLayerName_002
  6
Continuous
 62
     4
370
    50
100
AcDbSpline
210
0.0
220
0.0
230
1.0
 70
  1064
 71
     3
 72
    15
 73
    11
 74
     9
 42
0.0000000001
 43
0.0000000001
 44
0.0
 12
0.98960607897245
 22
0.1438047581298101
 32
0.0
 13
0.1342190764178007
 23
0.9909516837492899
 33
0.0
 40
0.0
 40
0.0
 40
0.0
 40
0.0
 40
0.0830554919688854
 40
0.2809075613173563
 40
0.6891261304646453
 40
0.9094762181180981
 40
1.024009167758826
 40
1.13606310548468
 40
1.192090074347607
 40
1.388887490675292
 40
1.388887490675292
 40
1.388887490675292
 40
1.388887490675292
 10
148.0440268410043
 20
-159.9983552390217
 30
0.0
 10
148.0714242475858
 20
-159.9943739807104
 30
0.0
 10
148.1644307519863
 20
-159.9829872377564
 30
0.0
 10
148.386888830152
 20
-159.9205611280963
 30
0.0
 10
148.6214048202271
 20
-159.748962510358
 30
0.0
 10
148.7431852859818
 20
-159.5303014180929
 30
0.0
 10
148.7944087057608
 20
-159.3900257765363
 30
0.0
 10
148.8139334305575
 20
-159.2977520469147
 30
0.0
 10
148.8461275227361
 20
-159.1803206852337
 30
0.0
 10
148.8504322398165
 20
-159.0954422989674
 30
0.0
 10
148.8592368956368
 20
-159.030436721945
 30
0.0
 11
148.0440268410043
 21
-159.9983552390217
 31
0.0
 11
148.1262190607487
 21
-159.9864114640878
 31
0.0
 11
148.3164585635176
 21
-159.9320573204396
 31
0.0
 11
148.6429318388099
 21
-159.6869907973962
 31
0.0
 11
148.7533829591979
 21
-159.496321683133
 31
0.0
 11
148.7920573204397
 21
-159.3885158839571
 31
0.0
 11
148.8192343922638
 21
-159.2798075966606
 31
0.0
 11
148.8328229281759
 21
-159.2254534530124
 31
0.0
 11
148.8592368956368
 21
-159.030436721945
 31
0.0
  0
LINE
  5
2CE
330
1F
100
AcDbEntity
  8
NoLayerName_002
  6
Continuous
 62
     4
370
    50
100
AcDbLine
 10
148.053124542054
 20
-159.9999999999999
 30
0.0
 11
147.6065497867303
 21
-159.9999999999999
 31
0.0
  0
ARC
  5
2CF
330
1F
100
AcDbEntity
  8
NoLayerName_002
  6
Continuous
 62
     4
370
    50
100
AcDbCircle
 10
148.053124542054
 20
-159.7961719613189
 30
0.0
 40
0.2038280386809145
100
AcDbArc
 50
270.0000000000399
 51
277.2836583796516
  0
ARC
  5
2D0
330
1F
100
AcDbEntity
  8
NoLayerName_002
  6
Continuous
 62
     4
370
    50
100
AcDbCircle
 10
147.6065497867303
 20
-159.7961719613195
 30
0.0
 40
0.2038280386809145
100
AcDbArc
 50
260.9277348325385
 51
270.0
  0
SPLINE
  5
2D1
330
1F
100
AcDbEntity
  8
NoLayerName_002
  6
Continuous
 62
     4
370
    50
100
AcDbSpline
210
0.0
220
0.0
230
1.0
 70
  1064
 71
     3
 72
    15
 73
    11
 74
     9
 42
0.0000000001
 43
0.0000000001
 44
0.0
 12
0.06049506040190181
 22
-0.9981684966311902
 32
0.0
 13
0.9783707987704662
 23
-0.2068588410323327
 33
0.0
 40
0.0
 40
0.0
 40
0.0
 40
0.0
 40
0.2246222389363274
 40
0.3409213729747819
 40
0.4995351554679699
 40
0.5984611901422101
 40
0.7687250571035802
 40
0.8940051680543504
 40
0.9671816734284632
 40
1.01861919837572
 40
1.01861919837572
 40
1.01861919837572
 40
1.01861919837572
 10
147.3730233427566
 20
-158.537127969584
 30
0.0
 10
147.3775528547273
 20
-158.6118649171004
 30
0.0
 10
147.3809446506339
 20
-158.7256063214038
 30
0.0
 10
147.4014056113144
 20
-158.8908912342512
 30
0.0
 10
147.4207301388752
 20
-159.014214510154
 30
0.0
 10
147.458443200087
 20
-159.1518583876073
 30
0.0
 10
147.5192606577412
 20
-159.2714370799914
 30
0.0
 10
147.6132838901189
 20
-159.355505517281
 30
0.0
 10
147.6916530626375
 20
-159.3867268197511
 30
0.0
 10
147.7326981862257
 20
-159.393505001952
 30
0.0
 10
147.7494731770155
 20
-159.397051770884
 30
0.0
 11
147.3730233427566
 21
-158.537127969584
 31
0.0
 11
147.3866118786686
 21
-158.761338812133
 31
0.0
 11
147.4002004145807
 21
-158.8768413673856
 31
0.0
 11
147.4273774864049
 21
-159.0331095303743
 31
0.0
 11
147.4545545582289
 21
-159.1282292817587
 31
0.0
 11
147.5360857737013
 21
-159.2777031767914
 31
0.0
 11
147.6312055250858
 21
-159.3592343922637
 31
0.0
 11
147.6991482046461
 21
-159.3864114640878
 31
0.0
 11
147.7494731770155
 21
-159.397051770884
 31
0.0
  0
ARC
  5
2D2
330
1F
100
AcDbEntity
  8
NoLayerName_002
  6
Continuous
 62
     4
370
    50
100
AcDbCircle
 10
147.7840154910906
 20
-159.196171961319
 30
0.0
 40
0.2038280386809145
100
AcDbArc
 50
260.2431156655049
 51
270.0
  0
ARC
  5
2D3
330
1F
100
AcDbEntity
  8
NoLayerName_002
  6
Continuous
 62
     4
370
    50
100
AcDbCircle
 10
147.8767170164657
 20
-159.196171961319
 30
0.0
 40
0.2038280386809145
100
AcDbArc
 50
270.0
 51
285.7528246403353
  0
SPLINE
  5
2D4
330
1F
100
AcDbEntity
  8
NoLayerName_002
  6
Continuous
 62
     4
370
    50
100
AcDbSpline
210
0.0
220
0.0
230
1.0
 70
  1064
 71
     3
 72
    15
 73
    11
 74
     9
 42
0.0000000001
 43
0.0000000001
 44
0.0
 12
-0.0905357460425356
 22
-0.9958932064677023
 32
0.0
 13
-0.9371981913166371
 23
-0.3487972909768998
 33
0.0
 40
0.0
 40
0.0
 40
0.0
 40
0.0
 40
0.1500902848437276
 40
0.2886667043972362
 40
0.3618432097713519
 40
0.4226129897994855
 40
0.4716071527889
 40
0.5100413363481644
 40
0.5590354993375786
 40
0.6150040202645284
 40
0.6150040202645284
 40
0.6150040202645284
 40
0.6150040202645284
 10
148.1747469615682
 20
-158.8700470994295
 30
0.0
 10
148.1702174495975
 20
-158.9198717311071
 30
0.0
 10
148.1639248547764
 20
-159.015690537022
 30
0.0
 10
148.1443736761951
 20
-159.1358390893485
 30
0.0
 10
148.1090380944827
 20
-159.2198727326434
 30
0.0
 10
148.0824571138221
 20
-159.2746845083578
 30
0.0
 10
148.0559954969715
 20
-159.3168427530234
 30
0.0
 10
148.023389234058
 20
-159.3488042409269
 30
0.0
 10
147.9836834588168
 20
-159.3765915083342
 30
0.0
 10
147.9495383944104
 20
-159.3858373738286
 30
0.0
 10
147.9320538622159
 20
-159.3923445966551
 30
0.0
 11
148.1747469615682
 21
-158.8700470994295
 31
0.0
 11
148.1611584256561
 21
-159.0195209944622
 31
0.0
 11
148.133981353832
 21
-159.1554063535828
 31
0.0
 11
148.1068042820079
 21
-159.2233490331431
 31
0.0
 11
148.0796272101838
 21
-159.2777031767913
 31
0.0
 11
148.0524501383596
 21
-159.3184687845275
 31
0.0
 11
148.0252730665355
 21
-159.3456458563516
 31
0.0
 11
147.9845074587993
 21
-159.3728229281758
 31
0.0
 11
147.9320538622159
 21
-159.3923445966551
 31
0.0
  0
LINE
  5
2D5
330
1F
100
AcDbEntity
  8
NoLayerName_002
  6
Continuous
 62
     4
370
    50
100
AcDbLine
 10
147.8767170164657
 20
-159.3999897789899
 30
0.0
 11
147.7840154910906
 21
-159.3999999999999
 31
0.0
  0
LINE
  5
2D6
330
1F
100
AcDbEntity
  8
NoLayerName_002
  6
Continuous
 62
     4
370
    50
100
AcDbLine
 10
150.6
 20
-156.52
 30
0.0
 11
150.6
 21
-160.0
 31
0.0
  0
LINE
  5
2D7
330
1F
100
AcDbEntity
  8
NoLayerName_002
  6
Continuous
 62
     4
370
    50
100
AcDbLine
 10
150.6
 20
-156.52
 30
0.0
 11
151.304920304823
 21
-156.52
 31
0.0
  0
LINE
  5
2D8
330
1F
100
AcDbEntity
  8
NoLayerName_002
  6
Continuous
 62
     4
370
    50
100
AcDbLine
 10
151.304920304823
 20
-156.52
 30
0.0
 11
151.304920304823
 21
-159.3999999999999
 31
0.0
  0
LINE
  5
2D9
330
1F
100
AcDbEntity
  8
NoLayerName_002
  6
Continuous
 62
     4
370
    50
100
AcDbLine
 10
152.4
 20
-159.3999999999999
 30
0.0
 11
151.304920304823
 21
-159.3999999999999
 31
0.0
  0
LINE
  5
2DA
330
1F
100
AcDbEntity
  8
NoLayerName_002
  6
Continuous
 62
     4
370
    50
100
AcDbLine
 10
152.4
 20
-160.0
 30
0.0
 11
152.4
 21
-159.3999999999999
 31
0.0
  0
SPLINE
  5
2DB
330
1F
100
AcDbEntity
  8
NoLayerName_002
  6
Continuous
 62
     4
370
    50
100
AcDbSpline
210
0.0
220
0.0
230
1.0
 70
  1064
 71
     3
 72
    11
 73
     7
 74
     5
 42
0.0000000001
 43
0.0000000001
 44
0.0
 12
0.03641105365429306
 22
-0.9993368977335843
 32
0.0
 13
0.08304547985384329
 23
-0.9965457582448711
 33
0.0
 40
0.0
 40
0.0
 40
0.0
 40
0.0
 40
0.0504818154954152
 40
0.0780874986785762
 40
0.227715729214451
 40
0.3913433695868473
 40
0.3913433695868473
 40
0.3913433695868473
 40
0.3913433695868473
 10
132.9233900006458
 20
-159.6094279553413
 30
0.0
 10
132.9240026993433
 20
-159.626244068971
 30
0.0
 10
132.9249486347321
 20
-159.6522563767509
 30
0.0
 10
132.9277234999186
 20
-159.7281088351903
 30
0.0
 10
132.9316134120618
 20
-159.841708717445
 30
0.0
 10
132.9420865406473
 20
-159.9456458563517
 30
0.0
 10
132.946616052618
 20
-159.9999999999999
 30
0.0
 11
132.9233900006458
 21
-159.6094279553413
 31
0.0
 11
132.9252280967383
 21
-159.6598762962305
 31
0.0
 11
132.9262332487499
 21
-159.6874636740226
 31
0.0
 11
132.9330275167059
 21
-159.8369375690552
 31
0.0
 11
132.946616052618
 21
-159.9999999999999
 31
0.0
  0
LINE
  5
2DC
330
1F
100
AcDbEntity
  8
NoLayerName_002
  6
Continuous
 62
     4
370
    50
100
AcDbLine
 10
152.7
 20
-157.554063535829
 30
0.0
 11
152.7
 21
-157.1661598663394
 31
0.0
  0
SPLINE
  5
2DD
330
1F
100
AcDbEntity
  8
NoLayerName_002
  6
Continuous
 62
     4
370
    50
100
AcDbSpline
210
0.0
220
0.0
230
1.0
 70
  1064
 71
     3
 72
    16
 73
    12
 74
    10
 42
0.0000000001
 43
0.0000000001
 44
0.0
 12
0.196116135138221
 22
-0.9805806756909128
 32
0.0
 13
0.9883716976506163
 23
-0.1520571842539478
 33
0.0
 40
0.0
 40
0.0
 40
0.0
 40
0.0
 40
0.0692882097767553
 40
0.1552296568749651
 40
0.2647839358200171
 40
0.3800864864978005
 40
0.4670955701475435
 40
0.5582502401897412
 40
0.6439709273350349
 40
0.7002237103669602
 40
0.7895883528778127
 40
0.7895883528778127
 40
0.7895883528778127
 40
0.7895883528778127
 10
152.7
 20
-159.5244012430778
 30
0.0
 10
152.7045295119707
 20
-159.5470488029312
 30
0.0
 10
152.7127878859107
 20
-159.5982518903658
 30
0.0
 10
152.7413145726367
 20
-159.6820402810947
 30
0.0
 10
152.7912101815864
 20
-159.7746878821526
 30
0.0
 10
152.8695115543397
 20
-159.844402869286
 30
0.0
 10
152.9433525314939
 20
-159.9091047845913
 30
0.0
 10
153.0239355887172
 20
-159.946725615036
 30
0.0
 10
153.0977560889259
 20
-159.9707588338883
 30
0.0
 10
153.1725124217708
 20
-159.9902550701206
 30
0.0
 10
153.220893876629
 20
-159.9954704880292
 30
0.0
 10
153.2503357044384
 20
-159.9999999999999
 30
0.0
 11
152.7
 21
-159.5244012430778
 31
0.0
 11
152.713588535912
 21
-159.5923439226381
 31
0.0
 11
152.7407656077362
 21
-159.6738751381104
 31
0.0
 11
152.7951197513844
 21
-159.7689948894948
 31
0.0
 11
152.8766509668568
 21
-159.8505261049672
 31
0.0
 11
152.9445936464171
 21
-159.9048802486155
 31
0.0
 11
153.0261248618895
 21
-159.9456458563516
 31
0.0
 11
153.1074233426362
 21
-159.9728229281758
 31
0.0
 11
153.1620102210101
 21
-159.9864114640878
 31
0.0
 11
153.2503357044384
 21
-159.9999999999999
 31
0.0
  0
LINE
  5
2DE
330
1F
100
AcDbEntity
  8
NoLayerName_002
  6
Continuous
 62
     4
370
    50
100
AcDbLine
 10
152.7
 20
-157.9753081491029
 30
0.0
 11
152.7
 21
-159.5244012430778
 31
0.0
  0
SPLINE
  5
2DF
330
1F
100
AcDbEntity
  8
NoLayerName_002
  6
Continuous
 62
     4
370
    50
100
AcDbSpline
210
0.0
220
0.0
230
1.0
 70
  1064
 71
     3
 72
     9
 73
     5
 74
     3
 42
0.0000000001
 43
0.0000000001
 44
0.0
 12
0.9792762016021026
 22
0.2025293089302343
 32
0.0
 13
0.9110647057724137
 23
0.4122633889830932
 33
0.0
 40
0.0
 40
0.0
 40
0.0
 40
0.0
 40
0.0201919856503283
 40
0.0432332434146947
 40
0.0432332434146947
 40
0.0432332434146947
 40
0.0432332434146947
 10
153.6192343922639
 20
-159.5923439226382
 30
0.0
 10
153.6258255692674
 20
-159.5909807663383
 30
0.0
 10
153.6403971065804
 20
-159.5894737492127
 30
0.0
 10
153.6530026410915
 20
-159.5819217423969
 30
0.0
 10
153.6600000000001
 20
-159.5787553867261
 30
0.0
 11
153.6192343922639
 21
-159.5923439226382
 31
0.0
 11
153.6390079232743
 21
-159.5882544537385
 31
0.0
 11
153.6600000000001
 21
-159.5787553867261
 31
0.0
  0
SPLINE
  5
2E0
330
1F
100
AcDbEntity
  8
NoLayerName_002
  6
Continuous
 62
     4
370
    50
100
AcDbSpline
210
0.0
220
0.0
230
1.0
 70
  1064
 71
     3
 72
     9
 73
     5
 74
     3
 42
0.0000000001
 43
0.0000000001
 44
0.0
 12
0.988936352868297
 22
0.1483404529302497
 32
0.0
 13
0.9701425001453469
 23
0.2425356250362733
 33
0.0
 40
0.0
 40
0.0
 40
0.0
 40
0.0
 40
0.1374055658147131
 40
0.165419050246181
 40
0.165419050246181
 40
0.165419050246181
 40
0.165419050246181
 10
153.4969375690553
 20
-159.9999999999999
 30
0.0
 10
153.5422326887622
 20
-159.9932057320438
 30
0.0
 10
153.5976231194996
 20
-159.9893406000716
 30
0.0
 10
153.6509409760586
 20
-159.9750876841611
 30
0.0
 10
153.66
 20
-159.9728229281757
 30
0.0
 11
153.4969375690553
 21
-159.9999999999999
 31
0.0
 11
153.6328229281759
 21
-159.9796171961318
 31
0.0
 11
153.66
 21
-159.9728229281757
 31
0.0
  0
LINE
  5
2E1
330
1F
100
AcDbEntity
  8
NoLayerName_002
  6
Continuous
 62
     4
370
    50
100
AcDbLine
 10
153.66
 20
-159.5787553867261
 30
0.0
 11
153.66
 21
-159.9728229281758
 31
0.0
  0
LINE
  5
2E2
330
1F
100
AcDbEntity
  8
NoLayerName_002
  6
Continuous
 62
     4
370
    50
100
AcDbLine
 10
153.3
 20
-156.8579662683339
 30
0.0
 11
152.7
 21
-157.1661598663394
 31
0.0
  0
LINE
  5
2E3
330
1F
100
AcDbEntity
  8
NoLayerName_002
  6
Continuous
 62
     4
370
    50
100
AcDbLine
 10
153.3
 20
-157.554063535829
 30
0.0
 11
153.3
 21
-156.8579662683339
 31
0.0
  0
LINE
  5
2E4
330
1F
100
AcDbEntity
  8
NoLayerName_002
  6
Continuous
 62
     4
370
    50
100
AcDbLine
 10
153.3
 20
-157.974063535829
 30
0.0
 11
153.3
 21
-159.4144483505039
 31
0.0
  0
LINE
  5
2E5
330
1F
100
AcDbEntity
  8
NoLayerName_002
  6
Continuous
 62
     4
370
    50
100
AcDbLine
 10
153.66
 20
-157.974063535829
 30
0.0
 11
153.66
 21
-157.554063535829
 31
0.0
  0
LINE
  5
2E6
330
1F
100
AcDbEntity
  8
NoLayerName_002
  6
Continuous
 62
     4
370
    50
100
AcDbLine
 10
152.4
 20
-157.554063535829
 30
0.0
 11
152.4
 21
-157.974063535829
 31
0.0
  0
SPLINE
  5
2E7
330
1F
100
AcDbEntity
  8
NoLayerName_002
  6
Continuous
 62
     4
370
    50
100
AcDbSpline
210
0.0
220
0.0
230
1.0
 70
  1064
 71
     3
 72
    18
 73
    14
 74
    12
 42
0.0000000001
 43
0.0000000001
 44
0.0
 12
0.0905357460425356
 22
0.9958932064677023
 32
0.0
 13
0.9863939238321442
 23
0.1643989873053538
 33
0.0
 40
0.0
 40
0.0
 40
0.0
 40
0.0
 40
0.1500902848437276
 40
0.3154019590187184
 40
0.4572704389479747
 40
0.5593412820234145
 40
0.7193318170578257
 40
0.7962001841763553
 40
0.8641428637366568
 40
0.9433769629612612
 40
1.016553468335374
 40
1.072580437198297
 40
1.155236274285794
 40
1.155236274285794
 40
1.155236274285794
 40
1.155236274285794
 10
153.96
 20
-158.3693756905527
 30
0.0
 10
153.9645295119707
 20
-158.3195510588751
 30
0.0
 10
153.9719229611535
 20
-158.2146671467564
 30
0.0
 10
153.9955898040895
 20
-158.0637133078426
 30
0.0
 10
154.0349993857792
 20
-157.9325912877607
 30
0.0
 10
154.0871122546798
 20
-157.8086264220961
 30
0.0
 10
154.1421004306828
 20
-157.7080591264389
 30
0.0
 10
154.2147972557558
 20
-157.6361029894872
 30
0.0
 10
154.2751303382373
 20
-157.5919908039194
 30
0.0
 10
154.3376071690147
 20
-157.5529273840283
 30
0.0
 10
154.4025466412035
 20
-157.5271594605159
 30
0.0
 10
154.4712719012237
 20
-157.5104106367117
 30
0.0
 10
154.5171299723945
 20
-157.5042389041515
 30
0.0
 10
154.5443070442186
 20
-157.4997093921808
 30
0.0
 11
153.96
 21
-158.3693756905527
 31
0.0
 11
153.973588535912
 21
-158.21990179552
 31
0.0
 11
154.0007656077362
 21
-158.0568393645753
 31
0.0
 11
154.0415312154723
 21
-157.9209540054547
 31
0.0
 11
154.0809606911217
 21
-157.8268063902106
 31
0.0
 11
154.1638280386809
 21
-157.6899488949496
 31
0.0
 11
154.2181821823291
 21
-157.6355947513014
 31
0.0
 11
154.2725363259774
 21
-157.5948291435652
 31
0.0
 11
154.3404790055377
 21
-157.554063535829
 31
0.0
 11
154.408421685098
 21
-157.5268864640049
 31
0.0
 11
154.4627758287462
 21
-157.5132979280928
 31
0.0
 11
154.5443070442186
 21
-157.4997093921808
 31
0.0
  0
LINE
  5
2E8
330
1F
100
AcDbEntity
  8
NoLayerName_002
  6
Continuous
 62
     4
370
    50
100
AcDbLine
 10
153.96
 20
-158.3693756905527
 30
0.0
 11
153.96
 21
-159.1710993093643
 31
0.0
  0
SPLINE
  5
2E9
330
1F
100
AcDbEntity
  8
NoLayerName_002
  6
Continuous
 62
     4
370
    50
100
AcDbSpline
210
0.0
220
0.0
230
1.0
 70
  1064
 71
     3
 72
    14
 73
    10
 74
     8
 42
0.0000000001
 43
0.0000000001
 44
0.0
 12
0.06237828615519234
 22
0.9980525784828879
 32
0.0
 13
0.9486832980505023
 23
0.316227766016872
 33
0.0
 40
0.0
 40
0.0
 40
0.0
 40
0.0
 40
0.2178408024589891
 40
0.3139262613571417
 40
0.4128522960313776
 40
0.4920863952559869
 40
0.5689547623745062
 40
0.5993396523885763
 40
0.6423103759376761
 40
0.6423103759376761
 40
0.6423103759376761
 40
0.6423103759376761
 10
154.56
 20
-158.4780839778492
 30
0.0
 10
154.5645295119707
 20
-158.4056117863182
 30
0.0
 10
154.566924365816
 20
-158.3006684522536
 30
0.0
 10
154.5857378940015
 20
-158.1645691073918
 30
0.0
 10
154.6073217940686
 20
-158.0744063838188
 30
0.0
 10
154.6528474731198
 20
-158.0021479394618
 30
0.0
 10
154.6947159779367
 20
-157.9539816900359
 30
0.0
 10
154.7402278127405
 20
-157.9319656829316
 30
0.0
 10
154.7638280386809
 20
-157.9254835174253
 30
0.0
 10
154.777416574593
 20
-157.9209540054547
 30
0.0
 11
154.56
 21
-158.4780839778492
 31
0.0
 11
154.5735885359121
 21
-158.2606674032562
 31
0.0
 11
154.5871770718241
 21
-158.1655476518717
 31
0.0
 11
154.6143541436483
 21
-158.0704279004873
 31
0.0
 11
154.6551197513844
 21
-158.002485220927
 31
0.0
 11
154.7094738950327
 21
-157.9481310772788
 31
0.0
 11
154.7366509668568
 21
-157.9345425413667
 31
0.0
 11
154.777416574593
 21
-157.9209540054547
 31
0.0
  0
SPLINE
  5
2EA
330
1F
100
AcDbEntity
  8
NoLayerName_002
  6
Continuous
 62
     4
370
    50
100
AcDbSpline
210
0.0
220
0.0
230
1.0
 70
  1064
 71
     3
 72
    15
 73
    11
 74
     9
 42
0.0000000001
 43
0.0000000001
 44
0.0
 12
0.04993761694390168
 22
-0.9987523388778443
 32
0.0
 13
0.9693712447221524
 23
-0.2456000608831861
 33
0.0
 40
0.0
 40
0.0
 40
0.0
 40
0.0
 40
0.2721102195831346
 40
0.3816644985281809
 40
0.4937184362540312
 40
0.5972056426011744
 40
0.665148322161475
 40
0.7141424851509015
 40
0.7451738129948923
 40
0.8005017142307346
 40
0.8005017142307346
 40
0.8005017142307346
 40
0.8005017142307346
 10
154.56
 20
-158.9400941988592
 30
0.0
 10
154.5645295119707
 20
-159.030684438273
 30
0.0
 10
154.5664934028573
 20
-159.1580244785992
 30
0.0
 10
154.5849616330397
 20
-159.3217444729889
 30
0.0
 10
154.6109818944209
 20
-159.4274929808019
 30
0.0
 10
154.6467454666737
 20
-159.5148486967643
 30
0.0
 10
154.6882791673461
 20
-159.5778309675168
 30
0.0
 10
154.7312876285868
 20
-159.6032811965384
 30
0.0
 10
154.7712713961312
 20
-159.6245838748827
 30
0.0
 10
154.8003044234995
 20
-159.6285800184037
 30
0.0
 10
154.8181821823292
 20
-159.6331095303743
 30
0.0
 11
154.56
 21
-158.9400941988592
 31
0.0
 11
154.5735885359121
 21
-159.2118649171005
 31
0.0
 11
154.5871770718241
 21
-159.3205732043969
 31
0.0
 11
154.6143541436483
 21
-159.4292814916934
 31
0.0
 11
154.6551197513844
 21
-159.5244012430778
 31
0.0
 11
154.6958853591206
 21
-159.5787553867261
 31
0.0
 11
154.7366509668568
 21
-159.6059324585502
 31
0.0
 11
154.7645489058403
 21
-159.6195209944623
 31
0.0
 11
154.8181821823292
 21
-159.6331095303743
 31
0.0
  0
LINE
  5
2EB
330
1F
100
AcDbEntity
  8
NoLayerName_002
  6
Continuous
 62
     4
370
    50
100
AcDbLine
 10
154.56
 20
-158.4780839778492
 30
0.0
 11
154.56
 21
-158.9400941988592
 31
0.0
  0
SPLINE
  5
2EC
330
1F
100
AcDbEntity
  8
NoLayerName_002
  6
Continuous
 62
     4
370
    50
100
AcDbSpline
210
0.0
220
0.0
230
1.0
 70
  1064
 71
     3
 72
    13
 73
     9
 74
     7
 42
0.0000000001
 43
0.0000000001
 44
0.0
 12
0.9899494936611676
 22
-0.141421356237303
 32
0.0
 13
0.4275511061350407
 23
-0.9039911789628831
 33
0.0
 40
0.0
 40
0.0
 40
0.0
 40
0.0
 40
0.0960854588981562
 40
0.1950114935723848
 40
0.3349140334804916
 40
0.5078678594971624
 40
0.5382527495112293
 40
0.6018172484311393
 40
0.6018172484311393
 40
0.6018172484311393
 40
0.6018172484311393
 10
154.6844012430779
 20
-157.4997093921808
 30
0.0
 10
154.7161078268727
 20
-157.5042389041515
 30
0.0
 10
154.780812461571
 20
-157.5106742784027
 30
0.0
 10
154.8894679656418
 20
-157.5409498224967
 30
0.0
 10
155.0076533123465
 20
-157.6106267950556
 30
0.0
 10
155.0994198958201
 20
-157.6872691632188
 30
0.0
 10
155.1375720919628
 20
-157.7679322560192
 30
0.0
 10
155.1509409760586
 20
-157.7961994053891
 30
0.0
 10
155.16
 20
-157.8153533208287
 30
0.0
 11
154.6844012430779
 21
-157.4997093921808
 31
0.0
 11
154.7795209944623
 21
-157.5132979280928
 31
0.0
 11
154.8746407458467
 21
-157.540474999917
 31
0.0
 11
154.9969375690553
 21
-157.6084176794773
 31
0.0
 11
155.1192343922638
 21
-157.7307145026858
 31
0.0
 11
155.1328229281759
 21
-157.75789157451
 31
0.0
 11
155.16
 21
-157.8153533208287
 31
0.0
  0
LINE
  5
2ED
330
1F
100
AcDbEntity
  8
NoLayerName_002
  6
Continuous
 62
     4
370
    50
100
AcDbLine
 10
155.76
 20
-160.0
 30
0.0
 11
155.16
 21
-160.0
 31
0.0
  0
SPLINE
  5
2EE
330
1F
100
AcDbEntity
  8
NoLayerName_002
  6
Continuous
 62
     4
370
    50
100
AcDbSpline
210
0.0
220
0.0
230
1.0
 70
  1064
 71
     3
 72
    18
 73
    14
 74
    12
 42
0.0000000001
 43
0.0000000001
 44
0.0
 12
0.0905357460425356
 22
-0.9958932064677023
 32
0.0
 13
0.9863939238321442
 23
-0.1643989873053538
 33
0.0
 40
0.0
 40
0.0
 40
0.0
 40
0.0
 40
0.1500902848437276
 40
0.3154019590187184
 40
0.4274558967445722
 40
0.5435563984706058
 40
0.6834589383787036
 40
0.8179785808361099
 40
0.9049876644858529
 40
0.9961423345280506
 40
1.039113058077164
 40
1.095140026940086
 40
1.177795864027584
 40
1.177795864027584
 40
1.177795864027584
 40
1.177795864027584
 10
153.96
 20
-159.1167451657159
 30
0.0
 10
153.9645295119707
 20
-159.1665697973935
 30
0.0
 10
153.9713856414111
 20
-159.2715899967561
 30
0.0
 10
153.9958417290536
 20
-159.4121098937313
 30
0.0
 10
154.0258482905903
 20
-159.5401139047437
 30
0.0
 10
154.069988043306
 20
-159.6544500229541
 30
0.0
 10
154.128501715143
 20
-159.7731105208869
 30
0.0
 10
154.2198656738878
 20
-159.853787235349
 30
0.0
 10
154.2985055892603
 20
-159.9225199231798
 30
0.0
 10
154.3658323980387
 20
-159.9547884745608
 30
0.0
 10
154.4260041295254
 20
-159.9746009418713
 30
0.0
 10
154.4848266488912
 20
-159.9894603173418
 30
0.0
 10
154.5307185083065
 20
-159.9954704880292
 30
0.0
 10
154.5578955801307
 20
-159.9999999999999
 30
0.0
 11
153.96
 21
-159.1167451657159
 31
0.0
 11
153.973588535912
 21
-159.2662190607486
 31
0.0
 11
154.0007656077362
 21
-159.4292814916933
 31
0.0
 11
154.0279426795603
 21
-159.5379897789898
 31
0.0
 11
154.0687082872965
 21
-159.6466980662863
 31
0.0
 11
154.1366509668568
 21
-159.7689948894948
 31
0.0
 11
154.2317707182412
 21
-159.8641146408793
 31
0.0
 11
154.2997133978015
 21
-159.9184687845275
 31
0.0
 11
154.3812446132739
 21
-159.9592343922637
 31
0.0
 11
154.4220102210101
 21
-159.9728229281758
 31
0.0
 11
154.4763643646583
 21
-159.9864114640878
 31
0.0
 11
154.5578955801307
 21
-159.9999999999999
 31
0.0
  0
SPLINE
  5
2EF
330
1F
100
AcDbEntity
  8
NoLayerName_002
  6
Continuous
 62
     4
370
    50
100
AcDbSpline
210
0.0
220
0.0
230
1.0
 70
  1064
 71
     3
 72
    14
 73
    10
 74
     8
 42
0.0000000001
 43
0.0000000001
 44
0.0
 12
0.9899494936611676
 22
0.141421356237303
 32
0.0
 13
0.4560732274570155
 23
0.8899422516079014
 33
0.0
 40
0.0
 40
0.0
 40
0.0
 40
0.0
 40
0.0960854588981562
 40
0.1950114935723847
 40
0.334914033480492
 40
0.4455167026185422
 40
0.5325257862682837
 40
0.602477056222333
 40
0.6471690105861951
 40
0.6471690105861951
 40
0.6471690105861951
 40
0.6471690105861951
 10
154.6572241712537
 20
-159.9999999999999
 30
0.0
 10
154.6889307550485
 20
-159.9954704880292
 30
0.0
 10
154.7537619296066
 20
-159.9891135903447
 30
0.0
 10
154.8617526232003
 20
-159.9584257489406
 30
0.0
 10
154.9652455145133
 20
-159.901285457677
 30
0.0
 10
155.047226187245
 20
-159.8236203234279
 30
0.0
 10
155.1050184356309
 20
-159.7549784744782
 30
0.0
 10
155.135793548703
 20
-159.6949245343514
 30
0.0
 10
155.1532057320439
 20
-159.6609481683589
 30
0.0
 10
155.16
 20
-159.6476904155271
 30
0.0
 11
154.6572241712537
 21
-159.9999999999999
 31
0.0
 11
154.7523439226381
 21
-159.9864114640878
 31
0.0
 11
154.8474636740225
 21
-159.9592343922637
 31
0.0
 11
154.9697604972311
 21
-159.8912917127034
 31
0.0
 11
155.0512917127035
 21
-159.816554765187
 31
0.0
 11
155.1056458563517
 21
-159.7486120856267
 31
0.0
 11
155.1396171961319
 21
-159.6874636740225
 31
0.0
 11
155.16
 21
-159.6476904155271
 31
0.0
  0
LINE
  5
2F0
330
1F
100
AcDbEntity
  8
NoLayerName_002
  6
Continuous
 62
     4
370
    50
100
AcDbLine
 10
155.16
 20
-160.0
 30
0.0
 11
155.16
 21
-159.6476904155271
 31
0.0
  0
SPLINE
  5
2F1
330
1F
100
AcDbEntity
  8
NoLayerName_002
  6
Continuous
 62
     4
370
    50
100
AcDbSpline
210
0.0
220
0.0
230
1.0
 70
  1064
 71
     3
 72
    14
 73
    10
 74
     8
 42
0.0000000001
 43
0.0000000001
 44
0.0
 12
0.9486832980504993
 22
-0.3162277660168814
 32
0.0
 13
0.1104315260748675
 23
-0.9938837346736166
 33
0.0
 40
0.0
 40
0.0
 40
0.0
 40
0.0
 40
0.0429707235491
 40
0.07335561356317
 40
0.131006888902067
 40
0.210240988126669
 40
0.283417493500785
 40
0.352705703277538
 40
0.4757551294246614
 40
0.4757551294246614
 40
0.4757551294246614
 40
0.4757551294246614
 10
154.9561719613191
 20
-157.9209540054547
 30
0.0
 10
154.9697604972312
 20
-157.9254835174254
 30
0.0
 10
154.993304859803
 20
-157.9320526388772
 30
0.0
 10
155.0332355467361
 20
-157.9508773763143
 30
0.0
 10
155.0712971509018
 20
-157.9936013948464
 30
0.0
 10
155.1060682848924
 20
-158.0542451549758
 30
0.0
 10
155.1350954195049
 20
-158.1227985668095
 30
0.0
 10
155.1502101373542
 20
-158.2104185070993
 30
0.0
 10
155.1554704880293
 20
-158.2742559391683
 30
0.0
 10
155.16
 20
-158.3150215469044
 30
0.0
 11
154.9561719613191
 21
-157.9209540054547
 31
0.0
 11
154.9969375690553
 21
-157.9345425413667
 31
0.0
 11
155.0241146408794
 21
-157.9481310772788
 31
0.0
 11
155.0648802486156
 21
-157.988896685015
 31
0.0
 11
155.1056458563518
 21
-158.0568393645753
 31
0.0
 11
155.1328229281759
 21
-158.1247820441356
 31
0.0
 11
155.1464114640879
 21
-158.1927247236959
 31
0.0
 11
155.16
 21
-158.3150215469044
 31
0.0
  0
SPLINE
  5
2F2
330
1F
100
AcDbEntity
  8
NoLayerName_002
  6
Continuous
 62
     4
370
    50
100
AcDbSpline
210
0.0
220
0.0
230
1.0
 70
  1064
 71
     3
 72
    14
 73
    10
 74
     8
 42
0.0000000001
 43
0.0000000001
 44
0.0
 12
-0.0905357460425356
 22
-0.9958932064677023
 32
0.0
 13
-0.9701425001453431
 23
-0.2425356250362882
 33
0.0
 40
0.0
 40
0.0
 40
0.0
 40
0.0
 40
0.1500902848437276
 40
0.2886667043972362
 40
0.3746081514954506
 40
0.4538422507200595
 40
0.4922764342793139
 40
0.5530462143074413
 40
0.6090731831703775
 40
0.6090731831703775
 40
0.6090731831703775
 40
0.6090731831703775
 10
155.16
 20
-159.1303337016281
 30
0.0
 10
155.1554704880293
 20
-159.1801583333057
 30
0.0
 10
155.1505346433389
 20
-159.2764529275392
 30
0.0
 10
155.1252818412677
 20
-159.3990824394705
 30
0.0
 10
155.0959298399008
 20
-159.4963159244146
 30
0.0
 10
155.0615727390616
 20
-159.5558521323498
 30
0.0
 10
155.0201039023048
 20
-159.5992812838116
 30
0.0
 10
154.9717266537683
 20
-159.6214121841309
 30
0.0
 10
154.9335244014657
 20
-159.6285800184037
 30
0.0
 10
154.9154063535829
 20
-159.6331095303744
 30
0.0
 11
155.16
 21
-159.1303337016281
 31
0.0
 11
155.146411464088
 21
-159.2798075966608
 31
0.0
 11
155.1192343922638
 21
-159.4156929557814
 31
0.0
 11
155.0920573204397
 21
-159.4972241712537
 31
0.0
 11
155.0512917127035
 21
-159.5651668508141
 31
0.0
 11
155.0241146408794
 21
-159.5923439226382
 31
0.0
 11
154.9697604972312
 21
-159.6195209944623
 31
0.0
 11
154.9154063535829
 21
-159.6331095303744
 31
0.0
  0
LINE
  5
2F3
330
1F
100
AcDbEntity
  8
NoLayerName_002
  6
Continuous
 62
     4
370
    50
100
AcDbLine
 10
154.777416574593
 20
-157.9209540054547
 30
0.0
 11
154.9561719613191
 21
-157.9209540054547
 31
0.0
  0
LINE
  5
2F4
330
1F
100
AcDbEntity
  8
NoLayerName_002
  6
Continuous
 62
     4
370
    50
100
AcDbLine
 10
155.16
 20
-158.3150215469045
 30
0.0
 11
155.16
 21
-159.1303337016281
 31
0.0
  0
LINE
  5
2F5
330
1F
100
AcDbEntity
  8
NoLayerName_002
  6
Continuous
 62
     4
370
    50
100
AcDbLine
 10
154.8181821823291
 20
-159.6331095303744
 30
0.0
 11
154.9154063535829
 21
-159.6331095303744
 31
0.0
  0
LINE
  5
2F6
330
1F
100
AcDbEntity
  8
NoLayerName_002
  6
Continuous
 62
     4
370
    50
100
AcDbLine
 10
155.16
 20
-156.52
 30
0.0
 11
155.16
 21
-157.8153533208288
 31
0.0
  0
LINE
  5
2F7
330
1F
100
AcDbEntity
  8
NoLayerName_002
  6
Continuous
 62
     4
370
    50
100
AcDbLine
 10
155.76
 20
-156.52
 30
0.0
 11
155.76
 21
-160.0
 31
0.0
  0
LINE
  5
2F8
330
1F
100
AcDbEntity
  8
NoLayerName_002
  6
Continuous
 62
     4
370
    50
100
AcDbLine
 10
155.76
 20
-156.52
 30
0.0
 11
155.16
 21
-156.52
 31
0.0
  0
LINE
  5
2F9
330
1F
100
AcDbEntity
  8
NoLayerName_002
  6
Continuous
 62
     4
370
    50
100
AcDbLine
 10
156.9
 20
-160.0
 30
0.0
 11
156.9
 21
-159.3999999999999
 31
0.0
  0
LINE
  5
2FA
330
1F
100
AcDbEntity
  8
NoLayerName_002
  6
Continuous
 62
     4
370
    50
100
AcDbLine
 10
156.9
 20
-160.0
 30
0.0
 11
156.36
 21
-160.0
 31
0.0
  0
LINE
  5
2FB
330
1F
100
AcDbEntity
  8
NoLayerName_002
  6
Continuous
 62
     4
370
    50
100
AcDbLine
 10
144.78
 20
-157.12
 30
0.0
 11
143.94
 21
-157.1199999999999
 31
0.0
  0
LINE
  5
2FC
330
1F
100
AcDbEntity
  8
NoLayerName_002
  6
Continuous
 62
     4
370
    50
100
AcDbLine
 10
146.34
 20
-157.1199999999999
 30
0.0
 11
145.5
 21
-157.1199999999999
 31
0.0
  0
LINE
  5
2FD
330
1F
100
AcDbEntity
  8
NoLayerName_002
  6
Continuous
 62
     4
370
    50
100
AcDbLine
 10
146.34
 20
-156.52
 30
0.0
 11
146.34
 21
-157.1199999999999
 31
0.0
  0
LINE
  5
2FE
330
1F
100
AcDbEntity
  8
NoLayerName_002
  6
Continuous
 62
     4
370
    50
100
AcDbLine
 10
143.94
 20
-157.1199999999999
 30
0.0
 11
143.94
 21
-156.52
 31
0.0
  0
SPLINE
  5
2FF
330
1F
100
AcDbEntity
  8
NoLayerName_002
  6
Continuous
 62
     4
370
    50
100
AcDbSpline
210
0.0
220
0.0
230
1.0
 70
  1064
 71
     3
 72
    18
 73
    14
 74
    12
 42
0.0000000001
 43
0.0000000001
 44
0.0
 12
0.05547001962253346
 22
0.9984603532054118
 32
0.0
 13
0.9895356873264164
 23
0.1442883346200823
 33
0.0
 40
0.0
 40
0.0
 40
0.0
 40
0.0
 40
0.2449708149470982
 40
0.5736336517822375
 40
0.8209487384678333
 40
1.100506239636692
 40
1.340911980992937
 40
1.548331979590883
 40
1.66443248131692
 40
1.750373928415133
 40
1.819662138191887
 40
1.888950347968641
 40
1.972367409259305
 40
1.972367409259305
 40
1.972367409259305
 40
1.972367409259305
 10
146.64
 20
-157.9739733425905
 30
0.0
 10
146.6445295119707
 20
-157.8924421271182
 30
0.0
 10
146.652768939697
 20
-157.7015995543981
 30
0.0
 10
146.6804257424056
 20
-157.4279799226909
 30
0.0
 10
146.7602854013843
 20
-157.1537257610082
 30
0.0
 10
146.865092690298
 20
-156.916976592655
 30
0.0
 10
147.0329427045737
 20
-156.736922118774
 30
0.0
 10
147.1941048565886
 20
-156.6351685848929
 30
0.0
 10
147.3237607660952
 20
-156.5921294352184
 30
0.0
 10
147.4084764079734
 20
-156.5594746578508
 30
0.0
 10
147.482684270163
 20
-156.5480026587007
 30
0.0
 10
147.5548079638903
 20
-156.5313694268791
 30
0.0
 10
147.6054613454941
 20
-156.5255644633437
 30
0.0
 10
147.6329760651871
 20
-156.5215524270596
 30
0.0
 11
146.64
 21
-157.9739733425905
 31
0.0
 11
146.653588535912
 21
-157.7293796961735
 31
0.0
 11
146.6943541436482
 21
-157.403254834284
 31
0.0
 11
146.7622968232085
 21
-157.1654554558229
 31
0.0
 11
146.8845936464171
 21
-156.9140675414498
 31
0.0
 11
147.0476560773618
 21
-156.737416574593
 31
0.0
 11
147.2243070442186
 21
-156.6287082872965
 31
0.0
 11
147.3330153315151
 21
-156.5879426795603
 31
0.0
 11
147.4145465469875
 21
-156.5607656077362
 31
0.0
 11
147.4824892265478
 21
-156.5471770718241
 31
0.0
 11
147.5504319061081
 21
-156.5335885359121
 31
0.0
 11
147.6329760651871
 21
-156.5215524270596
 31
0.0
  0
ARC
  5
300
330
1F
100
AcDbEntity
  8
NoLayerName_002
  6
Continuous
 62
     4
370
    50
100
AcDbCircle
 10
148.0130577307355
 20
-156.7238280386809
 30
0.0
 40
0.2038280386809145
100
AcDbArc
 50
83.09786282290641
 51
90.0
  0
LINE
  5
301
330
1F
100
AcDbEntity
  8
NoLayerName_002
  6
Continuous
 62
     4
370
    50
100
AcDbLine
 10
147.6437386224256
 20
-156.52
 30
0.0
 11
148.0130577307356
 21
-156.52
 31
0.0
  0
SPLINE
  5
302
330
1F
100
AcDbEntity
  8
NoLayerName_002
  6
Continuous
 62
     4
370
    50
100
AcDbSpline
210
0.0
220
0.0
230
1.0
 70
  1064
 71
     3
 72
    18
 73
    14
 74
    12
 42
0.0000000001
 43
0.0000000001
 44
0.0
 12
0.9894809106836683
 22
-0.1446634970979848
 32
0.0
 13
0.141421356237336
 23
-0.9899494936611627
 33
0.0
 40
0.0
 40
0.0
 40
0.0
 40
0.0
 40
0.0837209512348084
 40
0.1957748889606533
 40
0.3246870596079803
 40
0.4463874802936688
 40
0.5820578933231865
 40
0.6595518734543083
 40
0.745967633968203
 40
0.9162315009295738
 40
1.075281236006288
 40
1.200561346957053
 40
1.296646805855206
 40
1.296646805855206
 40
1.296646805855206
 40
1.296646805855206
 10
148.0433787776776
 20
-156.5214771703261
 30
0.0
 10
148.070992205368
 20
-156.5255142921881
 30
0.0
 10
148.135986537779
 20
-156.5327516412685
 30
0.0
 10
148.240500744354
 20
-156.5618430707775
 30
0.0
 10
148.3562180700109
 20
-156.5973511274301
 30
0.0
 10
148.4719271140606
 20
-156.6554086225843
 30
0.0
 10
148.5617017052739
 20
-156.7228175423825
 30
0.0
 10
148.6327964249571
 20
-156.7931433125682
 30
0.0
 10
148.7023761412195
 20
-156.8806000995203
 30
0.0
 10
148.7665205324638
 20
-157.0045082884098
 30
0.0
 10
148.8192558347989
 20
-157.146902394152
 30
0.0
 10
148.8465442088443
 20
-157.271111032677
 30
0.0
 10
148.8554704880293
 20
-157.3443711786651
 30
0.0
 10
148.86
 20
-157.3760777624599
 30
0.0
 11
148.0433787776776
 21
-156.5214771703261
 31
0.0
 11
148.1262190607487
 21
-156.5335885359121
 31
0.0
 11
148.2349273480452
 21
-156.5607656077362
 31
0.0
 11
148.3572241712538
 21
-156.6015312154724
 31
0.0
 11
148.4659324585502
 21
-156.6562441085428
 31
0.0
 11
148.5746407458468
 21
-156.737416574593
 31
0.0
 11
148.6296129837892
 21
-156.7920368090502
 31
0.0
 11
148.6833490331432
 21
-156.8597133978015
 31
0.0
 11
148.7648802486156
 21
-157.0091872928342
 31
0.0
 11
148.8192343922639
 21
-157.1586611878669
 31
0.0
 11
148.846411464088
 21
-157.2809580110754
 31
0.0
 11
148.86
 21
-157.3760777624599
 31
0.0
  0
SPLINE
  5
303
330
1F
100
AcDbEntity
  8
NoLayerName_002
  6
Continuous
 62
     4
370
    50
100
AcDbSpline
210
0.0
220
0.0
230
1.0
 70
  1064
 71
     3
 72
    16
 73
    12
 74
    10
 42
0.0000000001
 43
0.0000000001
 44
0.0
 12
-0.9701425001453281
 22
-0.2425356250363479
 32
0.0
 13
-0.1240347345892314
 23
-0.9922778767136646
 33
0.0
 40
0.0
 40
0.0
 40
0.0
 40
0.0
 40
0.0560269688629224
 40
0.1292034742370354
 40
0.1971461537973483
 40
0.2841552374470901
 40
0.3753099074892835
 40
0.4484864128633995
 40
0.5605403505892529
 40
0.6431961876767471
 40
0.7527504666217943
 40
0.7527504666217943
 40
0.7527504666217943
 40
0.7527504666217943
 10
147.7399138123823
 20
-157.12
 30
0.0
 10
147.7217957644995
 20
-157.1245295119707
 30
0.0
 10
147.6797562003224
 20
-157.1336675924863
 30
0.0
 10
147.6174229272969
 20
-157.1568119008396
 30
0.0
 10
147.5564093457186
 20
-157.2036692488626
 30
0.0
 10
147.5050783986303
 20
-157.2689089707639
 30
0.0
 10
147.4701975353901
 20
-157.3453778308191
 30
0.0
 10
147.4342490937958
 20
-157.4303274883354
 30
0.0
 10
147.4147911594146
 20
-157.5179437411902
 30
0.0
 10
147.3980373238768
 20
-157.6179167165384
 30
0.0
 10
147.3911413906394
 20
-157.6816594843652
 30
0.0
 10
147.3866118786687
 20
-157.7178955801307
 30
0.0
 11
147.7399138123823
 21
-157.12
 31
0.0
 11
147.685559668734
 21
-157.1335885359121
 31
0.0
 11
147.6176169891737
 21
-157.1607656077362
 31
0.0
 11
147.5632628455255
 21
-157.2015312154724
 31
0.0
 11
147.5089087018772
 21
-157.2694738950327
 31
0.0
 11
147.4681430941411
 21
-157.3510051105051
 31
0.0
 11
147.4409660223169
 21
-157.4189477900654
 31
0.0
 11
147.4137889504928
 21
-157.5276560773619
 31
0.0
 11
147.4002004145808
 21
-157.6091872928342
 31
0.0
 11
147.3866118786687
 21
-157.7178955801307
 31
0.0
  0
ARC
  5
304
330
1F
100
AcDbEntity
  8
NoLayerName_002
  6
Continuous
 62
     4
370
    50
100
AcDbCircle
 10
147.8839942768906
 20
-157.3238280386809
 30
0.0
 40
0.2038280386809145
100
AcDbArc
 50
70.60384574951726
 51
90.0
  0
SPLINE
  5
305
330
1F
100
AcDbEntity
  8
NoLayerName_002
  6
Continuous
 62
     4
370
    50
100
AcDbSpline
210
0.0
220
0.0
230
1.0
 70
  1064
 71
     3
 72
    13
 73
     9
 74
     7
 42
0.0000000001
 43
0.0000000001
 44
0.0
 12
0.9415251080835294
 22
-0.3369428302372647
 32
0.0
 13
0.08304547985366921
 23
-0.9965457582448856
 33
0.0
 40
0.0
 40
0.0
 40
0.0
 40
0.0
 40
0.0059958704346389
 40
0.0667656504627664
 40
0.1537747341125082
 40
0.257261940459651
 40
0.395838360013162
 40
0.5594660003855592
 40
0.5594660003855592
 40
0.5594660003855592
 40
0.5594660003855592
 10
147.9516851244162
 20
-157.1315682703581
 30
0.0
 10
147.9535668786025
 20
-157.1322416922094
 30
0.0
 10
147.9745168142825
 20
-157.139666713699
 30
0.0
 10
148.0229692783183
 20
-157.1605490985849
 30
0.0
 10
148.0718041019235
 20
-157.232675252676
 30
0.0
 10
148.114539951765
 20
-157.3334545723268
 30
0.0
 10
148.138078359311
 20
-157.4679650458768
 30
0.0
 10
148.1430403777734
 20
-157.568421685098
 30
0.0
 10
148.1475698897441
 20
-157.6227758287463
 30
0.0
 11
147.9516851244162
 21
-157.1315682703581
 31
0.0
 11
147.9573303869752
 21
-157.1335885359121
 31
0.0
 11
148.0116845306235
 21
-157.1607656077362
 31
0.0
 11
148.0660386742717
 21
-157.2287082872965
 31
0.0
 11
148.1068042820079
 21
-157.3238280386809
 31
0.0
 11
148.133981353832
 21
-157.4597133978015
 31
0.0
 11
148.1475698897441
 21
-157.6227758287463
 31
0.0
  0
LINE
  5
306
330
1F
100
AcDbEntity
  8
NoLayerName_002
  6
Continuous
 62
     4
370
    50
100
AcDbLine
 10
147.8839942768906
 20
-157.12
 30
0.0
 11
147.7399138123823
 21
-157.12
 31
0.0
  0
SPLINE
  5
307
330
1F
100
AcDbEntity
  8
NoLayerName_002
  6
Continuous
 62
     4
370
    50
100
AcDbSpline
210
0.0
220
0.0
230
1.0
 70
  1064
 71
     3
 72
     9
 73
     5
 74
     3
 42
0.0000000001
 43
0.0000000001
 44
0.0
 12
-0.0766964988847476
 22
-0.9970544855015808
 32
0.0
 13
0.0
 23
-1.0
 33
0.0
 40
0.0
 40
0.0
 40
0.0
 40
0.0
 40
0.1771728320021901
 40
0.245115511562495
 40
0.245115511562495
 40
0.245115511562495
 40
0.245115511562495
 10
147.3866118786686
 20
-157.7178955801307
 30
0.0
 10
147.3820823666979
 20
-157.7767792357496
 30
0.0
 10
147.3712863542076
 20
-157.8580697874576
 30
0.0
 10
147.3730233427566
 20
-157.9398416666943
 30
0.0
 10
147.3730233427566
 20
-157.9624892265478
 30
0.0
 11
147.3866118786686
 21
-157.7178955801307
 31
0.0
 11
147.3730233427566
 21
-157.8945465469875
 31
0.0
 11
147.3730233427566
 21
-157.9624892265478
 31
0.0
  0
LINE
  5
308
330
1F
100
AcDbEntity
  8
NoLayerName_002
  6
Continuous
 62
     4
370
    50
100
AcDbLine
 10
148.86
 20
-158.7999999999999
 30
0.0
 11
148.1747469615682
 21
-158.7999999999999
 31
0.0
  0
LINE
  5
309
330
1F
100
AcDbEntity
  8
NoLayerName_002
  6
Continuous
 62
     4
370
    50
100
AcDbLine
 10
148.1747469615682
 20
-158.7999999999999
 30
0.0
 11
148.1747469615682
 21
-158.8700470994295
 31
0.0
  0
LINE
  5
30A
330
1F
100
AcDbEntity
  8
NoLayerName_002
  6
Continuous
 62
     4
370
    50
100
AcDbLine
 10
148.86
 20
-157.72
 30
0.0
 11
148.1475698897441
 21
-157.72
 31
0.0
  0
LINE
  5
30B
330
1F
100
AcDbEntity
  8
NoLayerName_002
  6
Continuous
 62
     4
370
    50
100
AcDbLine
 10
148.1475698897441
 20
-157.72
 30
0.0
 11
148.1475698897441
 21
-157.6227758287461
 31
0.0
  0
LINE
  5
30C
330
1F
100
AcDbEntity
  8
NoLayerName_002
  6
Continuous
 62
     4
370
    50
100
AcDbLine
 10
132.2571299723944
 20
-159.9999999999999
 30
0.0
 11
132.3623090083993
 21
-159.9999999999999
 31
0.0
  0
LINE
  5
30D
330
1F
100
AcDbEntity
  8
NoLayerName_002
  6
Continuous
 62
     4
370
    50
100
AcDbLine
 10
123.0
 20
-156.52
 30
0.0
 11
123.0
 21
-160.0
 31
0.0
  0
LINE
  5
30E
330
1F
100
AcDbEntity
  8
NoLayerName_002
  6
Continuous
 62
     4
370
    50
100
AcDbLine
 10
123.6
 20
-160.0
 30
0.0
 11
123.6
 21
-156.52
 31
0.0
  0
LINE
  5
30F
330
1F
100
AcDbEntity
  8
NoLayerName_002
  6
Continuous
 62
     4
370
    50
100
AcDbLine
 10
124.4776785195473
 20
-156.52
 30
0.0
 11
123.6
 21
-158.0193040145574
 31
0.0
  0
LINE
  5
310
330
1F
100
AcDbEntity
  8
NoLayerName_002
  6
Continuous
 62
     4
370
    50
100
AcDbLine
 10
125.2799999976365
 20
-156.52
 30
0.0
 11
124.3052262805615
 21
-158.0677210208236
 31
0.0
  0
LINE
  5
311
330
1F
100
AcDbEntity
  8
NoLayerName_002
  6
Continuous
 62
     4
370
    50
100
AcDbLine
 10
125.2799999976365
 20
-156.52
 30
0.0
 11
124.4776785195473
 21
-156.52
 31
0.0
  0
LINE
  5
312
330
1F
100
AcDbEntity
  8
NoLayerName_002
  6
Continuous
 62
     4
370
    50
100
AcDbLine
 10
123.6
 20
-156.52
 30
0.0
 11
123.0
 21
-156.52
 31
0.0
  0
SPLINE
  5
313
330
1F
100
AcDbEntity
  8
NoLayerName_002
  6
Continuous
 62
     4
370
    50
100
AcDbSpline
210
0.0
220
0.0
230
1.0
 70
  1064
 71
     3
 72
    15
 73
    11
 74
     9
 42
0.0000000001
 43
0.0000000001
 44
0.0
 12
0.1104315260749625
 22
0.993883734673606
 32
0.0
 13
0.9912279006826353
 23
0.132163720091013
 33
0.0
 40
0.0
 40
0.0
 40
0.0
 40
0.0
 40
0.1181274491012399
 40
0.2639749211687538
 40
0.4991469035179673
 40
0.6222131352683491
 40
0.8066972163527993
 40
0.9879240714474524
 40
1.165355179093659
 40
1.362761766417251
 40
1.362761766417251
 40
1.362761766417251
 40
1.362761766417251
 10
125.7
 20
-158.3670596243393
 30
0.0
 10
125.7043483314918
 20
-158.3279246409126
 30
0.0
 10
125.7123671690982
 20
-158.2402346290401
 30
0.0
 10
125.7418814739434
 20
-158.0764217693883
 30
0.0
 10
125.7945790734237
 20
-157.9148069336858
 30
0.0
 10
125.8903589673473
 20
-157.760245508157
 30
0.0
 10
126.0074867536104
 20
-157.6438579602043
 30
0.0
 10
126.1657295754814
 20
-157.5524757004451
 30
0.0
 10
126.3446450012059
 20
-157.4979823692265
 30
0.0
 10
126.4696546740591
 20
-157.4886966629837
 30
0.0
 10
126.534879646437
 20
-157.48
 30
0.0
 11
125.7
 21
-158.3670596243393
 31
0.0
 11
125.7130449944756
 21
-158.2496546740591
 31
0.0
 11
125.7391349834267
 21
-158.1061597348278
 31
0.0
 11
125.8174049502802
 21
-157.8843948287429
 31
0.0
 11
125.8826299226581
 21
-157.7800348729383
 31
0.0
 11
126.0130798674138
 21
-157.6495849281825
 31
0.0
 11
126.1696198011208
 21
-157.5582699668535
 31
0.0
 11
126.3392047293033
 21
-157.5060899889512
 31
0.0
 11
126.534879646437
 21
-157.48
 31
0.0
  0
SPLINE
  5
314
330
1F
100
AcDbEntity
  8
NoLayerName_002
  6
Continuous
 62
     4
370
    50
100
AcDbSpline
210
0.0
220
0.0
230
1.0
 70
  1064
 71
     3
 72
    19
 73
    15
 74
    13
 42
0.0000000001
 43
0.0000000001
 44
0.0
 12
-0.09053574604261384
 22
0.9958932064676952
 32
0.0
 13
-0.9938837346736199
 23
0.110431526074837
 33
0.0
 40
0.0
 40
0.0
 40
0.0
 40
0.0
 40
0.1440866734499795
 40
0.3564437981950312
 40
0.480199482016461
 40
0.5968774596704717
 40
0.6909462526101562
 40
0.7831882931523714
 40
0.9034571996651163
 40
1.008629307452346
 40
1.12008578910936
 40
1.215054782396613
 40
1.30084483920704
 40
1.41897228830829
 40
1.41897228830829
 40
1.41897228830829
 40
1.41897228830829
 10
127.61761418791
 20
-158.4192396022416
 30
0.0
 10
127.6132658564181
 20
-158.3714079558312
 30
0.0
 10
127.605214080871
 20
-158.2528190317692
 30
0.0
 10
127.5763355040955
 20
-158.0948047189432
 30
0.0
 10
127.5302977274777
 20
-157.9504505352524
 30
0.0
 10
127.4790687554063
 20
-157.8512946220399
 30
0.0
 10
127.4256918646815
 20
-157.7646097646051
 30
0.0
 10
127.3495369875015
 20
-157.6956345209272
 30
0.0
 10
127.2723330692099
 20
-157.6227712245817
 30
0.0
 10
127.1733164467513
 20
-157.5674822463984
 30
0.0
 10
127.0751504667595
 20
-157.533440704542
 30
0.0
 10
126.9819649965064
 20
-157.5041411773887
 30
0.0
 10
126.8828877096508
 20
-157.4913596363778
 30
0.0
 10
126.8153470276619
 20
-157.4843483314918
 30
0.0
 10
126.7762120442351
 20
-157.48
 30
0.0
 11
127.61761418791
 21
-158.4192396022416
 31
0.0
 11
127.6045691934344
 21
-158.2757446630103
 31
0.0
 11
127.5654342100077
 21
-158.067024751401
 31
0.0
 11
127.5262992265809
 21
-157.9496198011208
 31
0.0
 11
127.4741192486786
 21
-157.8452598453162
 31
0.0
 11
127.4219392707763
 21
-157.7669898784627
 31
0.0
 11
127.3567142983984
 21
-157.7017649060848
 31
0.0
 11
127.2653993370693
 21
-157.6234949392313
 31
0.0
 11
127.1740843757403
 21
-157.571314961329
 31
0.0
 11
127.0697244199357
 21
-157.5321799779023
 31
0.0
 11
126.9784094586066
 21
-157.5060899889511
 31
0.0
 11
126.8936169945154
 21
-157.4930449944756
 31
0.0
 11
126.7762120442351
 21
-157.48
 31
0.0
  0
LINE
  5
315
330
1F
100
AcDbEntity
  8
NoLayerName_002
  6
Continuous
 62
     4
370
    50
100
AcDbLine
 10
126.534879646437
 20
-157.48
 30
0.0
 11
126.7762120442352
 21
-157.48
 31
0.0
  0
LINE
  5
316
330
1F
100
AcDbEntity
  8
NoLayerName_002
  6
Continuous
 62
     4
370
    50
100
AcDbLine
 10
125.7
 20
-158.3670596243393
 30
0.0
 11
125.7
 21
-159.0607603977584
 31
0.0
  0
LINE
  5
317
330
1F
100
AcDbEntity
  8
NoLayerName_002
  6
Continuous
 62
     4
370
    50
100
AcDbLine
 10
127.61761418791
 20
-158.4192396022416
 30
0.0
 11
127.61761418791
 21
-159.0216254143316
 31
0.0
  0
SPLINE
  5
318
330
1F
100
AcDbEntity
  8
NoLayerName_002
  6
Continuous
 62
     4
370
    50
100
AcDbSpline
210
0.0
220
0.0
230
1.0
 70
  1064
 71
     3
 72
    13
 73
     9
 74
     7
 42
0.0000000001
 43
0.0000000001
 44
0.0
 12
0.08304547985382747
 22
0.9965457582448722
 32
0.0
 13
0.9685868354653725
 23
0.2486755761291709
 33
0.0
 40
0.0
 40
0.0
 40
0.0
 40
0.0
 40
0.1570825347575031
 40
0.2837265230546071
 40
0.3771144713909819
 40
0.4423394437688823
 40
0.5184041790244895
 40
0.5655650056303231
 40
0.5655650056303231
 40
0.5655650056303231
 40
0.5655650056303231
 10
126.3522497237789
 20
-158.3696198011208
 30
0.0
 10
126.3565980552707
 20
-158.3174398232185
 30
0.0
 10
126.3610194682226
 20
-158.2230997958868
 30
0.0
 10
126.3833780123135
 20
-158.0981458857384
 30
0.0
 10
126.4239077278933
 20
-158.0115554501052
 30
0.0
 10
126.4683929042033
 20
-157.946095035799
 30
0.0
 10
126.5248723692847
 20
-157.9126888388906
 30
0.0
 10
126.5653325503037
 20
-157.9052264973243
 30
0.0
 10
126.580559002237
 20
-157.9013172487487
 30
0.0
 11
126.3522497237789
 21
-158.3696198011208
 31
0.0
 11
126.3652947182545
 21
-158.2130798674139
 31
0.0
 11
126.3913847072056
 21
-158.0891524198959
 31
0.0
 11
126.4305196906323
 21
-158.0043599558047
 31
0.0
 11
126.4696546740591
 21
-157.9521799779023
 31
0.0
 11
126.534879646437
 21
-157.9130449944756
 31
0.0
 11
126.580559002237
 21
-157.9013172487487
 31
0.0
  0
SPLINE
  5
319
330
1F
100
AcDbEntity
  8
NoLayerName_002
  6
Continuous
 62
     4
370
    50
100
AcDbSpline
210
0.0
220
0.0
230
1.0
 70
  1064
 71
     3
 72
    13
 73
     9
 74
     7
 42
0.0000000001
 43
0.0000000001
 44
0.0
 12
-0.06651901052384428
 22
0.9977851578566044
 32
0.0
 13
-0.9696635091633656
 23
0.2444436110782761
 33
0.0
 40
0.0
 40
0.0
 40
0.0
 40
0.0
 40
0.1961092682056101
 40
0.3419567402731239
 40
0.4413044583663722
 40
0.5519949070170422
 40
0.5829437916029502
 40
0.6290398000413892
 40
0.6290398000413892
 40
0.6290398000413892
 40
0.6290398000413892
 10
126.9653644641311
 20
-158.4348447734988
 30
0.0
 10
126.9610161326392
 20
-158.3696198011208
 30
0.0
 10
126.9574770795217
 20
-158.2556365445447
 30
0.0
 10
126.9347132219035
 20
-158.1096638209646
 30
0.0
 10
126.891392628605
 20
-157.9976562375088
 30
0.0
 10
126.8329352307443
 20
-157.9378819111515
 30
0.0
 10
126.7770489069407
 20
-157.9086502045506
 30
0.0
 10
126.7513066466271
 20
-157.9048134687615
 30
0.0
 10
126.7364074408602
 20
-157.9010575105085
 30
0.0
 11
126.9653644641311
 21
-158.4348447734988
 31
0.0
 11
126.9523194696555
 21
-158.2391698563651
 31
0.0
 11
126.9262294807043
 21
-158.0956749171337
 31
0.0
 11
126.8870944972776
 21
-158.0043599558047
 31
0.0
 11
126.8088245304241
 21
-157.9260899889512
 31
0.0
 11
126.781105058161
 21
-157.9123253852675
 31
0.0
 11
126.7364074408602
 21
-157.9010575105085
 31
0.0
  0
LINE
  5
31A
330
1F
100
AcDbEntity
  8
NoLayerName_002
  6
Continuous
 62
     4
370
    50
100
AcDbLine
 10
126.7247098402964
 20
-157.9
 30
0.0
 11
126.5936012367934
 21
-157.9
 31
0.0
  0
LINE
  5
31B
330
1F
100
AcDbEntity
  8
NoLayerName_002
  6
Continuous
 62
     4
370
    50
100
AcDbLine
 10
126.9653644641311
 20
-158.4348447734988
 30
0.0
 11
126.9653644641311
 21
-158.917265458527
 31
0.0
  0
LINE
  5
31C
330
1F
100
AcDbEntity
  8
NoLayerName_002
  6
Continuous
 62
     4
370
    50
100
AcDbLine
 10
126.3522497237789
 20
-158.3696198011208
 30
0.0
 11
126.3522497237789
 21
-158.9929752485988
 31
0.0
  0
ARC
  5
31D
330
1F
100
AcDbEntity
  8
NoLayerName_002
  6
Continuous
 62
     4
370
    50
100
AcDbCircle
 10
126.5936012367934
 20
-157.9652249723779
 30
0.0
 40
0.0652249723778926
100
AcDbArc
 50
90.0
 51
101.5344846461929
  0
ARC
  5
31E
330
1F
100
AcDbEntity
  8
NoLayerName_002
  6
Continuous
 62
     4
370
    50
100
AcDbCircle
 10
126.7247098402964
 20
-157.9652249723779
 30
0.0
 40
0.0652249723778926
100
AcDbArc
 50
79.66854343491953
 51
90.0
  0
LINE
  5
31F
330
1F
100
AcDbEntity
  8
NoLayerName_002
  6
Continuous
 62
     4
370
    50
100
AcDbLine
 10
128.7
 20
-157.6
 30
0.0
 11
128.1
 21
-157.6
 31
0.0
  0
LINE
  5
320
330
1F
100
AcDbEntity
  8
NoLayerName_002
  6
Continuous
 62
     4
370
    50
100
AcDbLine
 10
128.1
 20
-159.9999999999999
 30
0.0
 11
128.1
 21
-157.6
 31
0.0
  0
SPLINE
  5
321
330
1F
100
AcDbEntity
  8
NoLayerName_002
  6
Continuous
 62
     4
370
    50
100
AcDbSpline
210
0.0
220
0.0
230
1.0
 70
  1064
 71
     3
 72
    12
 73
     8
 74
     6
 42
0.0000000001
 43
0.0000000001
 44
0.0
 12
-0.9899494936611689
 22
-0.1414213562372927
 32
0.0
 13
-0.5580355634588267
 23
-0.8298170339991763
 33
0.0
 40
0.0
 40
0.0
 40
0.0
 40
0.0
 40
0.0922420405422378
 40
0.228435781274319
 40
0.3336078890615491
 40
0.4996435620375644
 40
0.5369600389276636
 40
0.5369600389276636
 40
0.5369600389276636
 40
0.5369600389276636
 10
129.1826647955964
 20
-157.6
 30
0.0
 10
129.1522264751534
 20
-157.6043483314919
 30
0.0
 10
129.0765051794296
 20
-157.61242880366
 30
0.0
 10
128.9683906827868
 20
-157.6436733655902
 30
0.0
 10
128.8499465181168
 20
-157.7115231249273
 30
0.0
 10
128.7749509491633
 20
-157.7853970009678
 30
0.0
 10
128.7382973637639
 20
-157.8424088048664
 30
0.0
 10
128.7313560566947
 20
-157.8527307542571
 30
0.0
 11
129.1826647955964
 21
-157.6
 31
0.0
 11
129.0913498342674
 21
-157.6130449944756
 31
0.0
 11
128.9608998895116
 21
-157.6521799779023
 31
0.0
 11
128.8695849281825
 21
-157.7043599558046
 31
0.0
 11
128.7521799779023
 21
-157.8217649060849
 31
0.0
 11
128.7313560566947
 21
-157.8527307542571
 31
0.0
  0
ARC
  5
322
330
1F
100
AcDbEntity
  8
NoLayerName_002
  6
Continuous
 62
     4
370
    50
100
AcDbCircle
 10
128.8956749171337
 20
-157.9589756849564
 30
0.0
 40
0.1956749171336779
100
AcDbArc
 50
147.1141873735625
 51
180.0
  0
LINE
  5
323
330
1F
100
AcDbEntity
  8
NoLayerName_002
  6
Continuous
 62
     4
370
    50
100
AcDbLine
 10
128.7
 20
-157.6
 30
0.0
 11
128.7
 21
-157.9589756849564
 31
0.0
  0
SPLINE
  5
324
330
1F
100
AcDbEntity
  8
NoLayerName_002
  6
Continuous
 62
     4
370
    50
100
AcDbSpline
210
0.0
220
0.0
230
1.0
 70
  1064
 71
     3
 72
    13
 73
     9
 74
     7
 42
0.0000000001
 43
0.0000000001
 44
0.0
 12
0.9899494936611689
 22
-0.1414213562372927
 32
0.0
 13
0.3270086043994828
 23
-0.9450213609483664
 33
0.0
 40
0.0
 40
0.0
 40
0.0
 40
0.0
 40
0.0922420405422378
 40
0.1872110338294906
 40
0.3038890114834994
 40
0.4978167961658474
 40
0.6321232344776146
 40
0.6337824834794912
 40
0.6337824834794912
 40
0.6337824834794912
 40
0.6337824834794912
 10
129.3782002209769
 20
-157.6
 30
0.0
 10
129.4086385414199
 20
-157.6043483314919
 30
0.0
 10
129.4709028447509
 20
-157.6103280803169
 30
0.0
 10
129.5687587622229
 20
-157.638783280507
 30
0.0
 10
129.6904307576818
 20
-157.699453951102
 30
0.0
 10
129.8029341612979
 20
-157.8006944224451
 30
0.0
 10
129.8595032350549
 20
-157.8973667116728
 30
0.0
 10
129.8742717368491
 20
-157.940215206865
 30
0.0
 10
129.8744525997493
 20
-157.940737882115
 30
0.0
 11
129.3782002209769
 21
-157.6
 31
0.0
 11
129.4695151823059
 21
-157.6130449944756
 31
0.0
 11
129.5608301436349
 21
-157.6391349834268
 31
0.0
 11
129.6651900994396
 21
-157.6913149613291
 31
0.0
 11
129.8086850386709
 21
-157.8217649060849
 31
0.0
 11
129.8739100110488
 21
-157.9391698563651
 31
0.0
 11
129.8744525997493
 21
-157.940737882115
 31
0.0
  0
SPLINE
  5
325
330
1F
100
AcDbEntity
  8
NoLayerName_002
  6
Continuous
 62
     4
370
    50
100
AcDbSpline
210
0.0
220
0.0
230
1.0
 70
  1064
 71
     3
 72
    14
 73
    10
 74
     8
 42
0.0000000001
 43
0.0000000001
 44
0.0
 12
-0.9899494936611689
 22
-0.1414213562372927
 32
0.0
 13
-0.5429665296680185
 23
-0.8397543376846999
 33
0.0
 40
0.0
 40
0.0
 40
0.0
 40
0.0
 40
0.0922420405422378
 40
0.228435781274319
 40
0.3336078890615491
 40
0.4996435620375644
 40
0.5369600389276636
 40
0.594709559351698
 40
0.6417610788373468
 40
0.6417610788373468
 40
0.6417610788373468
 40
0.6417610788373468
 10
130.3826647955964
 20
-157.6
 30
0.0
 10
130.3522264751534
 20
-157.6043483314919
 30
0.0
 10
130.2765000800531
 20
-157.6124254618523
 30
0.0
 10
130.1684150216735
 20
-157.6436893157517
 30
0.0
 10
130.0498632667868
 20
-157.7114685672896
 30
0.0
 10
129.9752943993115
 20
-157.7856220763964
 30
0.0
 10
129.927588401306
 20
-157.8584029937052
 30
0.0
 10
129.9019550804352
 20
-157.89824444733
 30
0.0
 10
129.8829683998329
 20
-157.9275673095875
 30
0.0
 10
129.8744525997493
 20
-157.9407378821151
 30
0.0
 11
130.3826647955964
 21
-157.6
 31
0.0
 11
130.2913498342674
 21
-157.6130449944756
 31
0.0
 11
130.1608998895116
 21
-157.6521799779023
 31
0.0
 11
130.0695849281826
 21
-157.7043599558046
 31
0.0
 11
129.9521799779023
 21
-157.8217649060849
 31
0.0
 11
129.9313560566947
 21
-157.8527307542571
 31
0.0
 11
129.9
 21
-157.9012261645324
 31
0.0
 11
129.8744525997493
 21
-157.9407378821151
 31
0.0
  0
LINE
  5
326
330
1F
100
AcDbEntity
  8
NoLayerName_002
  6
Continuous
 62
     4
370
    50
100
AcDbLine
 10
130.3826647955964
 20
-157.6
 30
0.0
 11
130.604290209928
 21
-157.6
 31
0.0
  0
SPLINE
  5
327
330
1F
100
AcDbEntity
  8
NoLayerName_002
  6
Continuous
 62
     4
370
    50
100
AcDbSpline
210
0.0
220
0.0
230
1.0
 70
  1064
 71
     3
 72
    13
 73
     9
 74
     7
 42
0.0000000001
 43
0.0000000001
 44
0.0
 12
0.9899494936611689
 22
-0.1414213562372927
 32
0.0
 13
0.2169304578188759
 23
-0.9761870601839039
 33
0.0
 40
0.0
 40
0.0
 40
0.0
 40
0.0
 40
0.0922420405422378
 40
0.1872110338294906
 40
0.3038890114834994
 40
0.4978167961658474
 40
0.6321232344776146
 40
0.7523921409903569
 40
0.7523921409903569
 40
0.7523921409903569
 40
0.7523921409903569
 10
130.5782002209769
 20
-157.6
 30
0.0
 10
130.6086385414199
 20
-157.6043483314919
 30
0.0
 10
130.6709065122812
 20
-157.6103277843152
 30
0.0
 10
130.7687442178794
 20
-157.6387844543624
 30
0.0
 10
130.8905179499325
 20
-157.6994469139265
 30
0.0
 10
131.0024445773402
 20
-157.8007339361428
 30
0.0
 10
131.0809900232402
 20
-157.9320315434072
 30
0.0
 10
131.0913033370163
 20
-158.0174398232186
 30
0.0
 10
131.1
 20
-158.0565748066453
 30
0.0
 11
130.5782002209769
 21
-157.6
 31
0.0
 11
130.6695151823059
 21
-157.6130449944756
 31
0.0
 11
130.760830143635
 21
-157.6391349834268
 31
0.0
 11
130.8651900994396
 21
-157.6913149613291
 31
0.0
 11
131.008685038671
 21
-157.8217649060849
 31
0.0
 11
131.0739100110488
 21
-157.9391698563651
 31
0.0
 11
131.1
 21
-158.0565748066453
 31
0.0
  0
LINE
  5
328
330
1F
100
AcDbEntity
  8
NoLayerName_002
  6
Continuous
 62
     4
370
    50
100
AcDbLine
 10
131.1
 20
-159.9999999999999
 30
0.0
 11
131.1
 21
-158.0565748066453
 31
0.0
  0
ARC
  5
329
330
1F
100
AcDbEntity
  8
NoLayerName_002
  6
Continuous
 62
     4
370
    50
100
AcDbCircle
 10
128.9121996571716
 20
-158.1556749171337
 30
0.0
 40
0.1956749171336779
100
AcDbArc
 50
90.0
 51
153.4622443415713
  0
SPLINE
  5
32A
330
1F
100
AcDbEntity
  8
NoLayerName_002
  6
Continuous
 62
     4
370
    50
100
AcDbSpline
210
0.0
220
0.0
230
1.0
 70
  1064
 71
     3
 72
     9
 73
     5
 74
     3
 42
0.0000000001
 43
0.0000000001
 44
0.0
 12
0.1240347345893384
 22
0.9922778767136514
 32
0.0
 13
0.308189337584466
 23
0.9513250402461023
 33
0.0
 40
0.0
 40
0.0
 40
0.0
 40
0.0
 40
0.1051721077872462
 40
0.1833578993477664
 40
0.1833578993477664
 40
0.1833578993477664
 40
0.1833578993477664
 10
128.7
 20
-158.2469898784628
 30
0.0
 10
128.7043483314918
 20
-158.2122032265279
 30
0.0
 10
128.7054732717001
 20
-158.150120198803
 30
0.0
 10
128.729109012682
 20
-158.0930431884561
 30
0.0
 10
128.7371410217851
 20
-158.0682498213552
 30
0.0
 11
128.7
 21
-158.2469898784628
 31
0.0
 11
128.7130449944756
 21
-158.1426299226581
 31
0.0
 11
128.7371410217851
 21
-158.0682498213552
 31
0.0
  0
ARC
  5
32B
330
1F
100
AcDbEntity
  8
NoLayerName_002
  6
Continuous
 62
     4
370
    50
100
AcDbCircle
 10
129.09451852558
 20
-158.1556749171336
 30
0.0
 40
0.1956749171336779
100
AcDbArc
 50
19.74231038521561
 51
90.0
  0
SPLINE
  5
32C
330
1F
100
AcDbEntity
  8
NoLayerName_002
  6
Continuous
 62
     4
370
    50
100
AcDbSpline
210
0.0
220
0.0
230
1.0
 70
  1064
 71
     3
 72
     9
 73
     5
 74
     3
 42
0.0000000001
 43
0.0000000001
 44
0.0
 12
-0.2055885523632699
 22
0.9786385170925858
 32
0.0
 13
-0.2930176324353867
 23
0.9561070374607441
 33
0.0
 40
0.0
 40
0.0
 40
0.0
 40
0.0
 40
0.0490251126872634
 40
0.0772250151647535
 40
0.0772250151647535
 40
0.0772250151647535
 40
0.0772250151647535
 10
129.2970340074712
 20
-158.1645177972874
 30
0.0
 10
129.2936743401556
 20
-158.1485251760939
 30
0.0
 10
129.2898108872985
 20
-158.1229651818768
 30
0.0
 10
129.2814462930851
 20
-158.0985651835639
 30
0.0
 10
129.2786919368655
 20
-158.0895778084924
 30
0.0
 11
129.2970340074712
 21
-158.1645177972874
 31
0.0
 11
129.2869550055244
 21
-158.1165399337068
 31
0.0
 11
129.2786919368655
 21
-158.0895778084924
 31
0.0
  0
LINE
  5
32D
330
1F
100
AcDbEntity
  8
NoLayerName_002
  6
Continuous
 62
     4
370
    50
100
AcDbLine
 10
129.3
 20
-159.9999999999997
 30
0.0
 11
129.3
 21
-158.1984580915781
 31
0.0
  0
LINE
  5
32E
330
1F
100
AcDbEntity
  8
NoLayerName_002
  6
Continuous
 62
     4
370
    50
100
AcDbLine
 10
128.7
 20
-159.9999999999999
 30
0.0
 11
128.7
 21
-158.2469898784628
 31
0.0
  0
ARC
  5
32F
330
1F
100
AcDbEntity
  8
NoLayerName_002
  6
Continuous
 62
     4
370
    50
100
AcDbCircle
 10
129.1043250828663
 20
-158.1984580915781
 30
0.0
 40
0.1956749171336779
100
AcDbArc
 50
0.0
 51
9.988612981719749
  0
LINE
  5
330
330
1F
100
AcDbEntity
  8
NoLayerName_002
  6
Continuous
 62
     4
370
    50
100
AcDbLine
 10
129.09451852558
 20
-157.9599999999999
 30
0.0
 11
128.9121996571716
 21
-157.96
 31
0.0
  0
SPLINE
  5
331
330
1F
100
AcDbEntity
  8
NoLayerName_002
  6
Continuous
 62
     4
370
    50
100
AcDbSpline
210
0.0
220
0.0
230
1.0
 70
  1064
 71
     3
 72
     9
 73
     5
 74
     3
 42
0.0000000001
 43
0.0000000001
 44
0.0
 12
0.1240347345893384
 22
0.9922778767136514
 32
0.0
 13
0.308189337584466
 23
0.9513250402461023
 33
0.0
 40
0.0
 40
0.0
 40
0.0
 40
0.0
 40
0.1051721077872462
 40
0.1833578993477664
 40
0.1833578993477664
 40
0.1833578993477664
 40
0.1833578993477664
 10
129.9
 20
-158.2469898784628
 30
0.0
 10
129.9043483314919
 20
-158.2122032265279
 30
0.0
 10
129.9054732717001
 20
-158.1501201988031
 30
0.0
 10
129.929109012682
 20
-158.0930431884562
 30
0.0
 10
129.9371410217852
 20
-158.0682498213552
 30
0.0
 11
129.9
 21
-158.2469898784628
 31
0.0
 11
129.9130449944756
 21
-158.1426299226582
 31
0.0
 11
129.9371410217852
 21
-158.0682498213552
 31
0.0
  0
ARC
  5
332
330
1F
100
AcDbEntity
  8
NoLayerName_002
  6
Continuous
 62
     4
370
    50
100
AcDbCircle
 10
130.1121996571716
 20
-158.1556749171338
 30
0.0
 40
0.1956749171336779
100
AcDbArc
 50
90.0
 51
153.4622443415713
  0
ARC
  5
333
330
1F
100
AcDbEntity
  8
NoLayerName_002
  6
Continuous
 62
     4
370
    50
100
AcDbCircle
 10
130.29451852558
 20
-158.1556749171336
 30
0.0
 40
0.1956749171336779
100
AcDbArc
 50
19.74231038522344
 51
90.0
  0
SPLINE
  5
334
330
1F
100
AcDbEntity
  8
NoLayerName_002
  6
Continuous
 62
     4
370
    50
100
AcDbSpline
210
0.0
220
0.0
230
1.0
 70
  1064
 71
     3
 72
     9
 73
     5
 74
     3
 42
0.0000000001
 43
0.0000000001
 44
0.0
 12
-0.2055885523632699
 22
0.9786385170925858
 32
0.0
 13
-0.2930176324353867
 23
0.9561070374607441
 33
0.0
 40
0.0
 40
0.0
 40
0.0
 40
0.0
 40
0.0490251126872634
 40
0.0772250151647535
 40
0.0772250151647535
 40
0.0772250151647535
 40
0.0772250151647535
 10
130.4970340074712
 20
-158.1645177972874
 30
0.0
 10
130.4936743401556
 20
-158.1485251760939
 30
0.0
 10
130.4898108872985
 20
-158.1229651818768
 30
0.0
 10
130.4814462930851
 20
-158.0985651835639
 30
0.0
 10
130.4786919368655
 20
-158.0895778084924
 30
0.0
 11
130.4970340074712
 21
-158.1645177972874
 31
0.0
 11
130.4869550055244
 21
-158.1165399337069
 31
0.0
 11
130.4786919368655
 21
-158.0895778084924
 31
0.0
  0
LINE
  5
335
330
1F
100
AcDbEntity
  8
NoLayerName_002
  6
Continuous
 62
     4
370
    50
100
AcDbLine
 10
130.5
 20
-159.9999999999999
 30
0.0
 11
130.5
 21
-158.1645177972874
 31
0.0
  0
LINE
  5
336
330
1F
100
AcDbEntity
  8
NoLayerName_002
  6
Continuous
 62
     4
370
    50
100
AcDbLine
 10
129.9
 20
-159.9999999999999
 30
0.0
 11
129.9
 21
-158.2469898784628
 31
0.0
  0
SPLINE
  5
337
330
1F
100
AcDbEntity
  8
NoLayerName_002
  6
Continuous
 62
     4
370
    50
100
AcDbSpline
210
0.0
220
0.0
230
1.0
 70
  1064
 71
     3
 72
    12
 73
     8
 74
     6
 42
0.0000000001
 43
0.0000000001
 44
0.0
 12
0.9701425001453431
 22
-0.2425356250362882
 32
0.0
 13
0.09950371902091455
 23
-0.9950371902099975
 33
0.0
 40
0.0
 40
0.0
 40
0.0
 40
0.0
 40
0.0560269688629362
 40
0.116796748891051
 40
0.1744480242299377
 40
0.277935230577086
 40
0.4144983263664321
 40
0.4144983263664321
 40
0.4144983263664321
 40
0.4144983263664321
 10
132.6884338702888
 20
-157.96
 30
0.0
 10
132.7065519181716
 20
-157.9645295119707
 30
0.0
 10
132.7449753747596
 20
-157.9714682126275
 30
0.0
 10
132.7982944603463
 20
-157.9974234936283
 30
0.0
 10
132.8511373844635
 20
-158.050920486884
 30
0.0
 10
132.8886200196009
 20
-158.1466590177595
 30
0.0
 10
132.887732396999
 20
-158.2272412062705
 30
0.0
 10
132.8922619089697
 20
-158.2725363259774
 30
0.0
 11
132.6884338702888
 21
-157.96
 31
0.0
 11
132.7427880139371
 21
-157.9735885359121
 31
0.0
 11
132.7971421575853
 21
-158.0007656077362
 31
0.0
 11
132.8379077653215
 21
-158.0415312154724
 31
0.0
 11
132.8786733730577
 21
-158.1366509668568
 31
0.0
 11
132.8922619089697
 21
-158.2725363259774
 31
0.0
  0
LINE
  5
338
330
1F
100
AcDbEntity
  8
NoLayerName_002
  6
Continuous
 62
     4
370
    50
100
AcDbLine
 10
132.4970337707249
 20
-157.96
 30
0.0
 11
132.6884338702888
 21
-157.96
 31
0.0
  0
LINE
  5
339
330
1F
100
AcDbEntity
  8
NoLayerName_002
  6
Continuous
 62
     4
370
    50
100
AcDbLine
 10
132.8922619089697
 20
-158.377318370113
 30
0.0
 11
132.8922619089697
 21
-158.2725363259774
 31
0.0
  0
SPLINE
  5
33A
330
1F
100
AcDbEntity
  8
NoLayerName_002
  6
Continuous
 62
     4
370
    50
100
AcDbSpline
210
0.0
220
0.0
230
1.0
 70
  1064
 71
     3
 72
    14
 73
    10
 74
     8
 42
0.0000000001
 43
0.0000000001
 44
0.0
 12
0.9958932064677031
 22
-0.09053574604252652
 32
0.0
 13
0.1520571842538145
 23
-0.9883716976506366
 33
0.0
 40
0.0
 40
0.0
 40
0.0
 40
0.0
 40
0.1500902848437132
 40
0.3154019590187082
 40
0.5955368033333448
 40
0.778351856844371
 40
0.876340182823216
 40
1.03538991789993
 40
1.21411920292164
 40
1.21411920292164
 40
1.21411920292164
 40
1.21411920292164
 10
132.6575107734523
 20
-157.6
 30
0.0
 10
132.7073354051298
 20
-157.6045295119707
 30
0.0
 10
132.8122444466734
 20
-157.6120865574497
 30
0.0
 10
133.0086907226536
 20
-157.6419202677996
 30
0.0
 10
133.2080712945485
 20
-157.7204745167741
 30
0.0
 10
133.3505904212
 20
-157.8463073426651
 30
0.0
 10
133.4326769801762
 20
-157.9687573169888
 30
0.0
 10
133.4811888660675
 20
-158.1080744028232
 30
0.0
 10
133.4909409760587
 20
-158.2205431399842
 30
0.0
 10
133.5000000000001
 20
-158.2794267956031
 30
0.0
 11
132.6575107734523
 21
-157.6
 31
0.0
 11
132.8069846684849
 21
-157.6135885359121
 31
0.0
 11
132.9700470994297
 21
-157.6407656077362
 31
0.0
 11
133.2282292817588
 21
-157.7494738950327
 31
0.0
 11
133.3641146408794
 21
-157.8717707182413
 31
0.0
 11
133.4184687845277
 21
-157.9533019337136
 31
0.0
 11
133.472822928176
 21
-158.1027758287463
 31
0.0
 11
133.5000000000001
 21
-158.2794267956031
 31
0.0
  0
SPLINE
  5
33B
330
1F
100
AcDbEntity
  8
NoLayerName_002
  6
Continuous
 62
     4
370
    50
100
AcDbSpline
210
0.0
220
0.0
230
1.0
 70
  1064
 71
     3
 72
     9
 73
     5
 74
     3
 42
0.0000000001
 43
0.0000000001
 44
0.0
 12
-0.1104315260747531
 22
0.9938837346736292
 32
0.0
 13
-0.06931820152361612
 23
0.9975946004953773
 33
0.0
 40
0.0
 40
0.0
 40
0.0
 40
0.0
 40
0.1230494261471223
 40
0.3190807081683135
 40
0.3190807081683135
 40
0.3190807081683135
 40
0.3190807081683135
 10
133.5271770718242
 20
-160.0
 30
0.0
 10
133.5226475598535
 20
-159.9592343922638
 30
0.0
 10
133.5092157130078
 20
-159.8536768902682
 30
0.0
 10
133.5045295119707
 20
-159.7473300111431
 30
0.0
 10
133.5
 20
-159.6821434283189
 30
0.0
 11
133.5271770718242
 21
-160.0
 31
0.0
 11
133.5135885359121
 21
-159.8777031767914
 31
0.0
 11
133.5
 21
-159.6821434283189
 31
0.0
  0
LINE
  5
33C
330
1F
100
AcDbEntity
  8
NoLayerName_002
  6
Continuous
 62
     4
370
    50
100
AcDbLine
 10
134.0997241022382
 20
-157.1584225849579
 30
0.0
 11
134.0997241022382
 21
-157.6000000000001
 31
0.0
  0
LINE
  5
33D
330
1F
100
AcDbEntity
  8
NoLayerName_002
  6
Continuous
 62
     4
370
    50
100
AcDbLine
 10
134.7
 20
-157.6
 30
0.0
 11
134.7
 21
-156.8580444226913
 31
0.0
  0
LINE
  5
33E
330
1F
100
AcDbEntity
  8
NoLayerName_002
  6
Continuous
 62
     4
370
    50
100
AcDbLine
 10
135.06
 20
-157.6
 30
0.0
 11
134.7
 21
-157.6
 31
0.0
  0
LINE
  5
33F
330
1F
100
AcDbEntity
  8
NoLayerName_002
  6
Continuous
 62
     4
370
    50
100
AcDbLine
 10
133.8
 20
-157.6
 30
0.0
 11
134.0997241022382
 21
-157.6
 31
0.0
  0
LINE
  5
340
330
1F
100
AcDbEntity
  8
NoLayerName_002
  6
Continuous
 62
     4
370
    50
100
AcDbLine
 10
133.8
 20
-157.6
 30
0.0
 11
133.8
 21
-157.96
 31
0.0
  0
LINE
  5
341
330
1F
100
AcDbEntity
  8
NoLayerName_002
  6
Continuous
 62
     4
370
    50
100
AcDbLine
 10
134.7
 20
-159.4011121051771
 30
0.0
 11
134.7
 21
-157.96
 31
0.0
  0
LINE
  5
342
330
1F
100
AcDbEntity
  8
NoLayerName_002
  6
Continuous
 62
     4
370
    50
100
AcDbLine
 10
135.06
 20
-157.96
 30
0.0
 11
135.06
 21
-157.6
 31
0.0
  0
LINE
  5
343
330
1F
100
AcDbEntity
  8
NoLayerName_002
  6
Continuous
 62
     4
370
    50
100
AcDbLine
 10
134.0997241022382
 20
-157.96
 30
0.0
 11
133.8
 21
-157.96
 31
0.0
  0
LINE
  5
344
330
1F
100
AcDbEntity
  8
NoLayerName_002
  6
Continuous
 62
     4
370
    50
100
AcDbLine
 10
135.06
 20
-157.96
 30
0.0
 11
134.7
 21
-157.96
 31
0.0
  0
SPLINE
  5
345
330
1F
100
AcDbEntity
  8
NoLayerName_002
  6
Continuous
 62
     4
370
    50
100
AcDbSpline
210
0.0
220
0.0
230
1.0
 70
  1064
 71
     3
 72
    17
 73
    13
 74
    11
 42
0.0000000001
 43
0.0000000001
 44
0.0
 12
0.1520571842538141
 22
0.9883716976506366
 32
0.0
 13
0.9950371902099894
 23
0.09950371902099699
 33
0.0
 40
0.0
 40
0.0
 40
0.0
 40
0.0
 40
0.0893646425108552
 40
0.1753060896090691
 40
0.3152086295171678
 40
0.5073795473134707
 40
0.6355735387201449
 40
0.739060745067262
 40
0.825002192165489
 40
0.9370561298913339
 40
1.019711966978845
 40
1.15627506276819
 40
1.15627506276819
 40
1.15627506276819
 40
1.15627506276819
 10
135.3
 20
-158.2182783839988
 30
0.0
 10
135.3045295119707
 20
-158.1888365561893
 30
0.0
 10
135.309662337703
 20
-158.1302602575549
 30
0.0
 10
135.3453645242302
 20
-158.0307250447723
 30
0.0
 10
135.4120500923286
 20
-157.9071243322711
 30
0.0
 10
135.5244938444687
 20
-157.7987172963628
 30
0.0
 10
135.644477788539
 20
-157.723120742581
 30
0.0
 10
135.7425854323462
 20
-157.6825134692387
 30
0.0
 10
135.8379297827543
 20
-157.6506936201504
 30
0.0
 10
135.9288020323609
 20
-157.6278773037509
 30
0.0
 10
136.0378133866685
 20
-157.6096260943278
 30
0.0
 10
136.110782642753
 20
-157.6045295119707
 30
0.0
 10
136.1560777624599
 20
-157.6
 30
0.0
 11
135.3
 21
-158.2182783839988
 31
0.0
 11
135.3135885359121
 21
-158.1299529005704
 31
0.0
 11
135.3407656077362
 21
-158.048421685098
 31
0.0
 11
135.4087082872965
 21
-157.9261248618895
 31
0.0
 11
135.5445936464171
 21
-157.7902395027689
 31
0.0
 11
135.6533019337136
 21
-157.7222968232086
 31
0.0
 11
135.748421685098
 21
-157.6815312154723
 31
0.0
 11
135.8299529005704
 21
-157.6543541436482
 31
0.0
 11
135.9386611878669
 21
-157.6271770718241
 31
0.0
 11
136.0201924033393
 21
-157.613588535912
 31
0.0
 11
136.1560777624599
 21
-157.6
 31
0.0
  0
LINE
  5
346
330
1F
100
AcDbEntity
  8
NoLayerName_002
  6
Continuous
 62
     4
370
    50
100
AcDbLine
 10
136.1560777624599
 20
-157.6
 30
0.0
 11
136.3734943370529
 21
-157.6
 31
0.0
  0
LINE
  5
347
330
1F
100
AcDbEntity
  8
NoLayerName_002
  6
Continuous
 62
     4
370
    50
100
AcDbLine
 10
135.3
 20
-158.2182783839988
 30
0.0
 11
135.3
 21
-158.2199017955199
 31
0.0
  0
SPLINE
  5
348
330
1F
100
AcDbEntity
  8
NoLayerName_002
  6
Continuous
 62
     4
370
    50
100
AcDbSpline
210
0.0
220
0.0
230
1.0
 70
  1064
 71
     3
 72
    12
 73
     8
 74
     6
 42
0.0000000001
 43
0.0000000001
 44
0.0
 12
0.9701425001453431
 22
-0.2425356250362882
 32
0.0
 13
0.2425356250366165
 23
-0.970142500145261
 33
0.0
 40
0.0
 40
0.0
 40
0.0
 40
0.0
 40
0.0560269688629362
 40
0.1050211318523506
 40
0.1434553154116151
 40
0.2042250954397356
 40
0.2602520643026656
 40
0.2602520643026656
 40
0.2602520643026656
 40
0.2602520643026656
 10
136.3369375690552
 20
-157.96
 30
0.0
 10
136.355055616938
 20
-157.9645295119707
 30
0.0
 10
136.3910155857899
 20
-157.9681462287726
 30
0.0
 10
136.4299032970246
 20
-157.9980446539811
 30
0.0
 10
136.4662520881452
 20
-158.0317387889655
 30
0.0
 10
136.4882776446972
 20
-158.0803974830418
 30
0.0
 10
136.4954704880293
 20
-158.1185329189741
 30
0.0
 10
136.5
 20
-158.1366509668568
 30
0.0
 11
136.3369375690552
 21
-157.96
 31
0.0
 11
136.3912917127035
 21
-157.9735885359121
 31
0.0
 11
136.4320573204397
 21
-158.0007656077362
 31
0.0
 11
136.4592343922638
 21
-158.0279426795603
 31
0.0
 11
136.4864114640879
 21
-158.0822968232086
 31
0.0
 11
136.5
 21
-158.1366509668568
 31
0.0
  0
LINE
  5
349
330
1F
100
AcDbEntity
  8
NoLayerName_002
  6
Continuous
 62
     4
370
    50
100
AcDbLine
 10
136.5
 20
-158.32
 30
0.0
 11
136.5
 21
-158.1366509668568
 31
0.0
  0
SPLINE
  5
34A
330
1F
100
AcDbEntity
  8
NoLayerName_002
  6
Continuous
 62
     4
370
    50
100
AcDbSpline
210
0.0
220
0.0
230
1.0
 70
  1064
 71
     3
 72
    17
 73
    13
 74
    11
 42
0.0000000001
 43
0.0000000001
 44
0.0
 12
0.9922778767136666
 22
-0.1240347345892164
 32
0.0
 13
0.1961161351382198
 23
-0.980580675690913
 33
0.0
 40
0.0
 40
0.0
 40
0.0
 40
0.0
 40
0.1095542789450389
 40
0.2348343898958148
 40
0.3637465605431418
 40
0.503649100451224
 40
0.6097789586544561
 40
0.7542270767812385
 40
0.8453817468234381
 40
0.9185582521975488
 40
0.961528975746656
 40
1.030817185523412
 40
1.030817185523412
 40
1.030817185523412
 40
1.030817185523412
 10
136.3526305248366
 20
-157.6
 30
0.0
 10
136.3888666206021
 20
-157.6045295119707
 30
0.0
 10
136.4669445126359
 20
-157.6116959611002
 30
0.0
 10
136.5851988899497
 20
-157.639681563491
 30
0.0
 10
136.7108783688817
 20
-157.6787046721149
 30
0.0
 10
136.8217109615532
 20
-157.7395749036251
 30
0.0
 10
136.9201293301502
 20
-157.8246437087603
 30
0.0
 10
137.0008562163451
 20
-157.9076129689531
 30
0.0
 10
137.0439343427547
 20
-158.0020116540132
 30
0.0
 10
137.0695891684279
 20
-158.0659947626707
 30
0.0
 10
137.0905091878022
 20
-158.1243593612772
 30
0.0
 10
137.0954704880292
 20
-158.1616594843652
 30
0.0
 10
137.0999999999999
 20
-158.1843070442187
 30
0.0
 11
136.3526305248366
 21
-157.6
 31
0.0
 11
136.4613388121331
 21
-157.6135885359121
 31
0.0
 11
136.5836356353416
 21
-157.6407656077362
 31
0.0
 11
136.7059324585502
 21
-157.6815312154724
 31
0.0
 11
136.8282292817587
 21
-157.7494738950327
 31
0.0
 11
136.9097604972311
 21
-157.817416574593
 31
0.0
 11
137.0048802486155
 21
-157.9261248618895
 31
0.0
 11
137.0456458563517
 21
-158.0076560773619
 31
0.0
 11
137.0728229281758
 21
-158.0755987569222
 31
0.0
 11
137.0864114640879
 21
-158.1163643646584
 31
0.0
 11
137.0999999999999
 21
-158.1843070442187
 31
0.0
  0
SPLINE
  5
34B
330
1F
100
AcDbEntity
  8
NoLayerName_002
  6
Continuous
 62
     4
370
    50
100
AcDbSpline
210
0.0
220
0.0
230
1.0
 70
  1064
 71
     3
 72
    17
 73
    13
 74
    11
 42
0.0000000001
 43
0.0000000001
 44
0.0
 12
0.9938837346736199
 22
0.1104315260748378
 32
0.0
 13
0.2052738764587303
 23
0.9787045701556757
 33
0.0
 40
0.0
 40
0.0
 40
0.0
 40
0.0
 40
0.1230494261471324
 40
0.2483295370978805
 40
0.4073792721746044
 40
0.5658474706238126
 40
0.6337901501841255
 40
0.7490927008618995
 40
0.8960751898301592
 40
0.9692516952042748
 40
1.055193142302485
 40
1.106182403822266
 40
1.106182403822266
 40
1.106182403822266
 40
1.106182403822266
 10
136.2846878452763
 20
-159.9999999999999
 30
0.0
 10
136.3254534530125
 20
-159.9954704880292
 30
0.0
 10
136.4082285917436
 20
-159.9895881359922
 30
0.0
 10
136.5406762252349
 20
-159.9583605723366
 30
0.0
 10
136.6813061494374
 20
-159.9106625980204
 30
0.0
 10
136.7904914246137
 20
-159.8414679899001
 30
0.0
 10
136.8826855580493
 20
-159.7743696100178
 30
0.0
 10
136.9598126264769
 20
-159.6952943409285
 30
0.0
 10
137.0256706582313
 20
-159.6028670576619
 30
0.0
 10
137.0604881808566
 20
-159.5067492365763
 30
0.0
 10
137.0856241249309
 20
-159.4411185351893
 30
0.0
 10
137.0933893063345
 20
-159.3960125428411
 30
0.0
 10
137.0968782274578
 20
-159.379378068415
 30
0.0
 11
136.2846878452763
 21
-159.9999999999999
 31
0.0
 11
136.4069846684849
 21
-159.9864114640878
 31
0.0
 11
136.5292814916934
 21
-159.9592343922637
 31
0.0
 11
136.6787553867261
 21
-159.9048802486154
 31
0.0
 11
136.8146407458467
 21
-159.8233490331431
 31
0.0
 11
136.8689948894949
 21
-159.7825834254069
 31
0.0
 11
136.9505261049673
 21
-159.7010522099345
 31
0.0
 11
137.0320573204397
 21
-159.578755386726
 31
0.0
 11
137.0592343922638
 21
-159.5108127071657
 31
0.0
 11
137.0864114640879
 21
-159.4292814916933
 31
0.0
 11
137.0968782274578
 21
-159.379378068415
 31
0.0
  0
ARC
  5
34C
330
1F
100
AcDbEntity
  8
NoLayerName_002
  6
Continuous
 62
     4
370
    50
100
AcDbCircle
 10
136.896171961319
 20
-159.3438412648194
 30
0.0
 40
0.2038280386809145
100
AcDbArc
 50
349.9593412389175
 51
0.0
  0
SPLINE
  5
34D
330
1F
100
AcDbEntity
  8
NoLayerName_002
  6
Continuous
 62
     4
370
    50
100
AcDbSpline
210
0.0
220
0.0
230
1.0
 70
  1064
 71
     3
 72
    13
 73
     9
 74
     7
 42
0.0000000001
 43
0.0000000001
 44
0.0
 12
0.1643989873052205
 22
0.9863939238321665
 32
0.0
 13
0.9486832980504993
 23
0.3162277660168814
 33
0.0
 40
0.0
 40
0.0
 40
0.0
 40
0.0
 40
0.0826558370874942
 40
0.1256265606366059
 40
0.1746207236260282
 40
0.2130549071852726
 40
0.2738246872134128
 40
0.3167954107625128
 40
0.3167954107625128
 40
0.3167954107625128
 40
0.3167954107625128
 10
135.9
 20
-158.191005110505
 30
0.0
 10
135.9045295119707
 20
-158.1638280386809
 30
0.0
 10
135.9088047152533
 20
-158.1221576840666
 30
0.0
 10
135.925771293922
 20
-158.0657764643961
 30
0.0
 10
135.9513720960706
 20
-158.0300835114254
 30
0.0
 10
135.9853729603202
 20
-157.9935649764352
 30
0.0
 10
136.0302389684582
 20
-157.9747315270151
 30
0.0
 10
136.0630624309447
 20
-157.9645295119707
 30
0.0
 10
136.0766509668568
 20
-157.96
 30
0.0
 11
135.9
 21
-158.191005110505
 31
0.0
 11
135.9135885359121
 21
-158.1094738950327
 31
0.0
 11
135.9271770718241
 21
-158.0687082872965
 31
0.0
 11
135.9543541436483
 21
-158.0279426795603
 31
0.0
 11
135.9815312154724
 21
-158.0007656077362
 31
0.0
 11
136.0358853591206
 21
-157.9735885359121
 31
0.0
 11
136.0766509668568
 21
-157.96
 31
0.0
  0
LINE
  5
34E
330
1F
100
AcDbEntity
  8
NoLayerName_002
  6
Continuous
 62
     4
370
    50
100
AcDbLine
 10
136.0766509668568
 20
-157.96
 30
0.0
 11
136.3369375690552
 21
-157.96
 31
0.0
  0
LINE
  5
34F
330
1F
100
AcDbEntity
  8
NoLayerName_002
  6
Continuous
 62
     4
370
    50
100
AcDbLine
 10
135.9
 20
-158.191005110505
 30
0.0
 11
135.9
 21
-158.2453592541533
 31
0.0
  0
LINE
  5
350
330
1F
100
AcDbEntity
  8
NoLayerName_002
  6
Continuous
 62
     4
370
    50
100
AcDbLine
 10
135.9
 20
-159.28
 30
0.0
 11
135.3
 21
-159.28
 31
0.0
  0
LINE
  5
351
330
1F
100
AcDbEntity
  8
NoLayerName_002
  6
Continuous
 62
     4
370
    50
100
AcDbLine
 10
130.5
 20
-159.9999999999999
 30
0.0
 11
131.1
 21
-159.9999999999999
 31
0.0
  0
LINE
  5
352
330
1F
100
AcDbEntity
  8
NoLayerName_002
  6
Continuous
 62
     4
370
    50
100
AcDbLine
 10
131.7
 20
-159.4171664585591
 30
0.0
 11
131.7
 21
-159.0542355085088
 31
0.0
  0
LINE
  5
353
330
1F
100
AcDbEntity
  8
NoLayerName_002
  6
Continuous
 62
     4
370
    50
100
AcDbLine
 10
132.8322619089697
 20
-158.437318370113
 30
0.0
 11
132.5017218657399
 21
-158.437318370113
 31
0.0
  0
SPLINE
  5
354
330
1F
100
AcDbEntity
  8
NoLayerName_002
  6
Continuous
 62
     4
370
    50
100
AcDbSpline
210
0.0
220
0.0
230
1.0
 70
  1064
 71
     3
 72
    15
 73
    11
 74
     9
 42
0.0000000001
 43
0.0000000001
 44
0.0
 12
0.1442229263727115
 22
0.9895452225686765
 32
0.0
 13
0.9916616930281033
 23
0.1288684855992186
 33
0.0
 40
0.0
 40
0.0
 40
0.0
 40
0.0
 40
0.0299075873353905
 40
0.0800919957220982
 40
0.1660334428203014
 40
0.2698466895856296
 40
0.5207537123146739
 40
0.7509427458007998
 40
0.8612886288141774
 40
1.068721970999704
 40
1.068721970999704
 40
1.068721970999704
 40
1.068721970999704
 10
131.7
 20
-158.2088676439946
 30
0.0
 10
131.7014377865887
 20
-158.1990026739391
 30
0.0
 10
131.7051425651867
 20
-158.172579473534
 30
0.0
 10
131.7144391838281
 20
-158.1178586050873
 30
0.0
 10
131.742807370959
 20
-158.0427950753075
 30
0.0
 10
131.7957135990677
 20
-157.9053388242034
 30
0.0
 10
131.9321879718493
 20
-157.7558018685939
 30
0.0
 10
132.1085911859164
 20
-157.661351104782
 30
0.0
 10
132.2864179442948
 20
-157.6166011057881
 30
0.0
 10
132.392390111308
 20
-157.6089105402234
 30
0.0
 10
132.4609580110754
 20
-157.6
 30
0.0
 11
131.7
 21
-158.2088676439946
 31
0.0
 11
131.7043133597662
 21
-158.1792727338283
 31
0.0
 11
131.7135885359121
 21
-158.1299529005704
 31
0.0
 11
131.7407656077362
 21
-158.048421685098
 31
0.0
 11
131.7814946300356
 21
-157.9529317016102
 31
0.0
 11
131.9455190005166
 21
-157.7630624309448
 31
0.0
 11
132.148421685098
 21
-157.6543541436482
 31
0.0
 11
132.2552543117733
 21
-157.6267316206703
 31
0.0
 11
132.4609580110754
 21
-157.6
 31
0.0
  0
LINE
  5
355
330
1F
100
AcDbEntity
  8
NoLayerName_002
  6
Continuous
 62
     4
370
    50
100
AcDbLine
 10
131.7
 20
-158.2088676439946
 30
0.0
 11
131.7
 21
-158.274063535829
 31
0.0
  0
LINE
  5
356
330
1F
100
AcDbEntity
  8
NoLayerName_002
  6
Continuous
 62
     4
370
    50
100
AcDbLine
 10
132.4609580110755
 20
-157.6
 30
0.0
 11
132.6575107734523
 21
-157.6
 31
0.0
  0
LINE
  5
357
330
1F
100
AcDbEntity
  8
NoLayerName_002
  6
Continuous
 62
     4
370
    50
100
AcDbLine
 10
132.3
 20
-158.274063535829
 30
0.0
 11
132.3
 21
-158.2239516157933
 31
0.0
  0
ARC
  5
358
330
1F
100
AcDbEntity
  8
NoLayerName_002
  6
Continuous
 62
     4
370
    50
100
AcDbCircle
 10
132.3729014806126
 20
-158.2239516157933
 30
0.0
 40
0.072901480620106
100
AcDbArc
 50
169.2068104042801
 51
180.0
  0
SPLINE
  5
359
330
1F
100
AcDbEntity
  8
NoLayerName_002
  6
Continuous
 62
     4
370
    50
100
AcDbSpline
210
0.0
220
0.0
230
1.0
 70
  1064
 71
     3
 72
    14
 73
    10
 74
     8
 42
0.0000000001
 43
0.0000000001
 44
0.0
 12
0.1587130088204287
 22
0.9873247595554192
 32
0.0
 13
0.9761870601839546
 23
0.2169304578186479
 33
0.0
 40
0.0
 40
0.0
 40
0.0
 40
0.0
 40
0.0025464660518918
 40
0.008343046022737
 40
0.0746690310829378
 40
0.130695999945878
 40
0.2559761108966312
 40
0.2863610009107062
 40
0.349001056386065
 40
0.349001056386065
 40
0.349001056386065
 40
0.349001056386065
 10
132.3012594194587
 20
-158.2102948909169
 30
0.0
 10
132.301394138555
 20
-158.2094568279228
 30
0.0
 10
132.3018355729439
 20
-158.206711121754
 30
0.0
 10
132.3057833502046
 20
-158.1821339886833
 30
0.0
 10
132.3126768249498
 20
-158.1400906816068
 30
0.0
 10
132.3284612469775
 20
-158.058428367292
 30
0.0
 10
132.3802269296578
 20
-158.0012214878931
 30
0.0
 10
132.4450338645459
 20
-157.9673428096982
 30
0.0
 10
132.4766509668568
 20
-157.9645295119707
 30
0.0
 10
132.4970337707249
 20
-157.96
 30
0.0
 11
132.3012594194587
 21
-158.2102948909169
 31
0.0
 11
132.3016635767477
 21
-158.2077807019345
 31
0.0
 11
132.3025835693957
 21
-158.2020575950085
 31
0.0
 11
132.3135885359121
 21
-158.1366509668568
 31
0.0
 11
132.3271770718241
 21
-158.0822968232086
 31
0.0
 11
132.4087082872965
 21
-157.9871770718241
 31
0.0
 11
132.4358853591206
 21
-157.9735885359121
 31
0.0
 11
132.4970337707249
 21
-157.96
 31
0.0
  0
LINE
  5
35A
330
1F
100
AcDbEntity
  8
NoLayerName_002
  6
Continuous
 62
     4
370
    50
100
AcDbLine
 10
132.294366328839
 20
-159.3044131951872
 30
0.0
 11
132.294366328839
 21
-159.1361884141533
 31
0.0
  0
LINE
  5
35B
330
1F
100
AcDbEntity
  8
NoLayerName_002
  6
Continuous
 62
     4
370
    50
100
AcDbLine
 10
132.8922619089697
 20
-159.131578314902
 30
0.0
 11
132.8922619089697
 21
-158.8177973756507
 31
0.0
  0
LINE
  5
35C
330
1F
100
AcDbEntity
  8
NoLayerName_002
  6
Continuous
 62
     4
370
    50
100
AcDbLine
 10
132.946616052618
 20
-160.0
 30
0.0
 11
133.5271770718242
 21
-160.0
 31
0.0
  0
LINE
  5
35D
330
1F
100
AcDbEntity
  8
NoLayerName_002
  6
Continuous
 62
     4
370
    50
100
AcDbLine
 10
133.5
 20
-159.6821434283189
 30
0.0
 11
133.5
 21
-158.2794267956028
 31
0.0
  0
LINE
  5
35E
330
1F
100
AcDbEntity
  8
NoLayerName_002
  6
Continuous
 62
     4
370
    50
100
AcDbLine
 10
134.0997241022382
 20
-159.5482905049657
 30
0.0
 11
134.0997241022382
 21
-157.96
 31
0.0
  0
SPLINE
  5
35F
330
1F
100
AcDbEntity
  8
NoLayerName_002
  6
Continuous
 62
     4
370
    50
100
AcDbSpline
210
0.0
220
0.0
230
1.0
 70
  1064
 71
     3
 72
    16
 73
    12
 74
    10
 42
0.0000000001
 43
0.0000000001
 44
0.0
 12
0.2326898846478771
 22
-0.9725509845671627
 32
0.0
 13
0.9868805386977428
 23
-0.1614521673426928
 33
0.0
 40
0.0
 40
0.0
 40
0.0
 40
0.0
 40
0.0057933199372407
 40
0.0367154097794786
 40
0.1098919151535878
 40
0.2380859065602327
 40
0.3341713654584071
 40
0.4623653568650358
 40
0.5821187399870092
 40
0.7068966358800326
 40
0.7418910027523423
 40
0.7418910027523423
 40
0.7418910027523423
 40
0.7418910027523423
 10
134.1039709342601
 20
-159.584015687956
 30
0.0
 10
134.1044202832427
 20
-159.5858937876257
 30
0.0
 10
134.1072495214568
 20
-159.5977996796837
 30
0.0
 10
134.1164206178738
 20
-159.6333075669088
 30
0.0
 10
134.1463876196578
 20
-159.7049895915088
 30
0.0
 10
134.1981802779399
 20
-159.7906462936887
 30
0.0
 10
134.2819757450957
 20
-159.8742492711802
 30
0.0
 10
134.3807524738375
 20
-159.934799254985
 30
0.0
 10
134.4984939878163
 20
-159.9766255081115
 30
0.0
 10
134.5905016288258
 20
-159.9925563574801
 30
0.0
 10
134.6430564865424
 20
-160.0010924968516
 30
0.0
 10
134.6545682397525
 20
-160.0029758023103
 30
0.0
 11
134.1039709342601
 21
-159.584015687956
 31
0.0
 11
134.105318981208
 21
-159.5896499869649
 31
0.0
 11
134.1133126381503
 21
-159.6195209944622
 31
0.0
 11
134.1404897099744
 21
-159.6874636740225
 31
0.0
 11
134.2084323895347
 21
-159.7961719613189
 31
0.0
 11
134.276375069095
 21
-159.8641146408793
 31
0.0
 11
134.3850833563915
 21
-159.9320573204396
 31
0.0
 11
134.497684590821
 21
-159.9728229281757
 31
0.0
 11
134.6200329801222
 21
-159.997325885934
 31
0.0
 11
134.6545682397525
 21
-160.0029758023103
 31
0.0
  0
ARC
  5
360
330
1F
100
AcDbEntity
  8
NoLayerName_002
  6
Continuous
 62
     4
370
    50
100
AcDbCircle
 10
134.2521021740984
 20
-159.5482905049657
 30
0.0
 40
0.1523780718591328
100
AcDbArc
 50
180.0
 51
193.559237444401
  0
LINE
  5
361
330
1F
100
AcDbEntity
  8
NoLayerName_002
  6
Continuous
 62
     4
370
    50
100
AcDbLine
 10
135.3
 20
-159.28
 30
0.0
 11
135.3
 21
-159.4044560180963
 31
0.0
  0
LINE
  5
362
330
1F
100
AcDbEntity
  8
NoLayerName_002
  6
Continuous
 62
     4
370
    50
100
AcDbLine
 10
137.1
 20
-159.3438412648194
 30
0.0
 11
137.1
 21
-159.2287606629937
 31
0.0
  0
LINE
  5
363
330
1F
100
AcDbEntity
  8
NoLayerName_002
  6
Continuous
 62
     4
370
    50
100
AcDbLine
 10
135.3
 20
-158.2182783839988
 30
0.0
 11
135.3
 21
-158.3745465469875
 31
0.0
  0
LINE
  5
364
330
1F
100
AcDbEntity
  8
NoLayerName_002
  6
Continuous
 62
     4
370
    50
100
AcDbLine
 10
137.1
 20
-158.32
 30
0.0
 11
136.5
 21
-158.32
 31
0.0
  0
LINE
  5
365
330
1F
100
AcDbEntity
  8
NoLayerName_002
  6
Continuous
 62
     4
370
    50
100
AcDbLine
 10
137.1
 20
-158.32
 30
0.0
 11
137.1
 21
-158.1843070442187
 31
0.0
  0
LINE
  5
366
330
1F
100
AcDbEntity
  8
NoLayerName_002
  6
Continuous
 62
     4
370
    50
100
AcDbLine
 10
138.5043715801174
 20
-159.5799999999999
 30
0.0
 11
138.6892418080039
 21
-159.5799999999999
 31
0.0
  0
LINE
  5
367
330
1F
100
AcDbEntity
  8
NoLayerName_002
  6
Continuous
 62
     4
370
    50
100
AcDbLine
 10
138.9
 20
-159.9999999999999
 30
0.0
 11
139.5
 21
-159.9999999999999
 31
0.0
  0
LINE
  5
368
330
1F
100
AcDbEntity
  8
NoLayerName_002
  6
Continuous
 62
     4
370
    50
100
AcDbLine
 10
153.3
 20
-157.974063535829
 30
0.0
 11
153.66
 21
-157.974063535829
 31
0.0
  0
LINE
  5
369
330
1F
100
AcDbEntity
  8
NoLayerName_002
  6
Continuous
 62
     4
370
    50
100
AcDbLine
 10
153.3
 20
-157.554063535829
 30
0.0
 11
153.66
 21
-157.554063535829
 31
0.0
  0
LINE
  5
36A
330
1F
100
AcDbEntity
  8
NoLayerName_002
  6
Continuous
 62
     4
370
    50
100
AcDbLine
 10
154.5578955801307
 20
-159.9999999999999
 30
0.0
 11
154.6572241712537
 21
-159.9999999999999
 31
0.0
  0
LINE
  5
36B
330
1F
100
AcDbEntity
  8
NoLayerName_002
  6
Continuous
 62
     4
370
    50
100
AcDbLine
 10
156.9
 20
-159.3999999999999
 30
0.0
 11
156.36
 21
-159.3999999999999
 31
0.0
  0
LINE
  5
36C
330
1F
100
AcDbEntity
  8
NoLayerName_002
  6
Continuous
 62
     4
370
    50
100
AcDbLine
 10
154.6844012430779
 20
-157.4997093921808
 30
0.0
 11
154.5443070442187
 21
-157.4997093921808
 31
0.0
  0
LINE
  5
36D
330
1F
100
AcDbEntity
  8
NoLayerName_002
  6
Continuous
 62
     4
370
    50
100
AcDbLine
 10
153.4542520018726
 20
-159.5923439226382
 30
0.0
 11
153.6192343922638
 21
-159.5923439226382
 31
0.0
  0
LINE
  5
36E
330
1F
100
AcDbEntity
  8
NoLayerName_002
  6
Continuous
 62
     4
370
    50
100
AcDbLine
 10
153.2412866722917
 20
-159.9999999999999
 30
0.0
 11
153.4969375690553
 21
-159.9999999999999
 31
0.0
  0
SPLINE
  5
36F
330
1F
100
AcDbEntity
  8
NoLayerName_002
  6
Continuous
 62
     4
370
    50
100
AcDbSpline
210
0.0
220
0.0
230
1.0
 70
  1064
 71
     3
 72
    11
 73
     7
 74
     5
 42
0.0000000001
 43
0.0000000001
 44
0.0
 12
0.196116135138221
 22
-0.9805806756909128
 32
0.0
 13
0.9677086929367931
 23
-0.2520711915601694
 33
0.0
 40
0.0
 40
0.0
 40
0.0
 40
0.0
 40
0.0692882097767553
 40
0.1485223090013577
 40
0.2520095153485009
 40
0.2569470620242247
 40
0.2569470620242247
 40
0.2569470620242247
 40
0.2569470620242247
 10
153.3
 20
-159.4144483425075
 30
0.0
 10
153.3045295119707
 20
-159.4370959023609
 30
0.0
 10
153.309514707488
 20
-159.486148179248
 30
0.0
 10
153.3523370732427
 20
-159.5656965240862
 30
0.0
 10
153.417750474591
 20
-159.5828372823602
 30
0.0
 10
153.4526592995926
 20
-159.5919290515469
 30
0.0
 10
153.4542520018726
 20
-159.5923439226382
 30
0.0
 11
153.3
 21
-159.4144483425075
 31
0.0
 11
153.3135885359121
 21
-159.4823910220678
 31
0.0
 11
153.3543541436483
 21
-159.5503337016281
 31
0.0
 11
153.4494738950327
 21
-159.5910993093642
 31
0.0
 11
153.4542520018726
 21
-159.5923439226382
 31
0.0
  0
LINE
  5
370
330
1F
100
AcDbEntity
  8
NoLayerName_002
  6
Continuous
 62
     4
370
    50
100
AcDbLine
 10
147.3727912711863
 20
-157.9108730131397
 30
0.0
 11
147.3729811465984
 21
-158.536159789561
 31
0.0
  0
LINE
  5
371
330
1F
100
AcDbEntity
  8
NoLayerName_002
  6
Continuous
 62
     4
370
    50
100
AcDbLine
 10
148.86
 20
-158.7999999999999
 30
0.0
 11
148.86
 21
-159.030436721945
 31
0.0
  0
LINE
  5
372
330
1F
100
AcDbEntity
  8
NoLayerName_002
  6
Continuous
 62
     4
370
    50
100
AcDbLine
 10
148.86
 20
-157.72
 30
0.0
 11
148.86
 21
-157.3760777624597
 31
0.0
  0
LINE
  5
373
330
1F
100
AcDbEntity
  8
NoLayerName_002
  6
Continuous
 62
     4
370
    50
100
AcDbLine
 10
144.78
 20
-160.0000000000001
 30
0.0
 11
144.78
 21
-157.12
 31
0.0
  0
LINE
  5
374
330
1F
100
AcDbEntity
  8
NoLayerName_002
  6
Continuous
 62
     4
370
    50
100
AcDbLine
 10
145.5
 20
-160.0
 30
0.0
 11
145.5
 21
-157.1199999999999
 31
0.0
  0
SPLINE
  5
375
330
1F
100
AcDbEntity
  8
NoLayerName_002
  6
Continuous
 62
     4
370
    50
100
AcDbSpline
210
0.0
220
0.0
230
1.0
 70
  1064
 71
     3
 72
    22
 73
    18
 74
    16
 42
0.0000000001
 43
0.0000000001
 44
0.0
 12
0.2425356250361371
 22
-0.9701425001453808
 32
0.0
 13
0.220528659671217
 23
-0.975380495121579
 33
0.0
 40
0.0
 40
0.0
 40
0.0
 40
0.0
 40
0.0560269688629235
 40
0.1352610680875401
 40
0.24139092629075
 40
0.3206250255153543
 40
0.4421645855716091
 40
0.5759961435041054
 40
0.7401870476433918
 40
0.8802544698006841
 40
1.038722668249917
 40
1.195138462979589
 40
1.310441013657383
 40
1.427334019475821
 40
1.512465952956503
 40
1.598407400054716
 40
1.61749262800137
 40
1.61749262800137
 40
1.61749262800137
 40
1.61749262800137
 10
135.9
 20
-158.2453592541533
 30
0.0
 10
135.9045295119707
 20
-158.2634773020361
 30
0.0
 10
135.911769537197
 20
-158.3083994100398
 30
0.0
 10
135.9565315347824
 20
-158.378389781075
 30
0.0
 10
136.0275498225567
 20
-158.4321764234471
 30
0.0
 10
136.1155630332835
 20
-158.4842343452532
 30
0.0
 10
136.2157717474798
 20
-158.533564801608
 30
0.0
 10
136.344657318086
 20
-158.5879197665053
 30
0.0
 10
136.4756038992691
 20
-158.6525913223136
 30
0.0
 10
136.621709138988
 20
-158.7045164387498
 30
0.0
 10
136.7480453775754
 20
-158.7896150362093
 30
0.0
 10
136.8711088885563
 20
-158.8641572548036
 30
0.0
 10
136.9628764529479
 20
-158.9571529241074
 30
0.0
 10
137.0234283906892
 20
-159.0440918559569
 30
0.0
 10
137.0713929815242
 20
-159.1276003829199
 30
0.0
 10
137.0911982123646
 20
-159.1883491086993
 30
0.0
 10
137.0985970534204
 20
-159.222555543299
 30
0.0
 10
137.1
 20
-159.2287606629937
 30
0.0
 11
135.9
 21
-158.2453592541533
 31
0.0
 11
135.9135885359121
 21
-158.2997133978015
 31
0.0
 11
135.9543541436483
 21
-158.3676560773618
 31
0.0
 11
136.0358853591206
 21
-158.4355987569221
 31
0.0
 11
136.1038280386809
 21
-158.4763643646583
 31
0.0
 11
136.2125363259774
 21
-158.5307185083066
 31
0.0
 11
136.334833149186
 21
-158.5850726519548
 31
0.0
 11
136.4843070442186
 21
-158.6530153315151
 31
0.0
 11
136.6133981353832
 21
-158.7073694751634
 31
0.0
 11
136.7492834945038
 21
-158.7889006906357
 31
0.0
 11
136.8783745856684
 21
-158.8772261740641
 31
0.0
 11
136.9599058011408
 21
-158.9587573895365
 31
0.0
 11
137.0278484807011
 21
-159.0538771409209
 31
0.0
 11
137.0686140884372
 21
-159.1286140884372
 31
0.0
 11
137.0957911602614
 21
-159.2101453039096
 31
0.0
 11
137.1
 21
-159.2287606629937
 31
0.0
  0
LINE
  5
376
330
1F
100
AcDbEntity
  8
NoLayerName_002
  6
Continuous
 62
     4
370
    50
100
AcDbLine
 10
136.2846878452764
 20
-159.9999999999999
 30
0.0
 11
136.1017236188116
 21
-159.9999999999999
 31
0.0
  0
LINE
  5
377
330
1F
100
AcDbEntity
  8
NoLayerName_002
  6
Continuous
 62
     4
370
    50
100
AcDbLine
 10
123.15
 20
-156.52
 30
0.0
 11
123.15
 21
-160.0
 31
0.0
  0
LINE
  5
378
330
1F
100
AcDbEntity
  8
NoLayerName_002
  6
Continuous
 62
     4
370
    50
100
AcDbLine
 10
123.3
 20
-156.52
 30
0.0
 11
123.3
 21
-160.0
 31
0.0
  0
LINE
  5
379
330
1F
100
AcDbEntity
  8
NoLayerName_002
  6
Continuous
 62
     4
370
    50
100
AcDbLine
 10
123.45
 20
-156.52
 30
0.0
 11
123.45
 21
-160.0
 31
0.0
  0
LINE
  5
37A
330
1F
100
AcDbEntity
  8
NoLayerName_002
  6
Continuous
 62
     4
370
    50
100
AcDbLine
 10
123.75
 20
-158.4953849048396
 30
0.0
 11
123.75
 21
-157.763064859588
 31
0.0
  0
LINE
  5
37B
330
1F
100
AcDbEntity
  8
NoLayerName_002
  6
Continuous
 62
     4
370
    50
100
AcDbLine
 10
125.1
 20
-156.8057994375619
 30
0.0
 11
125.1
 21
-156.52
 31
0.0
  0
LINE
  5
37C
330
1F
100
AcDbEntity
  8
NoLayerName_002
  6
Continuous
 62
     4
370
    50
100
AcDbLine
 10
124.95
 20
-157.0439656386575
 30
0.0
 11
124.95
 21
-156.52
 31
0.0
  0
LINE
  5
37D
330
1F
100
AcDbEntity
  8
NoLayerName_002
  6
Continuous
 62
     4
370
    50
100
AcDbLine
 10
124.8
 20
-157.282131839753
 30
0.0
 11
124.8
 21
-156.52
 31
0.0
  0
LINE
  5
37E
330
1F
100
AcDbEntity
  8
NoLayerName_002
  6
Continuous
 62
     4
370
    50
100
AcDbLine
 10
124.65
 20
-157.5202980408486
 30
0.0
 11
124.65
 21
-156.52
 31
0.0
  0
LINE
  5
37F
330
1F
100
AcDbEntity
  8
NoLayerName_002
  6
Continuous
 62
     4
370
    50
100
AcDbLine
 10
124.5
 20
-157.7584642419441
 30
0.0
 11
124.5
 21
-156.52
 31
0.0
  0
LINE
  5
380
330
1F
100
AcDbEntity
  8
NoLayerName_002
  6
Continuous
 62
     4
370
    50
100
AcDbLine
 10
124.35
 20
-157.9966304430397
 30
0.0
 11
124.35
 21
-156.7381082397104
 31
0.0
  0
LINE
  5
381
330
1F
100
AcDbEntity
  8
NoLayerName_002
  6
Continuous
 62
     4
370
    50
100
AcDbLine
 10
123.9
 20
-158.8182662607718
 30
0.0
 11
123.9
 21
-157.5068257046186
 31
0.0
  0
LINE
  5
382
330
1F
100
AcDbEntity
  8
NoLayerName_002
  6
Continuous
 62
     4
370
    50
100
AcDbLine
 10
124.05
 20
-159.141147616704
 30
0.0
 11
124.05
 21
-157.2696520072787
 31
0.0
  0
LINE
  5
383
330
1F
100
AcDbEntity
  8
NoLayerName_002
  6
Continuous
 62
     4
370
    50
100
AcDbLine
 10
124.2
 20
-159.4640289726362
 30
0.0
 11
124.2
 21
-156.9943473946798
 31
0.0
  0
LINE
  5
384
330
1F
100
AcDbEntity
  8
NoLayerName_002
  6
Continuous
 62
     4
370
    50
100
AcDbLine
 10
125.25
 20
-160.0
 30
0.0
 11
125.25
 21
-159.9302749248595
 31
0.0
  0
LINE
  5
385
330
1F
100
AcDbEntity
  8
NoLayerName_002
  6
Continuous
 62
     4
370
    50
100
AcDbLine
 10
125.1
 20
-160.0
 30
0.0
 11
125.1
 21
-159.6345606391452
 31
0.0
  0
LINE
  5
386
330
1F
100
AcDbEntity
  8
NoLayerName_002
  6
Continuous
 62
     4
370
    50
100
AcDbLine
 10
124.95
 20
-160.0
 30
0.0
 11
124.95
 21
-159.3388463534309
 31
0.0
  0
LINE
  5
387
330
1F
100
AcDbEntity
  8
NoLayerName_002
  6
Continuous
 62
     4
370
    50
100
AcDbLine
 10
124.8
 20
-160.0
 30
0.0
 11
124.8
 21
-159.0431320677166
 31
0.0
  0
LINE
  5
388
330
1F
100
AcDbEntity
  8
NoLayerName_002
  6
Continuous
 62
     4
370
    50
100
AcDbLine
 10
124.65
 20
-160.0
 30
0.0
 11
124.65
 21
-158.7474177820023
 31
0.0
  0
LINE
  5
389
330
1F
100
AcDbEntity
  8
NoLayerName_002
  6
Continuous
 62
     4
370
    50
100
AcDbLine
 10
124.5
 20
-160.0
 30
0.0
 11
124.5
 21
-158.4517034962881
 31
0.0
  0
LINE
  5
38A
330
1F
100
AcDbEntity
  8
NoLayerName_002
  6
Continuous
 62
     4
370
    50
100
AcDbLine
 10
124.35
 20
-159.7869103285684
 30
0.0
 11
124.35
 21
-158.1559892105738
 31
0.0
  0
LINE
  5
38B
330
1F
100
AcDbEntity
  8
NoLayerName_002
  6
Continuous
 62
     4
370
    50
100
AcDbLine
 10
128.25
 20
-159.9999999999999
 30
0.0
 11
128.25
 21
-157.6
 31
0.0
  0
LINE
  5
38C
330
1F
100
AcDbEntity
  8
NoLayerName_002
  6
Continuous
 62
     4
370
    50
100
AcDbLine
 10
128.4
 20
-159.9999999999999
 30
0.0
 11
128.4
 21
-157.6
 31
0.0
  0
LINE
  5
38D
330
1F
100
AcDbEntity
  8
NoLayerName_002
  6
Continuous
 62
     4
370
    50
100
AcDbLine
 10
128.55
 20
-159.9999999999999
 30
0.0
 11
128.55
 21
-157.6
 31
0.0
  0
LINE
  5
38E
330
1F
100
AcDbEntity
  8
NoLayerName_002
  6
Continuous
 62
     4
370
    50
100
AcDbLine
 10
129.15
 20
-157.9680303616798
 30
0.0
 11
129.15
 21
-157.6040532266591
 31
0.0
  0
LINE
  5
38F
330
1F
100
AcDbEntity
  8
NoLayerName_002
  6
Continuous
 62
     4
370
    50
100
AcDbLine
 10
129.15
 20
-157.6
 30
0.0
 11
129.404290209928
 21
-157.6
 31
0.0
  0
LINE
  5
390
330
1F
100
AcDbEntity
  8
NoLayerName_002
  6
Continuous
 62
     4
370
    50
100
AcDbLine
 10
129.3
 20
-158.1984580915781
 30
0.0
 11
129.3
 21
-157.6
 31
0.0
  0
LINE
  5
391
330
1F
100
AcDbEntity
  8
NoLayerName_002
  6
Continuous
 62
     4
370
    50
100
AcDbLine
 10
129.45
 20
-159.9999999999999
 30
0.0
 11
129.45
 21
-157.6095051585803
 31
0.0
  0
LINE
  5
392
330
1F
100
AcDbEntity
  8
NoLayerName_002
  6
Continuous
 62
     4
370
    50
100
AcDbLine
 10
129.6
 20
-159.9999999999999
 30
0.0
 11
129.6
 21
-157.6556396393236
 31
0.0
  0
LINE
  5
393
330
1F
100
AcDbEntity
  8
NoLayerName_002
  6
Continuous
 62
     4
370
    50
100
AcDbLine
 10
129.75
 20
-159.9999999999999
 30
0.0
 11
129.75
 21
-157.7570295410823
 31
0.0
  0
LINE
  5
394
330
1F
100
AcDbEntity
  8
NoLayerName_002
  6
Continuous
 62
     4
370
    50
100
AcDbLine
 10
130.5
 20
-159.9999999999999
 30
0.0
 11
130.5
 21
-157.6
 31
0.0
  0
LINE
  5
395
330
1F
100
AcDbEntity
  8
NoLayerName_002
  6
Continuous
 62
     4
370
    50
100
AcDbLine
 10
130.65
 20
-159.9999999999999
 30
0.0
 11
130.65
 21
-157.6095051585803
 31
0.0
  0
LINE
  5
396
330
1F
100
AcDbEntity
  8
NoLayerName_002
  6
Continuous
 62
     4
370
    50
100
AcDbLine
 10
130.8
 20
-159.9999999999999
 30
0.0
 11
130.8
 21
-157.6556396393236
 31
0.0
  0
LINE
  5
397
330
1F
100
AcDbEntity
  8
NoLayerName_002
  6
Continuous
 62
     4
370
    50
100
AcDbLine
 10
130.95
 20
-159.9999999999999
 30
0.0
 11
130.95
 21
-157.7570295410823
 31
0.0
  0
LINE
  5
398
330
1F
100
AcDbEntity
  8
NoLayerName_002
  6
Continuous
 62
     4
370
    50
100
AcDbLine
 10
130.35
 20
-157.9680303616798
 30
0.0
 11
130.35
 21
-157.6040532266591
 31
0.0
  0
LINE
  5
399
330
1F
100
AcDbEntity
  8
NoLayerName_002
  6
Continuous
 62
     4
370
    50
100
AcDbLine
 10
130.05
 20
-157.9701489732795
 30
0.0
 11
130.05
 21
-157.7191517471326
 31
0.0
  0
LINE
  5
39A
330
1F
100
AcDbEntity
  8
NoLayerName_002
  6
Continuous
 62
     4
370
    50
100
AcDbLine
 10
129.0
 20
-157.96
 30
0.0
 11
129.0
 21
-157.6368853856209
 31
0.0
  0
LINE
  5
39B
330
1F
100
AcDbEntity
  8
NoLayerName_002
  6
Continuous
 62
     4
370
    50
100
AcDbLine
 10
128.85
 20
-157.9701489732795
 30
0.0
 11
128.85
 21
-157.7191517471327
 31
0.0
  0
LINE
  5
39C
330
1F
100
AcDbEntity
  8
NoLayerName_002
  6
Continuous
 62
     4
370
    50
100
AcDbLine
 10
130.2
 20
-157.96
 30
0.0
 11
130.2
 21
-157.6368853856209
 31
0.0
  0
LINE
  5
39D
330
1F
100
AcDbEntity
  8
NoLayerName_002
  6
Continuous
 62
     4
370
    50
100
AcDbLine
 10
130.29451852558
 20
-157.96
 30
0.0
 11
130.1121996571716
 21
-157.9600000000001
 31
0.0
  0
LINE
  5
39E
330
1F
100
AcDbEntity
  8
NoLayerName_002
  6
Continuous
 62
     4
370
    50
100
AcDbLine
 10
125.85
 20
-157.8271427130214
 30
0.0
 11
125.85
 21
-159.6453379025626
 31
0.0
  0
LINE
  5
39F
330
1F
100
AcDbEntity
  8
NoLayerName_002
  6
Continuous
 62
     4
370
    50
100
AcDbLine
 10
126.0
 20
-157.6598265936008
 30
0.0
 11
126.0
 21
-159.8198025089661
 31
0.0
  0
LINE
  5
3A0
330
1F
100
AcDbEntity
  8
NoLayerName_002
  6
Continuous
 62
     4
370
    50
100
AcDbLine
 10
126.15
 20
-157.5670416835104
 30
0.0
 11
126.15
 21
-159.9109507039813
 31
0.0
  0
LINE
  5
3A1
330
1F
100
AcDbEntity
  8
NoLayerName_002
  6
Continuous
 62
     4
370
    50
100
AcDbLine
 10
126.3
 20
-157.5148793694725
 30
0.0
 11
126.3
 21
-159.9644242397804
 31
0.0
  0
LINE
  5
3A2
330
1F
100
AcDbEntity
  8
NoLayerName_002
  6
Continuous
 62
     4
370
    50
100
AcDbLine
 10
126.45
 20
-157.9746131401403
 30
0.0
 11
126.45
 21
-157.4889692471455
 31
0.0
  0
LINE
  5
3A3
330
1F
100
AcDbEntity
  8
NoLayerName_002
  6
Continuous
 62
     4
370
    50
100
AcDbLine
 10
126.6
 20
-157.9
 30
0.0
 11
126.6
 21
-157.48
 31
0.0
  0
LINE
  5
3A4
330
1F
100
AcDbEntity
  8
NoLayerName_002
  6
Continuous
 62
     4
370
    50
100
AcDbLine
 10
126.75
 20
-157.9036723895032
 30
0.0
 11
126.75
 21
-157.48
 31
0.0
  0
LINE
  5
3A5
330
1F
100
AcDbEntity
  8
NoLayerName_002
  6
Continuous
 62
     4
370
    50
100
AcDbLine
 10
126.9
 20
-158.0272044495557
 30
0.0
 11
126.9
 21
-157.4938120249902
 31
0.0
  0
LINE
  5
3A6
330
1F
100
AcDbEntity
  8
NoLayerName_002
  6
Continuous
 62
     4
370
    50
100
AcDbLine
 10
127.05
 20
-157.5257757126887
 30
0.0
 11
127.05
 21
-159.9644242397804
 31
0.0
  0
LINE
  5
3A7
330
1F
100
AcDbEntity
  8
NoLayerName_002
  6
Continuous
 62
     4
370
    50
100
AcDbLine
 10
126.8999999999995
 20
-159.420199690454
 30
0.0
 11
126.8999999999995
 21
-159.9869732430733
 31
0.0
  0
LINE
  5
3A8
330
1F
100
AcDbEntity
  8
NoLayerName_002
  6
Continuous
 62
     4
370
    50
100
AcDbLine
 10
126.75
 20
-159.5697249577653
 30
0.0
 11
126.75
 21
-160.0
 31
0.0
  0
LINE
  5
3A9
330
1F
100
AcDbEntity
  8
NoLayerName_002
  6
Continuous
 62
     4
370
    50
100
AcDbLine
 10
126.6
 20
-159.5770794799871
 30
0.0
 11
126.6
 21
-160.0
 31
0.0
  0
LINE
  5
3AA
330
1F
100
AcDbEntity
  8
NoLayerName_002
  6
Continuous
 62
     4
370
    50
100
AcDbLine
 10
126.45
 20
-159.4930453845765
 30
0.0
 11
126.45
 21
-159.991007122184
 31
0.0
  0
LINE
  5
3AB
330
1F
100
AcDbEntity
  8
NoLayerName_002
  6
Continuous
 62
     4
370
    50
100
AcDbLine
 10
133.05
 20
-160.0
 30
0.0
 11
133.05
 21
-157.6636103408746
 31
0.0
  0
LINE
  5
3AC
330
1F
100
AcDbEntity
  8
NoLayerName_002
  6
Continuous
 62
     4
370
    50
100
AcDbLine
 10
133.2
 20
-159.9999999999999
 30
0.0
 11
133.2
 21
-157.7317274231635
 31
0.0
  0
LINE
  5
3AD
330
1F
100
AcDbEntity
  8
NoLayerName_002
  6
Continuous
 62
     4
370
    50
100
AcDbLine
 10
133.35
 20
-159.9999999999999
 30
0.0
 11
133.35
 21
-157.8550524624376
 31
0.0
  0
LINE
  5
3AE
330
1F
100
AcDbEntity
  8
NoLayerName_002
  6
Continuous
 62
     4
370
    50
100
AcDbLine
 10
133.95
 20
-157.96
 30
0.0
 11
133.95
 21
-157.6
 31
0.0
  0
LINE
  5
3AF
330
1F
100
AcDbEntity
  8
NoLayerName_002
  6
Continuous
 62
     4
370
    50
100
AcDbLine
 10
134.85
 20
-157.96
 30
0.0
 11
134.85
 21
-157.6
 31
0.0
  0
LINE
  5
3B0
330
1F
100
AcDbEntity
  8
NoLayerName_002
  6
Continuous
 62
     4
370
    50
100
AcDbLine
 10
134.25
 20
-159.8409508857656
 30
0.0
 11
134.25
 21
-157.0832244999257
 31
0.0
  0
LINE
  5
3B1
330
1F
100
AcDbEntity
  8
NoLayerName_002
  6
Continuous
 62
     4
370
    50
100
AcDbLine
 10
134.4
 20
-159.9388707917292
 30
0.0
 11
134.4
 21
-157.0081644741809
 31
0.0
  0
LINE
  5
3B2
330
1F
100
AcDbEntity
  8
NoLayerName_002
  6
Continuous
 62
     4
370
    50
100
AcDbLine
 10
134.55
 20
-159.9848605037232
 30
0.0
 11
134.55
 21
-156.9331044484361
 31
0.0
  0
LINE
  5
3B3
330
1F
100
AcDbEntity
  8
NoLayerName_002
  6
Continuous
 62
     4
370
    50
100
AcDbLine
 10
134.7
 20
-157.96
 30
0.0
 11
134.7
 21
-157.6
 31
0.0
  0
LINE
  5
3B4
330
1F
100
AcDbEntity
  8
NoLayerName_002
  6
Continuous
 62
     4
370
    50
100
AcDbLine
 10
134.1
 20
-157.96
 30
0.0
 11
134.1
 21
-157.6
 31
0.0
  0
LINE
  5
3B5
330
1F
100
AcDbEntity
  8
NoLayerName_002
  6
Continuous
 62
     4
370
    50
100
AcDbLine
 10
136.8
 20
-158.32
 30
0.0
 11
136.8
 21
-157.7304747200973
 31
0.0
  0
LINE
  5
3B6
330
1F
100
AcDbEntity
  8
NoLayerName_002
  6
Continuous
 62
     4
370
    50
100
AcDbLine
 10
136.95
 20
-158.32
 30
0.0
 11
136.95
 21
-157.8569651719046
 31
0.0
  0
LINE
  5
3B7
330
1F
100
AcDbEntity
  8
NoLayerName_002
  6
Continuous
 62
     4
370
    50
100
AcDbLine
 10
136.65
 20
-158.32
 30
0.0
 11
136.65
 21
-157.6606030224719
 31
0.0
  0
LINE
  5
3B8
330
1F
100
AcDbEntity
  8
NoLayerName_002
  6
Continuous
 62
     4
370
    50
100
AcDbLine
 10
136.5
 20
-158.1366509668568
 30
0.0
 11
136.5
 21
-157.620719825873
 31
0.0
  0
LINE
  5
3B9
330
1F
100
AcDbEntity
  8
NoLayerName_002
  6
Continuous
 62
     4
370
    50
100
AcDbLine
 10
136.2
 20
-157.96
 30
0.0
 11
136.2
 21
-157.6
 31
0.0
  0
LINE
  5
3BA
330
1F
100
AcDbEntity
  8
NoLayerName_002
  6
Continuous
 62
     4
370
    50
100
AcDbLine
 10
136.5
 20
-159.3853395096172
 30
0.0
 11
136.5
 21
-158.6594587141769
 31
0.0
  0
LINE
  5
3BB
330
1F
100
AcDbEntity
  8
NoLayerName_002
  6
Continuous
 62
     4
370
    50
100
AcDbLine
 10
136.65
 20
-159.9178545906445
 30
0.0
 11
136.65
 21
-158.7269329214661
 31
0.0
  0
LINE
  5
3BC
330
1F
100
AcDbEntity
  8
NoLayerName_002
  6
Continuous
 62
     4
370
    50
100
AcDbLine
 10
136.8
 20
-159.8334588976504
 30
0.0
 11
136.8
 21
-158.8212309514773
 31
0.0
  0
LINE
  5
3BD
330
1F
100
AcDbEntity
  8
NoLayerName_002
  6
Continuous
 62
     4
370
    50
100
AcDbLine
 10
136.95
 20
-159.70167030318
 30
0.0
 11
136.95
 21
-158.947131236056
 31
0.0
  0
LINE
  5
3BE
330
1F
100
AcDbEntity
  8
NoLayerName_002
  6
Continuous
 62
     4
370
    50
100
AcDbLine
 10
135.6
 20
-159.8800920278306
 30
0.0
 11
135.6
 21
-159.28
 31
0.0
  0
LINE
  5
3BF
330
1F
100
AcDbEntity
  8
NoLayerName_002
  6
Continuous
 62
     4
370
    50
100
AcDbLine
 10
135.45
 20
-159.7617788093936
 30
0.0
 11
135.45
 21
-159.28
 31
0.0
  0
LINE
  5
3C0
330
1F
100
AcDbEntity
  8
NoLayerName_002
  6
Continuous
 62
     4
370
    50
100
AcDbLine
 10
135.7500000000001
 20
-159.942468507853
 30
0.0
 11
135.7500000000001
 21
-159.28
 31
0.0
  0
LINE
  5
3C1
330
1F
100
AcDbEntity
  8
NoLayerName_002
  6
Continuous
 62
     4
370
    50
100
AcDbLine
 10
135.9
 20
-159.9789570435192
 30
0.0
 11
135.9
 21
-159.3768759603294
 31
0.0
  0
LINE
  5
3C2
330
1F
100
AcDbEntity
  8
NoLayerName_002
  6
Continuous
 62
     4
370
    50
100
AcDbLine
 10
136.2
 20
-159.9999999999999
 30
0.0
 11
136.2
 21
-159.64
 31
0.0
  0
LINE
  5
3C3
330
1F
100
AcDbEntity
  8
NoLayerName_002
  6
Continuous
 62
     4
370
    50
100
AcDbLine
 10
136.5
 20
-159.9670419453792
 30
0.0
 11
136.5
 21
-159.4771260195494
 31
0.0
  0
LINE
  5
3C4
330
1F
100
AcDbEntity
  8
NoLayerName_002
  6
Continuous
 62
     4
370
    50
100
AcDbLine
 10
138.45
 20
-159.9999999999999
 30
0.0
 11
138.45
 21
-159.5686985020228
 31
0.0
  0
LINE
  5
3C5
330
1F
100
AcDbEntity
  8
NoLayerName_002
  6
Continuous
 62
     4
370
    50
100
AcDbLine
 10
138.15
 20
-159.9931465441797
 30
0.0
 11
138.15
 21
-157.554063535829
 31
0.0
  0
LINE
  5
3C6
330
1F
100
AcDbEntity
  8
NoLayerName_002
  6
Continuous
 62
     4
370
    50
100
AcDbLine
 10
138.0
 20
-159.953336662506
 30
0.0
 11
138.0
 21
-157.554063535829
 31
0.0
  0
LINE
  5
3C7
330
1F
100
AcDbEntity
  8
NoLayerName_002
  6
Continuous
 62
     4
370
    50
100
AcDbLine
 10
137.85
 20
-159.8626823119598
 30
0.0
 11
137.85
 21
-157.554063535829
 31
0.0
  0
LINE
  5
3C8
330
1F
100
AcDbEntity
  8
NoLayerName_002
  6
Continuous
 62
     4
370
    50
100
AcDbLine
 10
139.05
 20
-159.9999999999999
 30
0.0
 11
139.05
 21
-157.554063535829
 31
0.0
  0
LINE
  5
3C9
330
1F
100
AcDbEntity
  8
NoLayerName_002
  6
Continuous
 62
     4
370
    50
100
AcDbLine
 10
139.2
 20
-159.9999999999999
 30
0.0
 11
139.2
 21
-157.554063535829
 31
0.0
  0
LINE
  5
3CA
330
1F
100
AcDbEntity
  8
NoLayerName_002
  6
Continuous
 62
     4
370
    50
100
AcDbLine
 10
139.35
 20
-159.9999999999999
 30
0.0
 11
139.35
 21
-157.554063535829
 31
0.0
  0
LINE
  5
3CB
330
1F
100
AcDbEntity
  8
NoLayerName_002
  6
Continuous
 62
     4
370
    50
100
AcDbLine
 10
138.9
 20
-159.8920076865008
 30
0.0
 11
138.9
 21
-159.3640586041372
 31
0.0
  0
LINE
  5
3CC
330
1F
100
AcDbEntity
  8
NoLayerName_002
  6
Continuous
 62
     4
370
    50
100
AcDbLine
 10
141.15
 20
-159.9999999999999
 30
0.0
 11
141.15
 21
-156.52
 31
0.0
  0
LINE
  5
3CD
330
1F
100
AcDbEntity
  8
NoLayerName_002
  6
Continuous
 62
     4
370
    50
100
AcDbLine
 10
141.3
 20
-159.9999999999999
 30
0.0
 11
141.3
 21
-156.52
 31
0.0
  0
LINE
  5
3CE
330
1F
100
AcDbEntity
  8
NoLayerName_002
  6
Continuous
 62
     4
370
    50
100
AcDbLine
 10
141.45
 20
-159.9999999999999
 30
0.0
 11
141.45
 21
-156.52
 31
0.0
  0
LINE
  5
3CF
330
1F
100
AcDbEntity
  8
NoLayerName_002
  6
Continuous
 62
     4
370
    50
100
AcDbLine
 10
141.6
 20
-159.9999999999999
 30
0.0
 11
141.6
 21
-156.52
 31
0.0
  0
LINE
  5
3D0
330
1F
100
AcDbEntity
  8
NoLayerName_002
  6
Continuous
 62
     4
370
    50
100
AcDbLine
 10
144.9
 20
-159.9999999999999
 30
0.0
 11
144.9
 21
-156.52
 31
0.0
  0
LINE
  5
3D1
330
1F
100
AcDbEntity
  8
NoLayerName_002
  6
Continuous
 62
     4
370
    50
100
AcDbLine
 10
145.05
 20
-159.9999999999999
 30
0.0
 11
145.05
 21
-156.52
 31
0.0
  0
LINE
  5
3D2
330
1F
100
AcDbEntity
  8
NoLayerName_002
  6
Continuous
 62
     4
370
    50
100
AcDbLine
 10
145.2
 20
-159.9999999999999
 30
0.0
 11
145.2
 21
-156.52
 31
0.0
  0
LINE
  5
3D3
330
1F
100
AcDbEntity
  8
NoLayerName_002
  6
Continuous
 62
     4
370
    50
100
AcDbLine
 10
145.35
 20
-159.9999999999999
 30
0.0
 11
145.35
 21
-156.52
 31
0.0
  0
LINE
  5
3D4
330
1F
100
AcDbEntity
  8
NoLayerName_002
  6
Continuous
 62
     4
370
    50
100
AcDbLine
 10
144.03
 20
-157.1199999999999
 30
0.0
 11
144.03
 21
-156.52
 31
0.0
  0
LINE
  5
3D5
330
1F
100
AcDbEntity
  8
NoLayerName_002
  6
Continuous
 62
     4
370
    50
100
AcDbLine
 10
144.18
 20
-157.1199999999999
 30
0.0
 11
144.18
 21
-156.52
 31
0.0
  0
LINE
  5
3D6
330
1F
100
AcDbEntity
  8
NoLayerName_002
  6
Continuous
 62
     4
370
    50
100
AcDbLine
 10
144.33
 20
-157.1199999999999
 30
0.0
 11
144.33
 21
-156.52
 31
0.0
  0
LINE
  5
3D7
330
1F
100
AcDbEntity
  8
NoLayerName_002
  6
Continuous
 62
     4
370
    50
100
AcDbLine
 10
144.48
 20
-157.1199999999999
 30
0.0
 11
144.48
 21
-156.52
 31
0.0
  0
LINE
  5
3D8
330
1F
100
AcDbEntity
  8
NoLayerName_002
  6
Continuous
 62
     4
370
    50
100
AcDbLine
 10
144.63
 20
-157.1199999999999
 30
0.0
 11
144.63
 21
-156.52
 31
0.0
  0
LINE
  5
3D9
330
1F
100
AcDbEntity
  8
NoLayerName_002
  6
Continuous
 62
     4
370
    50
100
AcDbLine
 10
144.78
 20
-157.1199999999999
 30
0.0
 11
144.78
 21
-156.52
 31
0.0
  0
LINE
  5
3DA
330
1F
100
AcDbEntity
  8
NoLayerName_002
  6
Continuous
 62
     4
370
    50
100
AcDbLine
 10
145.5
 20
-157.1199999999999
 30
0.0
 11
145.5
 21
-156.52
 31
0.0
  0
LINE
  5
3DB
330
1F
100
AcDbEntity
  8
NoLayerName_002
  6
Continuous
 62
     4
370
    50
100
AcDbLine
 10
145.65
 20
-157.1199999999999
 30
0.0
 11
145.65
 21
-156.52
 31
0.0
  0
LINE
  5
3DC
330
1F
100
AcDbEntity
  8
NoLayerName_002
  6
Continuous
 62
     4
370
    50
100
AcDbLine
 10
145.8
 20
-157.1199999999999
 30
0.0
 11
145.8
 21
-156.52
 31
0.0
  0
LINE
  5
3DD
330
1F
100
AcDbEntity
  8
NoLayerName_002
  6
Continuous
 62
     4
370
    50
100
AcDbLine
 10
145.95
 20
-157.1199999999999
 30
0.0
 11
145.95
 21
-156.52
 31
0.0
  0
LINE
  5
3DE
330
1F
100
AcDbEntity
  8
NoLayerName_002
  6
Continuous
 62
     4
370
    50
100
AcDbLine
 10
146.1
 20
-157.1199999999999
 30
0.0
 11
146.1
 21
-156.52
 31
0.0
  0
LINE
  5
3DF
330
1F
100
AcDbEntity
  8
NoLayerName_002
  6
Continuous
 62
     4
370
    50
100
AcDbLine
 10
146.25
 20
-157.1199999999999
 30
0.0
 11
146.25
 21
-156.52
 31
0.0
  0
LINE
  5
3E0
330
1F
100
AcDbEntity
  8
NoLayerName_002
  6
Continuous
 62
     4
370
    50
100
AcDbLine
 10
150.75
 20
-159.9999999999999
 30
0.0
 11
150.75
 21
-156.52
 31
0.0
  0
LINE
  5
3E1
330
1F
100
AcDbEntity
  8
NoLayerName_002
  6
Continuous
 62
     4
370
    50
100
AcDbLine
 10
150.9
 20
-159.9999999999999
 30
0.0
 11
150.9
 21
-156.52
 31
0.0
  0
LINE
  5
3E2
330
1F
100
AcDbEntity
  8
NoLayerName_002
  6
Continuous
 62
     4
370
    50
100
AcDbLine
 10
151.05
 20
-159.9999999999999
 30
0.0
 11
151.05
 21
-156.52
 31
0.0
  0
LINE
  5
3E3
330
1F
100
AcDbEntity
  8
NoLayerName_002
  6
Continuous
 62
     4
370
    50
100
AcDbLine
 10
151.2
 20
-159.9999999999999
 30
0.0
 11
151.2
 21
-156.52
 31
0.0
  0
LINE
  5
3E4
330
1F
100
AcDbEntity
  8
NoLayerName_002
  6
Continuous
 62
     4
370
    50
100
AcDbLine
 10
151.35
 20
-159.9999999999999
 30
0.0
 11
151.35
 21
-159.3999999999999
 31
0.0
  0
LINE
  5
3E5
330
1F
100
AcDbEntity
  8
NoLayerName_002
  6
Continuous
 62
     4
370
    50
100
AcDbLine
 10
151.5
 20
-159.9999999999999
 30
0.0
 11
151.5
 21
-159.3999999999999
 31
0.0
  0
LINE
  5
3E6
330
1F
100
AcDbEntity
  8
NoLayerName_002
  6
Continuous
 62
     4
370
    50
100
AcDbLine
 10
151.65
 20
-159.9999999999999
 30
0.0
 11
151.65
 21
-159.3999999999999
 31
0.0
  0
LINE
  5
3E7
330
1F
100
AcDbEntity
  8
NoLayerName_002
  6
Continuous
 62
     4
370
    50
100
AcDbLine
 10
151.8
 20
-159.9999999999999
 30
0.0
 11
151.8
 21
-159.3999999999999
 31
0.0
  0
LINE
  5
3E8
330
1F
100
AcDbEntity
  8
NoLayerName_002
  6
Continuous
 62
     4
370
    50
100
AcDbLine
 10
151.95
 20
-159.9999999999999
 30
0.0
 11
151.95
 21
-159.3999999999999
 31
0.0
  0
LINE
  5
3E9
330
1F
100
AcDbEntity
  8
NoLayerName_002
  6
Continuous
 62
     4
370
    50
100
AcDbLine
 10
152.1
 20
-159.9999999999999
 30
0.0
 11
152.1
 21
-159.3999999999999
 31
0.0
  0
LINE
  5
3EA
330
1F
100
AcDbEntity
  8
NoLayerName_002
  6
Continuous
 62
     4
370
    50
100
AcDbLine
 10
152.25
 20
-160.0
 30
0.0
 11
152.25
 21
-159.3999999999999
 31
0.0
  0
LINE
  5
3EB
330
1F
100
AcDbEntity
  8
NoLayerName_002
  6
Continuous
 62
     4
370
    50
100
AcDbLine
 10
152.55
 20
-157.974063535829
 30
0.0
 11
152.55
 21
-157.554063535829
 31
0.0
  0
LINE
  5
3EC
330
1F
100
AcDbEntity
  8
NoLayerName_002
  6
Continuous
 62
     4
370
    50
100
AcDbLine
 10
153.6
 20
-157.974063535829
 30
0.0
 11
153.6
 21
-157.554063535829
 31
0.0
  0
LINE
  5
3ED
330
1F
100
AcDbEntity
  8
NoLayerName_002
  6
Continuous
 62
     4
370
    50
100
AcDbLine
 10
153.45
 20
-157.974063535829
 30
0.0
 11
153.45
 21
-157.554063535829
 31
0.0
  0
LINE
  5
3EE
330
1F
100
AcDbEntity
  8
NoLayerName_002
  6
Continuous
 62
     4
370
    50
100
AcDbLine
 10
152.85
 20
-159.8266769025954
 30
0.0
 11
152.85
 21
-157.089111466838
 31
0.0
  0
LINE
  5
3EF
330
1F
100
AcDbEntity
  8
NoLayerName_002
  6
Continuous
 62
     4
370
    50
100
AcDbLine
 10
153.0
 20
-159.9347087733697
 30
0.0
 11
153.0
 21
-157.0120630673366
 31
0.0
  0
LINE
  5
3F0
330
1F
100
AcDbEntity
  8
NoLayerName_002
  6
Continuous
 62
     4
370
    50
100
AcDbLine
 10
153.15
 20
-159.98380602345
 30
0.0
 11
153.15
 21
-156.9350146678352
 31
0.0
  0
LINE
  5
3F1
330
1F
100
AcDbEntity
  8
NoLayerName_002
  6
Continuous
 62
     4
370
    50
100
AcDbLine
 10
152.7
 20
-157.974063535829
 30
0.0
 11
152.7
 21
-157.554063535829
 31
0.0
  0
LINE
  5
3F2
330
1F
100
AcDbEntity
  8
NoLayerName_002
  6
Continuous
 62
     4
370
    50
100
AcDbLine
 10
153.3
 20
-157.974063535829
 30
0.0
 11
153.3
 21
-157.554063535829
 31
0.0
  0
LINE
  5
3F3
330
1F
100
AcDbEntity
  8
NoLayerName_002
  6
Continuous
 62
     4
370
    50
100
AcDbLine
 10
153.3
 20
-159.9999999999999
 30
0.0
 11
153.3
 21
-159.4144483425112
 31
0.0
  0
LINE
  5
3F4
330
1F
100
AcDbEntity
  8
NoLayerName_002
  6
Continuous
 62
     4
370
    50
100
AcDbLine
 10
153.45
 20
-159.9999999999999
 30
0.0
 11
153.45
 21
-159.5923439226382
 31
0.0
  0
LINE
  5
3F5
330
1F
100
AcDbEntity
  8
NoLayerName_002
  6
Continuous
 62
     4
370
    50
100
AcDbLine
 10
153.6
 20
-159.9863344032209
 30
0.0
 11
153.6
 21
-159.5923439226382
 31
0.0
  0
LINE
  5
3F6
330
1F
100
AcDbEntity
  8
NoLayerName_002
  6
Continuous
 62
     4
370
    50
100
AcDbLine
 10
156.36
 20
-160.0
 30
0.0
 11
156.36
 21
-159.3999999999999
 31
0.0
  0
LINE
  5
3F7
330
1F
100
AcDbEntity
  8
NoLayerName_002
  6
Continuous
 62
     4
370
    50
100
AcDbLine
 10
156.51
 20
-160.0
 30
0.0
 11
156.51
 21
-159.3999999999999
 31
0.0
  0
LINE
  5
3F8
330
1F
100
AcDbEntity
  8
NoLayerName_002
  6
Continuous
 62
     4
370
    50
100
AcDbLine
 10
156.66
 20
-160.0
 30
0.0
 11
156.66
 21
-159.3999999999999
 31
0.0
  0
LINE
  5
3F9
330
1F
100
AcDbEntity
  8
NoLayerName_002
  6
Continuous
 62
     4
370
    50
100
AcDbLine
 10
131.85
 20
-158.274063535829
 30
0.0
 11
131.85
 21
-157.8527825194944
 31
0.0
  0
LINE
  5
3FA
330
1F
100
AcDbEntity
  8
NoLayerName_002
  6
Continuous
 62
     4
370
    50
100
AcDbLine
 10
132.0
 20
-158.274063535829
 30
0.0
 11
132.0
 21
-157.7250106279945
 31
0.0
  0
LINE
  5
3FB
330
1F
100
AcDbEntity
  8
NoLayerName_002
  6
Continuous
 62
     4
370
    50
100
AcDbLine
 10
132.15
 20
-158.274063535829
 30
0.0
 11
132.15
 21
-157.6538259549473
 31
0.0
  0
LINE
  5
3FC
330
1F
100
AcDbEntity
  8
NoLayerName_002
  6
Continuous
 62
     4
370
    50
100
AcDbLine
 10
132.3
 20
-158.274063535829
 30
0.0
 11
132.3
 21
-157.6189055741616
 31
0.0
  0
LINE
  5
3FD
330
1F
100
AcDbEntity
  8
NoLayerName_002
  6
Continuous
 62
     4
370
    50
100
AcDbLine
 10
132.45
 20
-157.9689476675364
 30
0.0
 11
132.45
 21
-157.6010750097476
 31
0.0
  0
LINE
  5
3FE
330
1F
100
AcDbEntity
  8
NoLayerName_002
  6
Continuous
 62
     4
370
    50
100
AcDbLine
 10
132.5999999999998
 20
-157.96
 30
0.0
 11
132.5999999999998
 21
-157.6
 31
0.0
  0
LINE
  5
3FF
330
1F
100
AcDbEntity
  8
NoLayerName_002
  6
Continuous
 62
     4
370
    50
100
AcDbLine
 10
132.75
 20
-157.97612430774
 30
0.0
 11
132.75
 21
-157.6077787904853
 31
0.0
  0
LINE
  5
400
330
1F
100
AcDbEntity
  8
NoLayerName_002
  6
Continuous
 62
     4
370
    50
100
AcDbLine
 10
132.15
 20
-158.5086173710161
 30
0.0
 11
132.15
 21
-159.9805866044244
 31
0.0
  0
LINE
  5
401
330
1F
100
AcDbEntity
  8
NoLayerName_002
  6
Continuous
 62
     4
370
    50
100
AcDbLine
 10
132.0
 20
-158.5789507924185
 30
0.0
 11
132.0
 21
-159.9221957581824
 31
0.0
  0
LINE
  5
402
330
1F
100
AcDbEntity
  8
NoLayerName_002
  6
Continuous
 62
     4
370
    50
100
AcDbLine
 10
131.85
 20
-158.7127990813511
 30
0.0
 11
131.85
 21
-159.7928845478631
 31
0.0
  0
LINE
  5
403
330
1F
100
AcDbEntity
  8
NoLayerName_002
  6
Continuous
 62
     4
370
    50
100
AcDbLine
 10
132.45
 20
-158.8675238589549
 30
0.0
 11
132.45
 21
-158.4419501533753
 31
0.0
  0
LINE
  5
404
330
1F
100
AcDbEntity
  8
NoLayerName_002
  6
Continuous
 62
     4
370
    50
100
AcDbLine
 10
132.5999999999998
 20
-158.8260352761408
 30
0.0
 11
132.5999999999998
 21
-158.437318370113
 31
0.0
  0
LINE
  5
405
330
1F
100
AcDbEntity
  8
NoLayerName_002
  6
Continuous
 62
     4
370
    50
100
AcDbLine
 10
132.75
 20
-158.8177973756507
 30
0.0
 11
132.75
 21
-158.437318370113
 31
0.0
  0
LINE
  5
406
330
1F
100
AcDbEntity
  8
NoLayerName_002
  6
Continuous
 62
     4
370
    50
100
AcDbLine
 10
132.45
 20
-159.566787391899
 30
0.0
 11
132.45
 21
-159.9878198165594
 31
0.0
  0
LINE
  5
407
330
1F
100
AcDbEntity
  8
NoLayerName_002
  6
Continuous
 62
     4
370
    50
100
AcDbLine
 10
132.5999999999998
 20
-159.5799999999999
 30
0.0
 11
132.5999999999998
 21
-159.9382477440331
 31
0.0
  0
LINE
  5
408
330
1F
100
AcDbEntity
  8
NoLayerName_002
  6
Continuous
 62
     4
370
    50
100
AcDbLine
 10
132.75
 20
-159.5158569494048
 30
0.0
 11
132.75
 21
-159.8446884845744
 31
0.0
  0
LINE
  5
409
330
1F
100
AcDbEntity
  8
NoLayerName_002
  6
Continuous
 62
     4
370
    50
100
AcDbLine
 10
134.7
 20
-159.9999999999999
 30
0.0
 11
134.7
 21
-159.4314049465462
 31
0.0
  0
LINE
  5
40A
330
1F
100
AcDbEntity
  8
NoLayerName_002
  6
Continuous
 62
     4
370
    50
100
AcDbLine
 10
134.8857767391449
 20
-159.9999999999999
 30
0.0
 11
134.6363785713476
 21
-159.9999999999999
 31
0.0
  0
LINE
  5
40B
330
1F
100
AcDbEntity
  8
NoLayerName_002
  6
Continuous
 62
     4
370
    50
100
AcDbLine
 10
134.85
 20
-159.9999999999999
 30
0.0
 11
134.85
 21
-159.5905852720095
 31
0.0
  0
LINE
  5
40C
330
1F
100
AcDbEntity
  8
NoLayerName_002
  6
Continuous
 62
     4
370
    50
100
AcDbLine
 10
138.3
 20
-159.9999999999999
 30
0.0
 11
138.3
 21
-157.554063535829
 31
0.0
  0
LINE
  5
40D
330
1F
100
AcDbEntity
  8
NoLayerName_002
  6
Continuous
 62
     4
370
    50
100
AcDbLine
 10
138.3801639447358
 20
-159.9999999999999
 30
0.0
 11
138.1938248181591
 21
-159.9999999999999
 31
0.0
  0
SPLINE
  5
40E
330
1F
100
AcDbEntity
  8
NoLayerName_002
  6
Continuous
 62
     4
370
    50
100
AcDbSpline
210
0.0
220
0.0
230
1.0
 70
  1064
 71
     3
 72
    14
 73
    10
 74
     8
 42
0.0000000001
 43
0.0000000001
 44
0.0
 12
0.9899494936611669
 22
0.1414213562373068
 32
0.0
 13
0.4814043994095772
 23
0.8764986048072776
 33
0.0
 40
0.0
 40
0.0
 40
0.0
 40
0.0
 40
0.0903203313642646
 40
0.1833108039580501
 40
0.343358838901733
 40
0.4698073028117022
 40
0.5442873560828354
 40
0.5708206070730659
 40
0.6954559450001302
 40
0.6954559450001302
 40
0.6954559450001302
 40
0.6954559450001302
 10
138.3801639447358
 20
-159.9999999999999
 30
0.0
 10
138.409968133503
 20
-159.9957422587474
 30
0.0
 10
138.4709548256252
 20
-159.9899151002068
 30
0.0
 10
138.5814084126098
 20
-159.9576035600619
 30
0.0
 10
138.6940684014909
 20
-159.8970883676136
 30
0.0
 10
138.7828683045359
 20
-159.8125174329114
 30
0.0
 10
138.8195427002971
 20
-159.7457533194989
 30
0.0
 10
138.855733521377
 20
-159.6798592664764
 30
0.0
 10
138.88
 20
-159.6356774770867
 30
0.0
 10
138.9
 20
-159.5992632438191
 30
0.0
 11
138.3801639447358
 21
-159.9999999999999
 31
0.0
 11
138.4695765110372
 21
-159.9872267762425
 31
0.0
 11
138.5589890773386
 21
-159.9616803287279
 31
0.0
 11
138.6994945386693
 21
-159.8850409861838
 31
0.0
 11
138.7889071049706
 21
-159.7956284198825
 31
0.0
 11
138.8272267762426
 21
-159.7317623010958
 31
0.0
 11
138.84
 21
-159.7085059436218
 31
0.0
 11
138.9
 21
-159.5992632438191
 31
0.0
  0
LINE
  5
40F
330
1F
100
AcDbEntity
  8
NoLayerName_002
  6
Continuous
 62
     4
370
    50
100
AcDbLine
 10
138.75
 20
-159.8414552112242
 30
0.0
 11
138.75
 21
-159.5700098453223
 31
0.0
  0
LINE
  5
410
330
1F
100
AcDbEntity
  8
NoLayerName_002
  6
Continuous
 62
     4
370
    50
100
AcDbLine
 10
138.6
 20
-159.9444854561745
 30
0.0
 11
138.6
 21
-159.5799999999999
 31
0.0
  0
LINE
  5
411
330
1F
100
AcDbEntity
  8
NoLayerName_002
  6
Continuous
 62
     4
370
    50
100
AcDbLine
 10
135.6
 20
-158.191005110505
 30
0.0
 11
135.6
 21
-158.2453592541533
 31
0.0
  0
LINE
  5
412
330
1F
100
AcDbEntity
  8
NoLayerName_002
  6
Continuous
 62
     4
370
    50
100
AcDbLine
 10
136.4999999999996
 20
-159.5143541436456
 30
0.0
 11
136.4999999999996
 21
-159.4599999999974
 31
0.0
  0
LINE
  5
413
330
1F
100
AcDbEntity
  8
NoLayerName_002
  6
Continuous
 62
     4
370
    50
100
AcDbLine
 10
135.9
 20
-159.3984542033091
 30
0.0
 11
135.9
 21
-159.28
 31
0.0
  0
SPLINE
  5
414
330
1F
100
AcDbEntity
  8
NoLayerName_002
  6
Continuous
 62
     4
370
    50
100
AcDbSpline
210
0.0
220
0.0
230
1.0
 70
  1064
 71
     3
 72
    12
 73
     8
 74
     6
 42
0.0000000001
 43
0.0000000001
 44
0.0
 12
-0.9701425001453431
 22
0.2425356250362882
 32
0.0
 13
-0.2425356250366165
 23
0.970142500145261
 33
0.0
 40
0.0
 40
0.0
 40
0.0
 40
0.0
 40
0.0560269688629362
 40
0.1050211318523503
 40
0.1434553154116148
 40
0.2042250954397358
 40
0.2602520643026657
 40
0.2602520643026657
 40
0.2602520643026657
 40
0.2602520643026657
 10
136.0630624309448
 20
-159.64
 30
0.0
 10
136.044944383062
 20
-159.6354704880293
 30
0.0
 10
136.0089844142101
 20
-159.6318537712274
 30
0.0
 10
135.9700967029754
 20
-159.601955346019
 30
0.0
 10
135.9337479118547
 20
-159.5682612110345
 30
0.0
 10
135.9117223553028
 20
-159.5196025169582
 30
0.0
 10
135.9045295119707
 20
-159.481467081026
 30
0.0
 10
135.9
 20
-159.4633490331432
 30
0.0
 11
136.0630624309448
 21
-159.64
 31
0.0
 11
136.0087082872965
 21
-159.626411464088
 31
0.0
 11
135.9679426795603
 21
-159.5992343922638
 31
0.0
 11
135.9407656077362
 21
-159.5720573204397
 31
0.0
 11
135.9135885359121
 21
-159.5177031767915
 31
0.0
 11
135.9
 21
-159.4633490331432
 31
0.0
  0
LINE
  5
415
330
1F
100
AcDbEntity
  8
NoLayerName_002
  6
Continuous
 62
     4
370
    50
100
AcDbLine
 10
136.5
 20
-159.28
 30
0.0
 11
136.5
 21
-159.4633490331433
 31
0.0
  0
SPLINE
  5
416
330
1F
100
AcDbEntity
  8
NoLayerName_002
  6
Continuous
 62
     4
370
    50
100
AcDbSpline
210
0.0
220
0.0
230
1.0
 70
  1064
 71
     3
 72
    13
 73
     9
 74
     7
 42
0.0000000001
 43
0.0000000001
 44
0.0
 12
-0.1643989873052196
 22
-0.9863939238321666
 32
0.0
 13
-0.9486832980504931
 23
-0.3162277660168999
 33
0.0
 40
0.0
 40
0.0
 40
0.0
 40
0.0
 40
0.0826558370874947
 40
0.1256265606366059
 40
0.1746207236260282
 40
0.2130549071852726
 40
0.2738246872134126
 40
0.3167954107625128
 40
0.3167954107625128
 40
0.3167954107625128
 40
0.3167954107625128
 10
136.5
 20
-159.408994889495
 30
0.0
 10
136.4954704880293
 20
-159.4361719613191
 30
0.0
 10
136.4911952847467
 20
-159.4778423159335
 30
0.0
 10
136.474228706078
 20
-159.5342235356039
 30
0.0
 10
136.4486279039295
 20
-159.5699164885746
 30
0.0
 10
136.4146270396797
 20
-159.6064350235649
 30
0.0
 10
136.3697610315418
 20
-159.6252684729849
 30
0.0
 10
136.3369375690553
 20
-159.6354704880293
 30
0.0
 10
136.3233490331432
 20
-159.64
 30
0.0
 11
136.5
 21
-159.408994889495
 31
0.0
 11
136.486411464088
 21
-159.4905261049674
 31
0.0
 11
136.4728229281759
 21
-159.5312917127036
 31
0.0
 11
136.4456458563517
 21
-159.5720573204397
 31
0.0
 11
136.4184687845276
 21
-159.5992343922639
 31
0.0
 11
136.3641146408794
 21
-159.626411464088
 31
0.0
 11
136.3233490331432
 21
-159.64
 31
0.0
  0
LINE
  5
417
330
1F
100
AcDbEntity
  8
NoLayerName_002
  6
Continuous
 62
     4
370
    50
100
AcDbLine
 10
136.3233490331432
 20
-159.64
 30
0.0
 11
136.0630624309448
 21
-159.64
 31
0.0
  0
LINE
  5
418
330
1F
100
AcDbEntity
  8
NoLayerName_002
  6
Continuous
 62
     4
370
    50
100
AcDbLine
 10
136.5
 20
-159.408994889495
 30
0.0
 11
136.5
 21
-159.3546407458468
 31
0.0
  0
SPLINE
  5
419
330
1F
100
AcDbEntity
  8
NoLayerName_002
  6
Continuous
 62
     4
370
    50
100
AcDbSpline
210
0.0
220
0.0
230
1.0
 70
  1064
 71
     3
 72
    22
 73
    18
 74
    16
 42
0.0000000001
 43
0.0000000001
 44
0.0
 12
-0.242535625036139
 22
0.9701425001453804
 32
0.0
 13
-0.220528659671212
 23
0.9753804951215801
 33
0.0
 40
0.0
 40
0.0
 40
0.0
 40
0.0
 40
0.056026968862923
 40
0.13526106808754
 40
0.2413909262907499
 40
0.3206250255153544
 40
0.442164585571609
 40
0.5759961435041053
 40
0.7401870476433918
 40
0.8802544698006841
 40
1.038722668249917
 40
1.195138462979589
 40
1.310441013657383
 40
1.427334019475821
 40
1.512465952956503
 40
1.598407400054716
 40
1.617492628001371
 40
1.617492628001371
 40
1.617492628001371
 40
1.617492628001371
 10
136.5
 20
-159.3546407458468
 30
0.0
 10
136.4954704880293
 20
-159.336522697964
 30
0.0
 10
136.488230462803
 20
-159.2916005899602
 30
0.0
 10
136.4434684652176
 20
-159.221610218925
 30
0.0
 10
136.3724501774433
 20
-159.167823576553
 30
0.0
 10
136.2844369667165
 20
-159.1157656547468
 30
0.0
 10
136.1842282525202
 20
-159.066435198392
 30
0.0
 10
136.0553426819139
 20
-159.0120802334947
 30
0.0
 10
135.924396100731
 20
-158.9474086776864
 30
0.0
 10
135.778290861012
 20
-158.8954835612502
 30
0.0
 10
135.6519546224247
 20
-158.8103849637907
 30
0.0
 10
135.5288911114436
 20
-158.7358427451965
 30
0.0
 10
135.4371235470521
 20
-158.6428470758926
 30
0.0
 10
135.3765716093108
 20
-158.5559081440431
 30
0.0
 10
135.3286070184759
 20
-158.4723996170801
 30
0.0
 10
135.3088017876353
 20
-158.4116508913007
 30
0.0
 10
135.3014029465796
 20
-158.377444456701
 30
0.0
 10
135.3
 20
-158.3712393370063
 30
0.0
 11
136.5
 21
-159.3546407458468
 31
0.0
 11
136.486411464088
 21
-159.3002866021985
 31
0.0
 11
136.4456458563517
 21
-159.2323439226382
 31
0.0
 11
136.3641146408794
 21
-159.1644012430779
 31
0.0
 11
136.2961719613191
 21
-159.1236356353417
 31
0.0
 11
136.1874636740226
 21
-159.0692814916935
 31
0.0
 11
136.0651668508141
 21
-159.0149273480452
 31
0.0
 11
135.9156929557814
 21
-158.9469846684849
 31
0.0
 11
135.7866018646168
 21
-158.8926305248367
 31
0.0
 11
135.6507165054962
 21
-158.8110993093643
 31
0.0
 11
135.5216254143316
 21
-158.7227738259359
 31
0.0
 11
135.4400941988592
 21
-158.6412426104635
 31
0.0
 11
135.3721515192989
 21
-158.5461228590791
 31
0.0
 11
135.3313859115628
 21
-158.4713859115628
 31
0.0
 11
135.3042088397386
 21
-158.3898546960904
 31
0.0
 11
135.3
 21
-158.3712393370063
 31
0.0
  0
LINE
  5
41A
330
1F
100
AcDbEntity
  8
NoLayerName_002
  6
Continuous
 62
     4
370
    50
100
AcDbLine
 10
135.9
 20
-158.9405412858231
 30
0.0
 11
135.9
 21
-157.6356423904982
 31
0.0
  0
LINE
  5
41B
330
1F
100
AcDbEntity
  8
NoLayerName_002
  6
Continuous
 62
     4
370
    50
100
AcDbLine
 10
135.45
 20
-158.652868763944
 30
0.0
 11
135.45
 21
-157.8755493220591
 31
0.0
  0
LINE
  5
41C
330
1F
100
AcDbEntity
  8
NoLayerName_002
  6
Continuous
 62
     4
370
    50
100
AcDbLine
 10
135.6
 20
-158.7787690485227
 30
0.0
 11
135.6
 21
-157.7522729044732
 31
0.0
  0
LINE
  5
41D
330
1F
100
AcDbEntity
  8
NoLayerName_002
  6
Continuous
 62
     4
370
    50
100
AcDbLine
 10
135.75
 20
-158.8730670785339
 30
0.0
 11
135.75
 21
-157.6809490464615
 31
0.0
  0
LINE
  5
41E
330
1F
100
AcDbEntity
  8
NoLayerName_002
  6
Continuous
 62
     4
370
    50
100
AcDbLine
 10
136.05
 20
-159.0079916457894
 30
0.0
 11
136.05
 21
-158.4446960234654
 31
0.0
  0
LINE
  5
41F
330
1F
100
AcDbEntity
  8
NoLayerName_002
  6
Continuous
 62
     4
370
    50
100
AcDbLine
 10
136.2
 20
-159.0750742438252
 30
0.0
 11
136.2
 21
-158.5249257561749
 31
0.0
  0
LINE
  5
420
330
1F
100
AcDbEntity
  8
NoLayerName_002
  6
Continuous
 62
     4
370
    50
100
AcDbLine
 10
136.35
 20
-159.1553039765347
 30
0.0
 11
136.35
 21
-158.5920083542107
 31
0.0
  0
LINE
  5
421
330
1F
100
AcDbEntity
  8
NoLayerName_002
  6
Continuous
 62
     4
370
    50
100
AcDbLine
 10
136.05
 20
-159.9954355084566
 30
0.0
 11
136.05
 21
-159.6378168356572
 31
0.0
  0
LINE
  5
422
330
1F
100
AcDbEntity
  8
NoLayerName_002
  6
Continuous
 62
     4
370
    50
100
AcDbLine
 10
136.35
 20
-159.993831261945
 30
0.0
 11
136.35
 21
-159.6313192477633
 31
0.0
  0
LINE
  5
423
330
1F
100
AcDbEntity
  8
NoLayerName_002
  6
Continuous
 62
     4
370
    50
100
AcDbLine
 10
136.05
 20
-157.9686807522368
 30
0.0
 11
136.05
 21
-157.6099068619332
 31
0.0
  0
LINE
  5
424
330
1F
100
AcDbEntity
  8
NoLayerName_002
  6
Continuous
 62
     4
370
    50
100
AcDbLine
 10
136.35
 20
-157.9621831643429
 30
0.0
 11
136.35
 21
-157.5997222339114
 31
0.0
  0
LINE
  5
425
330
1F
100
AcDbEntity
  8
NoLayerName_002
  6
Continuous
 62
     4
370
    50
100
AcDbLine
 10
132.3
 20
-159.0878138744425
 30
0.0
 11
132.3
 21
-158.4673668275078
 31
0.0
  0
LINE
  5
426
330
1F
100
AcDbEntity
  8
NoLayerName_002
  6
Continuous
 62
     4
370
    50
100
AcDbLine
 10
132.3
 20
-159.3537249462749
 30
0.0
 11
132.3
 21
-159.9999999999999
 31
0.0
  0
LINE
  5
427
330
1F
100
AcDbEntity
  8
NoLayerName_002
  6
Continuous
 62
     4
370
    50
100
AcDbLine
 10
132.8922619089697
 20
-158.2725363259774
 30
0.0
 11
132.8922619089697
 21
-157.6265426347448
 31
0.0
  0
LINE
  5
428
330
1F
100
AcDbEntity
  8
NoLayerName_002
  6
Continuous
 62
     4
370
    50
100
AcDbLine
 10
132.8922619089694
 20
-159.1315783149041
 30
0.0
 11
132.8922619089694
 21
-159.6738751381109
 31
0.0
  0
ARC
  5
429
330
1F
100
AcDbEntity
  8
NoLayerName_002
  6
Continuous
 62
     4
370
    50
100
AcDbCircle
 10
132.8322619089697
 20
-158.377318370113
 30
0.0
 40
0.06
100
AcDbArc
 50
270.0
 51
0.0
  0
LINE
  5
42A
330
1F
100
AcDbEntity
  8
NoLayerName_002
  6
Continuous
 62
     4
370
    50
100
AcDbLine
 10
132.8922619089697
 20
-158.8177973756507
 30
0.0
 11
132.8922619089697
 21
-158.377318370113
 31
0.0
  0
LINE
  5
42B
330
1F
100
AcDbEntity
  8
NoLayerName_002
  6
Continuous
 62
     4
370
    50
100
AcDbLine
 10
127.35
 20
-157.6955665340736
 30
0.0
 11
127.35
 21
-159.7901666776424
 31
0.0
  0
LINE
  5
42C
330
1F
100
AcDbEntity
  8
NoLayerName_002
  6
Continuous
 62
     4
370
    50
100
AcDbLine
 10
127.5
 20
-157.893052805544
 30
0.0
 11
127.5
 21
-159.5821653746782
 31
0.0
  0
LINE
  5
42D
330
1F
100
AcDbEntity
  8
NoLayerName_002
  6
Continuous
 62
     4
370
    50
100
AcDbLine
 10
127.2
 20
-157.5837835822411
 30
0.0
 11
127.2
 21
-159.8986311702706
 31
0.0
  0
LINE
  5
42E
330
1F
100
AcDbEntity
  8
NoLayerName_002
  6
Continuous
 62
     4
370
    50
100
AcDbLine
 10
129.9
 20
-158.2469898784627
 30
0.0
 11
129.9
 21
-157.9012261645323
 31
0.0
  0
LINE
  5
42F
330
1F
100
AcDbEntity
  8
NoLayerName_002
  6
Continuous
 62
     4
370
    50
100
AcDbLine
 10
128.7
 20
-158.2469898784628
 30
0.0
 11
128.7
 21
-157.9589756849564
 31
0.0
  0
LINE
  5
430
330
1F
100
AcDbEntity
  8
NoLayerName_002
  6
Continuous
 62
     4
370
    50
100
AcDbLine
 10
141.72
 20
-157.399644035351
 30
0.0
 11
141.72
 21
-156.52
 31
0.0
  0
LINE
  5
431
330
1F
100
AcDbEntity
  8
NoLayerName_002
  6
Continuous
 62
     4
370
    50
100
AcDbLine
 10
142.92
 20
-160.0000000000001
 30
0.0
 11
142.92
 21
-158.9287366166044
 31
0.0
  0
LINE
  5
432
330
1F
100
AcDbEntity
  8
NoLayerName_002
  6
Continuous
 62
     4
370
    50
100
AcDbLine
 10
141.87
 20
-157.8059496548274
 30
0.0
 11
141.87
 21
-156.52
 31
0.0
  0
LINE
  5
433
330
1F
100
AcDbEntity
  8
NoLayerName_002
  6
Continuous
 62
     4
370
    50
100
AcDbLine
 10
142.77
 20
-160.0000000000001
 30
0.0
 11
142.77
 21
-158.55237152026
 31
0.0
  0
LINE
  5
434
330
1F
100
AcDbEntity
  8
NoLayerName_002
  6
Continuous
 62
     4
370
    50
100
AcDbLine
 10
142.62
 20
-159.8374777522094
 30
0.0
 11
142.62
 21
-158.1760064239155
 31
0.0
  0
LINE
  5
435
330
1F
100
AcDbEntity
  8
NoLayerName_002
  6
Continuous
 62
     4
370
    50
100
AcDbLine
 10
142.47
 20
-159.431172132733
 30
0.0
 11
142.47
 21
-157.7996413275711
 31
0.0
  0
LINE
  5
436
330
1F
100
AcDbEntity
  8
NoLayerName_002
  6
Continuous
 62
     4
370
    50
100
AcDbLine
 10
142.32
 20
-159.0248665132566
 30
0.0
 11
142.32
 21
-157.4232762312267
 31
0.0
  0
LINE
  5
437
330
1F
100
AcDbEntity
  8
NoLayerName_002
  6
Continuous
 62
     4
370
    50
100
AcDbLine
 10
142.17
 20
-158.6185608937802
 30
0.0
 11
142.17
 21
-157.0469111348823
 31
0.0
  0
LINE
  5
438
330
1F
100
AcDbEntity
  8
NoLayerName_002
  6
Continuous
 62
     4
370
    50
100
AcDbLine
 10
142.02
 20
-158.2122552743038
 30
0.0
 11
142.02
 21
-156.6705460385379
 31
0.0
  0
LINE
  5
439
330
1F
100
AcDbEntity
  8
NoLayerName_002
  6
Continuous
 62
     4
370
    50
100
AcDbLine
 10
143.07
 20
-160.0000000000001
 30
0.0
 11
143.07
 21
-156.52
 31
0.0
  0
LINE
  5
43A
330
1F
100
AcDbEntity
  8
NoLayerName_002
  6
Continuous
 62
     4
370
    50
100
AcDbLine
 10
143.22
 20
-160.0000000000001
 30
0.0
 11
143.22
 21
-156.52
 31
0.0
  0
LINE
  5
43B
330
1F
100
AcDbEntity
  8
NoLayerName_002
  6
Continuous
 62
     4
370
    50
100
AcDbLine
 10
143.37
 20
-160.0000000000001
 30
0.0
 11
143.37
 21
-156.52
 31
0.0
  0
LINE
  5
43C
330
1F
100
AcDbEntity
  8
NoLayerName_002
  6
Continuous
 62
     4
370
    50
100
AcDbLine
 10
143.52
 20
-160.0000000000001
 30
0.0
 11
143.52
 21
-156.52
 31
0.0
  0
LINE
  5
43D
330
1F
100
AcDbEntity
  8
NoLayerName_002
  6
Continuous
 62
     4
370
    50
100
AcDbLine
 10
152.4
 20
-157.554063535829
 30
0.0
 11
152.7
 21
-157.554063535829
 31
0.0
  0
LINE
  5
43E
330
1F
100
AcDbEntity
  8
NoLayerName_002
  6
Continuous
 62
     4
370
    50
100
AcDbLine
 10
152.7
 20
-157.974063535829
 30
0.0
 11
152.4
 21
-157.974063535829
 31
0.0
  0
LINE
  5
43F
330
1F
100
AcDbEntity
  8
NoLayerName_002
  6
Continuous
 62
     4
370
    50
100
AcDbLine
 10
148.7337021656755
 20
-159.5395204226909
 30
0.0
 11
148.7337021656755
 21
-158.7999999999999
 31
0.0
  0
LINE
  5
440
330
1F
100
AcDbEntity
  8
NoLayerName_002
  6
Continuous
 62
     4
370
    50
100
AcDbLine
 10
148.5837021656756
 20
-159.7540768743453
 30
0.0
 11
148.5837021656756
 21
-158.7999999999999
 31
0.0
  0
LINE
  5
441
330
1F
100
AcDbEntity
  8
NoLayerName_002
  6
Continuous
 62
     4
370
    50
100
AcDbLine
 10
148.4337021656755
 20
-159.8723265429409
 30
0.0
 11
148.4337021656755
 21
-158.7999999999999
 31
0.0
  0
LINE
  5
442
330
1F
100
AcDbEntity
  8
NoLayerName_002
  6
Continuous
 62
     4
370
    50
100
AcDbLine
 10
148.2837021656755
 20
-159.9447749183092
 30
0.0
 11
148.2837021656755
 21
-158.7999999999999
 31
0.0
  0
LINE
  5
443
330
1F
100
AcDbEntity
  8
NoLayerName_002
  6
Continuous
 62
     4
370
    50
100
AcDbLine
 10
147.3837021656756
 20
-159.9577747960503
 30
0.0
 11
147.3837021656756
 21
-158.7281015245385
 31
0.0
  0
LINE
  5
444
330
1F
100
AcDbEntity
  8
NoLayerName_002
  6
Continuous
 62
     4
370
    50
100
AcDbLine
 10
147.5337021656755
 20
-159.9894736475246
 30
0.0
 11
147.5337021656755
 21
-159.2747512303854
 31
0.0
  0
LINE
  5
445
330
1F
100
AcDbEntity
  8
NoLayerName_002
  6
Continuous
 62
     4
370
    50
100
AcDbLine
 10
147.6837021656756
 20
-159.9999999999999
 30
0.0
 11
147.6837021656756
 21
-159.3818184459754
 31
0.0
  0
LINE
  5
446
330
1F
100
AcDbEntity
  8
NoLayerName_002
  6
Continuous
 62
     4
370
    50
100
AcDbLine
 10
147.8337021656756
 20
-159.9999999999999
 30
0.0
 11
147.8337021656756
 21
-159.3999945216866
 31
0.0
  0
LINE
  5
447
330
1F
100
AcDbEntity
  8
NoLayerName_002
  6
Continuous
 62
     4
370
    50
100
AcDbLine
 10
147.9837021656756
 20
-159.9999999999999
 30
0.0
 11
147.9837021656756
 21
-159.3732296905758
 31
0.0
  0
LINE
  5
448
330
1F
100
AcDbEntity
  8
NoLayerName_002
  6
Continuous
 62
     4
370
    50
100
AcDbLine
 10
146.7837021656755
 20
-159.4500769561475
 30
0.0
 11
146.7837021656755
 21
-157.1091371218879
 31
0.0
  0
LINE
  5
449
330
1F
100
AcDbEntity
  8
NoLayerName_002
  6
Continuous
 62
     4
370
    50
100
AcDbLine
 10
146.9337021656756
 20
-159.6891730776414
 30
0.0
 11
146.9337021656756
 21
-156.8492285410987
 31
0.0
  0
LINE
  5
44A
330
1F
100
AcDbEntity
  8
NoLayerName_002
  6
Continuous
 62
     4
370
    50
100
AcDbLine
 10
147.0837021656756
 20
-159.8200005794754
 30
0.0
 11
147.0837021656756
 21
-156.7096849129876
 31
0.0
  0
LINE
  5
44B
330
1F
100
AcDbEntity
  8
NoLayerName_002
  6
Continuous
 62
     4
370
    50
100
AcDbLine
 10
147.2337021656756
 20
-159.9060499780726
 30
0.0
 11
147.2337021656756
 21
-156.6247274472381
 31
0.0
  0
LINE
  5
44C
330
1F
100
AcDbEntity
  8
NoLayerName_002
  6
Continuous
 62
     4
370
    50
100
AcDbLine
 10
147.3837021656756
 20
-157.7430965933005
 30
0.0
 11
147.3837021656756
 21
-156.5698850304825
 31
0.0
  0
LINE
  5
44D
330
1F
100
AcDbEntity
  8
NoLayerName_002
  6
Continuous
 62
     4
370
    50
100
AcDbLine
 10
147.5337021656755
 20
-157.2340345152527
 30
0.0
 11
147.5337021656755
 21
-156.5367990139248
 31
0.0
  0
LINE
  5
44E
330
1F
100
AcDbEntity
  8
NoLayerName_002
  6
Continuous
 62
     4
370
    50
100
AcDbLine
 10
147.8337021656756
 20
-157.12
 30
0.0
 11
147.8337021656756
 21
-156.52
 31
0.0
  0
LINE
  5
44F
330
1F
100
AcDbEntity
  8
NoLayerName_002
  6
Continuous
 62
     4
370
    50
100
AcDbLine
 10
147.6837021656756
 20
-157.1341289938821
 30
0.0
 11
147.6837021656756
 21
-156.52
 31
0.0
  0
LINE
  5
450
330
1F
100
AcDbEntity
  8
NoLayerName_002
  6
Continuous
 62
     4
370
    50
100
AcDbLine
 10
147.9837021656756
 20
-157.1443608548203
 30
0.0
 11
147.9837021656756
 21
-156.52
 31
0.0
  0
LINE
  5
451
330
1F
100
AcDbEntity
  8
NoLayerName_002
  6
Continuous
 62
     4
370
    50
100
AcDbLine
 10
148.1337021656756
 20
-157.4574419462959
 30
0.0
 11
148.1337021656756
 21
-156.53504634681
 31
0.0
  0
LINE
  5
452
330
1F
100
AcDbEntity
  8
NoLayerName_002
  6
Continuous
 62
     4
370
    50
100
AcDbLine
 10
148.2837021656755
 20
-157.72
 30
0.0
 11
148.2837021656755
 21
-156.5754289196427
 31
0.0
  0
LINE
  5
453
330
1F
100
AcDbEntity
  8
NoLayerName_002
  6
Continuous
 62
     4
370
    50
100
AcDbLine
 10
148.4337021656756
 20
-157.72
 30
0.0
 11
148.4337021656756
 21
-156.6376296011339
 31
0.0
  0
LINE
  5
454
330
1F
100
AcDbEntity
  8
NoLayerName_002
  6
Continuous
 62
     4
370
    50
100
AcDbLine
 10
148.5837021656756
 20
-157.72
 30
0.0
 11
148.5837021656756
 21
-156.7456630326573
 31
0.0
  0
LINE
  5
455
330
1F
100
AcDbEntity
  8
NoLayerName_002
  6
Continuous
 62
     4
370
    50
100
AcDbLine
 10
148.7337021656756
 20
-157.72
 30
0.0
 11
148.7337021656756
 21
-156.9438388327688
 31
0.0
  0
LINE
  5
456
330
1F
100
AcDbEntity
  8
NoLayerName_002
  6
Continuous
 62
     4
370
    50
100
AcDbLine
 10
148.1337021656756
 20
-159.9850735885476
 30
0.0
 11
148.1337021656756
 21
-159.1562588341147
 31
0.0
  0
LINE
  5
457
330
1F
100
AcDbEntity
  8
NoLayerName_002
  6
Continuous
 62
     4
370
    50
100
AcDbLine
 10
154.5599999999999
 20
-159.0304359577018
 30
0.0
 11
154.5599999999999
 21
-159.9999999999999
 31
0.0
  0
LINE
  5
458
330
1F
100
AcDbEntity
  8
NoLayerName_002
  6
Continuous
 62
     4
370
    50
100
AcDbLine
 10
155.0099999999998
 20
-159.6018882561241
 30
0.0
 11
155.0099999999998
 21
-159.8577034238863
 31
0.0
  0
LINE
  5
459
330
1F
100
AcDbEntity
  8
NoLayerName_002
  6
Continuous
 62
     4
370
    50
100
AcDbLine
 10
154.8599999999999
 20
-159.6331095303744
 30
0.0
 11
154.8599999999999
 21
-159.9541874789832
 31
0.0
  0
LINE
  5
45A
330
1F
100
AcDbEntity
  8
NoLayerName_002
  6
Continuous
 62
     4
370
    50
100
AcDbLine
 10
154.7099999999999
 20
-159.5897819618099
 30
0.0
 11
154.7099999999999
 21
-159.9934158005366
 31
0.0
  0
LINE
  5
45B
330
1F
100
AcDbEntity
  8
NoLayerName_002
  6
Continuous
 62
     4
370
    50
100
AcDbLine
 10
154.1099999999999
 20
-159.7295006923706
 30
0.0
 11
154.1099999999999
 21
-157.7696417497637
 31
0.0
  0
LINE
  5
45C
330
1F
100
AcDbEntity
  8
NoLayerName_002
  6
Continuous
 62
     4
370
    50
100
AcDbLine
 10
154.2599999999999
 20
-159.8884551590196
 30
0.0
 11
154.2599999999999
 21
-157.6035141584971
 31
0.0
  0
LINE
  5
45D
330
1F
100
AcDbEntity
  8
NoLayerName_002
  6
Continuous
 62
     4
370
    50
100
AcDbLine
 10
154.4099999999999
 20
-159.9691592966289
 30
0.0
 11
154.4099999999999
 21
-157.5264045810228
 31
0.0
  0
LINE
  5
45E
330
1F
100
AcDbEntity
  8
NoLayerName_002
  6
Continuous
 62
     4
370
    50
100
AcDbLine
 10
154.5599999999999
 20
-158.4780591491074
 30
0.0
 11
154.5599999999999
 21
-157.4997093921808
 31
0.0
  0
LINE
  5
45F
330
1F
100
AcDbEntity
  8
NoLayerName_002
  6
Continuous
 62
     4
370
    50
100
AcDbLine
 10
154.7099999999999
 20
-157.9478007740342
 30
0.0
 11
154.7099999999999
 21
-157.5027672158519
 31
0.0
  0
LINE
  5
460
330
1F
100
AcDbEntity
  8
NoLayerName_002
  6
Continuous
 62
     4
370
    50
100
AcDbLine
 10
154.8599999999999
 20
-157.9209540054547
 30
0.0
 11
154.8599999999999
 21
-157.5349692372501
 31
0.0
  0
LINE
  5
461
330
1F
100
AcDbEntity
  8
NoLayerName_002
  6
Continuous
 62
     4
370
    50
100
AcDbLine
 10
155.0099999999998
 20
-157.9402364786619
 30
0.0
 11
155.0099999999998
 21
-157.6176809665453
 31
0.0
  0
LINE
  5
462
330
1F
100
AcDbEntity
  8
NoLayerName_002
  6
Continuous
 62
     4
370
    50
100
AcDbLine
 10
155.1599999999995
 20
-159.1303337016348
 30
0.0
 11
155.1599999999995
 21
-159.8577034238863
 31
0.0
  0
LINE
  5
463
330
1F
100
AcDbEntity
  8
NoLayerName_002
  6
Continuous
 62
     4
370
    50
100
AcDbLine
 10
155.16
 20
-158.3150215469044
 30
0.0
 11
155.16
 21
-157.6176809665453
 31
0.0
  0
LINE
  5
464
330
1F
100
AcDbEntity
  8
NoLayerName_002
  6
Continuous
 62
     4
370
    50
100
AcDbLine
 10
155.3099999999996
 20
-156.52
 30
0.0
 11
155.3099999999996
 21
-160.0
 31
0.0
  0
LINE
  5
465
330
1F
100
AcDbEntity
  8
NoLayerName_002
  6
Continuous
 62
     4
370
    50
100
AcDbLine
 10
155.4599999999992
 20
-156.52
 30
0.0
 11
155.4599999999992
 21
-160.0
 31
0.0
  0
LINE
  5
466
330
1F
100
AcDbEntity
  8
NoLayerName_002
  6
Continuous
 62
     4
370
    50
100
AcDbLine
 10
155.6099999999988
 20
-156.52
 30
0.0
 11
155.6099999999988
 21
-160.0
 31
0.0
  0
LINE
  5
467
330
1F
100
AcDbEntity
  8
NoLayerName_002
  6
Continuous
 62
     4
370
    50
100
AcDbLine
 10
156.8099999999996
 20
-160.0
 30
0.0
 11
156.8099999999996
 21
-159.3999999999999
 31
0.0
  0
LINE
  5
468
330
1F
100
AcDbEntity
  8
NoLayerName_002
  6
Continuous
 62
     4
370
    25
100
AcDbLine
 10
255.0
 20
101.0
 30
0.0
 11
255.0
 21
30.0
 31
0.0
  0
LWPOLYLINE
  5
469
330
1F
100
AcDbEntity
  8
NoLayerName_002
  6
Continuous
 62
     4
370
    25
100
AcDbPolyline
 90
        3
 70
     0
 43
0.0
 10
265.0
 20
-7.0
 10
255.0
 20
-7.0
 10
255.0
 20
30.0
  0
MTEXT
  5
46A
330
1F
100
AcDbEntity
  8
NoLayerName_002
 62
     4
370
    25
100
AcDbMText
 10
259.2931
 20
28.55178500000002
 30
0.0
 40
4.495800018310547
 41
42.04392328070588
 71
     7
 72
     5
  1
\A1;\W0.611230;\T0.858631;ÇbÇ`Çcê}ñ éËèëÇ´ïœçXïsâ¬
 11
1.192488045480604E-8
 21
-1.0
 31
0.0
 73
     1
 44
0.6
1001
ACAD
1000
ACAD_MTEXT_DEFINED_HEIGHT_BEGIN
1070
    46
1040
4.495800018310547
1000
ACAD_MTEXT_DEFINED_HEIGHT_END
  0
MTEXT
  5
46B
330
1F
100
AcDbEntity
  8
NoLayerName_002
 62
     4
370
    25
100
AcDbMText
 10
255.48685
 20
28.72566499999999
 30
0.0
 40
3.0
 41
42.64826993317117
 71
     7
 72
     5
  1
\A1;\W0.619437;\T0.870167;ÇqÇdÇuÇhÇrÇdÅ@ÇnÇmÇkÇxÅ@ÇnÇmÅ@ÇbÇ`Çc
 11
1.192488045480604E-8
 21
-1.0
 31
0.0
 73
     1
 44
0.6
1001
ACAD
1000
ACAD_MTEXT_DEFINED_HEIGHT_BEGIN
1070
    46
1040
3.0
1000
ACAD_MTEXT_DEFINED_HEIGHT_END
  0
LINE
  5
46C
330
1F
100
AcDbEntity
  8
NoLayerName_002
  6
Continuous
 62
     4
370
    25
100
AcDbLine
 10
-101.0
 20
101.0
 30
0.0
 11
76.9999
 21
101.0
 31
0.0
  0
LINE
  5
46D
330
1F
100
AcDbEntity
  8
NoLayerName_002
  6
Continuous
 62
     4
370
    25
100
AcDbLine
 10
77.0
 20
128.0
 30
0.0
 11
77.0
 21
101.0
 31
0.0
  0
LINE
  5
46E
330
1F
100
AcDbEntity
  8
NoLayerName_002
  6
Continuous
 62
     4
370
    25
100
AcDbLine
 10
-101.0
 20
101.0
 30
0.0
 11
-101.0
 21
128.0
 31
0.0
  0
LINE
  5
46F
330
1F
100
AcDbEntity
  8
NoLayerName_002
  6
Continuous
 62
     4
370
    25
100
AcDbLine
 10
211.0
 20
-118.0
 30
0.0
 11
211.0
 21
-112.0
 31
0.0
  0
LINE
  5
470
330
1F
100
AcDbEntity
  8
NoLayerName_002
  6
Continuous
 62
     4
370
    25
100
AcDbLine
 10
195.0
 20
-118.0
 30
0.0
 11
195.0
 21
-112.0
 31
0.0
  0
MTEXT
  5
471
330
1F
100
AcDbEntity
  8
NoLayerName_002
 62
     4
370
    50
100
AcDbMText
 10
-90.74999999999989
 20
112.3999976350726
 30
0.0
 40
2.068965517241379
 41
131.5358486143682
 71
     7
 72
     5
  1
\fMS PGothic|b0|c128|p50;\A1;\T1.143329;ÉRÉ}ÉcÇmÇsÇbäîéÆâÔé–ÇÕÇ±ÇÃê}ñ Ç®ÇÊÇ—ê}ñ Ç…äJé¶Ç≥ÇÍÇΩãZèpèÓïÒÇ…ä÷Ç∑ÇÈå†óòÇèäóLÇµÅA
 73
     1
 44
0.7796334012982125
1001
ACAD
1000
ACAD_MTEXT_DEFINED_HEIGHT_BEGIN
1070
    46
1040
3.898167006491062
1000
ACAD_MTEXT_DEFINED_HEIGHT_END
  0
MTEXT
  5
472
330
1F
100
AcDbEntity
  8
NoLayerName_002
 62
     4
370
    50
100
AcDbMText
 10
-91.04250707643257
 20
108.6999999999996
 30
0.0
 40
2.068965517241379
 41
119.0277544463572
 71
     7
 72
     5
  1
\fMS PGothic|b0|c128|p50;\A1;\T1.126620;ìñé–ÇÃéñëOÇÃãñâ¬Ç»Ç≠ÅAÇªÇÃëSïîñîÇÕàÍïîÇñ‚ÇÌÇ∏ëÊéOé“Ç…äJé¶ÇµÇƒÇÕÇ»ÇÁÇ»Ç¢ÅB
 73
     1
 44
0.7796334012982125
1001
ACAD
1000
ACAD_MTEXT_DEFINED_HEIGHT_BEGIN
1070
    46
1040
3.898167006491062
1000
ACAD_MTEXT_DEFINED_HEIGHT_END
  0
MTEXT
  5
473
330
1F
100
AcDbEntity
  8
NoLayerName_001
 62
     4
370
    25
100
AcDbMText
 10
-91.04250707643257
 20
104.8801181509286
 30
0.0
 40
2.5
 41
102.265625
 71
     7
 72
     5
  1
\A1;\W0.709677;\T0.750000;Komatsu NTC Ltd. has the property of this drawing and the design shown in it.
 73
     1
 44
0.6
1001
ACAD
1000
ACAD_MTEXT_DEFINED_HEIGHT_BEGIN
1070
    46
1040
2.5
1000
ACAD_MTEXT_DEFINED_HEIGHT_END
  0
MTEXT
  5
474
330
1F
100
AcDbEntity
  8
NoLayerName_001
 62
     4
370
    25
100
AcDbMText
 10
-91.04250707643257
 20
102.4051210945125
 30
0.0
 40
2.5
 41
102.265625
 71
     7
 72
     5
  1
\A1;\W0.711316;\T0.750000;Any part of this drawing and design shall not be disclosed to any third party
 73
     1
 44
0.6
1001
ACAD
1000
ACAD_MTEXT_DEFINED_HEIGHT_BEGIN
1070
    46
1040
2.5
1000
ACAD_MTEXT_DEFINED_HEIGHT_END
  0
MTEXT
  5
475
330
1F
100
AcDbEntity
  8
NoLayerName_001
 62
     4
370
    25
100
AcDbMText
 10
5.207492923567429
 20
102.4051210945125
 30
0.0
 40
2.5
 41
59.765625
 71
     7
 72
     5
  1
\A1;\W0.720000;\T0.750000; without prior permission of Komatsu NTC Ltd.
 73
     1
 44
0.6
1001
ACAD
1000
ACAD_MTEXT_DEFINED_HEIGHT_BEGIN
1070
    46
1040
2.5
1000
ACAD_MTEXT_DEFINED_HEIGHT_END
  0
MTEXT
  5
476
330
1F
100
AcDbEntity
  8
NoLayerName_002
 62
     4
370
    25
100
AcDbMText
 10
197.0
 20
-117.0
 30
0.0
 40
4.0
 41
16.0507470188811
 71
     7
 72
     5
  1
\A1;\W0.786801;\T0.786801;ÇrÇbÇ`Çm
 73
     1
 44
0.6
1001
ACAD
1000
ACAD_MTEXT_DEFINED_HEIGHT_BEGIN
1070
    46
1040
4.0
1000
ACAD_MTEXT_DEFINED_HEIGHT_END
  0
MTEXT
  5
477
330
1F
100
AcDbEntity
  8
NoLayerName_001
 62
     4
370
    25
100
AcDbMText
 10
214.5
 20
-115.0
 30
0.0
 40
3.0
 41
3.1875
 71
     5
 72
     5
  1
\A1;\W0.833333;Å~
 73
     1
 44
0.6
1001
ACAD
1000
ACAD_MTEXT_DEFINED_HEIGHT_BEGIN
1070
    46
1040
3.0
1000
ACAD_MTEXT_DEFINED_HEIGHT_END
  0
MTEXT
  5
478
330
1F
100
AcDbEntity
  8
NoLayerName_003
 62
     3
370
    50
100
AcDbMText
 10
257.0
 20
-157.0
 30
0.0
 40
3.0
 41
237.4377286784897
 71
     9
 72
     5
  1
\A1;\W0.912871;\T0.912871;ÇfÇqÇnÇtÇoÅÅÇiÅFÅèÇmÇsÇbÅèÉRÉ}ÉcÇmÇsÇbêVÉVÉXÉeÉÄÅQÇfÇcÇlÇrÅèÇmÇsÇbêVê}ògÅiÇjÇdÇrèÄãíÅjÅ@ÇcÇvÇfÅÅìùàÍê}ògÇ`ÇRÅ@ÇcÇ`ÇsÇdÅÅÇPÇVÅ^ÇPÇOÅ^ÇQÇO
 73
     1
 44
0.6
1001
ACAD
1000
ACAD_MTEXT_DEFINED_HEIGHT_BEGIN
1070
    46
1040
3.0
1000
ACAD_MTEXT_DEFINED_HEIGHT_END
  0
LINE
  5
479
330
1F
100
AcDbEntity
  8
NoLayerName_001
  6
Continuous
 62
     3
370
    50
100
AcDbLine
 10
132.485908519913
 20
-94.429673118762
 30
0.0
 11
137.10471067343
 21
-86.429673118762
 31
0.0
  0
LINE
  5
47A
330
1F
100
AcDbEntity
  8
NoLayerName_001
  6
Continuous
 62
     3
370
    50
100
AcDbLine
 10
137.10471067343
 20
-86.429673118762
 30
0.0
 11
149.7058406832425
 21
-86.429673118762
 31
0.0
  0
LINE
  5
47B
330
1F
100
AcDbEntity
  8
NoLayerName_001
  6
Continuous
 62
     3
370
    50
100
AcDbLine
 10
130.4651825777494
 20
-90.929673118762
 30
0.0
 11
134.5066344620766
 21
-90.929673118762
 31
0.0
  0
LINE
  5
47C
330
1F
100
AcDbEntity
  8
NoLayerName_001
  6
Continuous
 62
     3
370
    50
100
AcDbLine
 10
132.485908519913
 20
-94.429673118762
 30
0.0
 11
130.4651825777494
 21
-90.929673118762
 31
0.0
  0
MTEXT
  5
47D
330
1F
100
AcDbEntity
  8
NoLayerName_001
 62
     7
370
    25
100
AcDbMText
 10
128.7239962186642
 20
-103.0543920996911
 30
0.0
 40
4.5
 41
39.84238243903206
 71
     7
 72
     5
  1
\A1;\W0.771578;\T0.864030;éwíËäOäeó≈ÇbÇOÅDÇT
 73
     1
 44
0.6
1001
ACAD
1000
ACAD_MTEXT_DEFINED_HEIGHT_BEGIN
1070
    46
1040
4.5
1000
ACAD_MTEXT_DEFINED_HEIGHT_END
  0
MTEXT
  5
47E
330
1F
100
AcDbEntity
  8
NoLayerName_001
 62
     3
370
    25
100
AcDbMText
 10
137.5331473103547
 20
-90.429673118762
 30
0.0
 40
3.0
 41
12.75
 71
     7
 72
     5
  1
\A1;\W0.771565;\T1.080056;ÇqÇÅÇQÇT
 73
     1
 44
0.6
1001
ACAD
1000
ACAD_MTEXT_DEFINED_HEIGHT_BEGIN
1070
    46
1040
3.0
1000
ACAD_MTEXT_DEFINED_HEIGHT_END
  0
MTEXT
  5
47F
330
1F
100
AcDbEntity
  8
NoLayerName_001
 62
     3
370
    25
100
AcDbMText
 10
149.9290363770032
 20
-94.39426616155001
 30
0.0
 40
7.0
 41
5.313164204359055
 71
     7
 72
     5
  1
\A1;\W0.652132;\T0.912871;Åi
 73
     1
 44
0.6
1001
ACAD
1000
ACAD_MTEXT_DEFINED_HEIGHT_BEGIN
1070
    46
1040
7.000000000000001
1000
ACAD_MTEXT_DEFINED_HEIGHT_END
  0
MTEXT
  5
480
330
1F
100
AcDbEntity
  8
NoLayerName_001
 62
     3
370
    25
100
AcDbMText
 10
181.6769071831458
 20
-94.39426616155001
 30
0.0
 40
7.0
 41
5.313164204359055
 71
     7
 72
     5
  1
\A1;\W0.652132;\T0.912871;Åj
 73
     1
 44
0.6
1001
ACAD
1000
ACAD_MTEXT_DEFINED_HEIGHT_BEGIN
1070
    46
1040
7.000000000000001
1000
ACAD_MTEXT_DEFINED_HEIGHT_END
  0
MTEXT
  5
481
330
1F
100
AcDbEntity
  8
NoLayerName_001
 62
   254
370
    50
100
AcDbMText
 10
241.5
 20
-109.0
 30
0.0
 40
4.0
 41
31.16666734218597
 71
     5
 72
     5
  1
\A1;\W0.611111;\T0.750000;ÇeÇsÇkÅ|ÇQÇOÇRÇRÇbÇg
 73
     1
 44
0.6
1001
ACAD
1000
ACAD_MTEXT_DEFINED_HEIGHT_BEGIN
1070
    46
1040
4.0
1000
ACAD_MTEXT_DEFINED_HEIGHT_END
  0
MTEXT
  5
482
330
1F
100
AcDbEntity
  8
NoLayerName_001
 62
   254
370
    50
100
AcDbMText
 10
82.0
 20
-142.0
 30
0.0
 40
3.0
 41
6.983462608190868
 71
     8
 72
     5
  1
\A1;\W0.912871;\T0.912871;âùë†
 73
     1
 44
0.6
1001
ACAD
1000
ACAD_MTEXT_DEFINED_HEIGHT_BEGIN
1070
    46
1040
3.0
1000
ACAD_MTEXT_DEFINED_HEIGHT_END
  0
MTEXT
  5
483
330
1F
100
AcDbEntity
  8
NoLayerName_001
 62
   254
370
    50
100
AcDbMText
 10
92.0
 20
-142.0
 30
0.0
 40
3.0
 41
6.983462608190868
 71
     8
 72
     5
  1
\A1;\W0.912871;\T0.912871;çÇà‰
 73
     1
 44
0.6
1001
ACAD
1000
ACAD_MTEXT_DEFINED_HEIGHT_BEGIN
1070
    46
1040
3.0
1000
ACAD_MTEXT_DEFINED_HEIGHT_END
  0
MTEXT
  5
484
330
1F
100
AcDbEntity
  8
NoLayerName_001
 62
   254
370
    50
100
AcDbMText
 10
102.0
 20
-142.0
 30
0.0
 40
3.0
 41
6.983462608190868
 71
     8
 72
     5
  1
\A1;\W0.912871;\T0.912871;ãg‡V
 73
     1
 44
0.6
1001
ACAD
1000
ACAD_MTEXT_DEFINED_HEIGHT_BEGIN
1070
    46
1040
3.0
1000
ACAD_MTEXT_DEFINED_HEIGHT_END
  0
MTEXT
  5
485
330
1F
100
AcDbEntity
  8
NoLayerName_001
 62
   254
370
    50
100
AcDbMText
 10
112.0
 20
-142.0
 30
0.0
 40
3.0
 41
6.983462608190868
 71
     8
 72
     5
  1
\A1;\W0.912871;\T0.912871;ê_ìc
 73
     1
 44
0.6
1001
ACAD
1000
ACAD_MTEXT_DEFINED_HEIGHT_BEGIN
1070
    46
1040
3.0
1000
ACAD_MTEXT_DEFINED_HEIGHT_END
  0
MTEXT
  5
486
330
1F
100
AcDbEntity
  8
NoLayerName_001
 62
   254
370
    50
100
AcDbMText
 10
122.0
 20
-142.0
 30
0.0
 40
3.0
 41
13.96692521638174
 71
     8
 72
     5
  1
\A1;\W0.912871;\T0.912871;ÅiÇ`ÇoÅj
 73
     1
 44
0.6
1001
ACAD
1000
ACAD_MTEXT_DEFINED_HEIGHT_BEGIN
1070
    46
1040
3.0
1000
ACAD_MTEXT_DEFINED_HEIGHT_END
  0
MTEXT
  5
487
330
1F
100
AcDbEntity
  8
NoLayerName_001
 62
     4
370
    25
100
AcDbMText
 10
246.0824999809265
 20
-142.0507693003008
 30
0.0
 40
4.5
 41
3.012187540531158
 71
     7
 72
     5
  1
\A1;\W0.575109;\T0.807893;Å|
 73
     1
 44
0.6
1001
ACAD
1000
ACAD_MTEXT_DEFINED_HEIGHT_BEGIN
1070
    46
1040
4.5
1000
ACAD_MTEXT_DEFINED_HEIGHT_END
  0
MTEXT
  5
488
330
1F
100
AcDbEntity
  8
NoLayerName_001
 62
     4
370
    50
100
AcDbMText
 10
195.0
 20
-138.1712
 30
0.0
 40
7.0
 41
33.73332988629456
 71
     5
 72
     5
  1
\A1;\W0.755929;\T0.755929;ÇkÇhÇmÇdÇq
 73
     1
 44
0.6
1001
ACAD
1000
ACAD_MTEXT_DEFINED_HEIGHT_BEGIN
1070
    46
1040
7.000000000000001
1000
ACAD_MTEXT_DEFINED_HEIGHT_END
  0
MTEXT
  5
489
330
1F
100
AcDbEntity
  8
NoLayerName_001
 62
     4
370
    25
100
AcDbMText
 10
104.259335
 20
119.5
 30
0.0
 40
3.0
 41
73.31249999999999
 71
     7
 72
     5
  1
\A1;\W0.769800;\T1.082533;ÇoÇqÇdÇoÇ`ÇqÇdÇcÅ@ÇeÇnÇqÅ@ÇeÇsÇkÅ|ÇQÇOÇRÇRÇbÇg
 73
     1
 44
0.6
1001
ACAD
1000
ACAD_MTEXT_DEFINED_HEIGHT_BEGIN
1070
    46
1040
3.0
1000
ACAD_MTEXT_DEFINED_HEIGHT_END
  0
MTEXT
  5
48A
330
1F
100
AcDbEntity
  8
NoLayerName_001
 62
     4
370
    25
100
AcDbMText
 10
104.259335
 20
124.25
 30
0.0
 40
3.0
 41
92.4375
 71
     7
 72
     5
  1
\A1;\W0.769800;\T1.082533;ÇeÇsÇkÅ|ÇQÇOÇRÇRÇbÇgópÇ∆ÇµÇƒçÏêªÅ@Å@Å@Å@Å@Å@Å@Å@å≥ê}ïiî‘ÅG
 73
     1
 44
0.6
1001
ACAD
1000
ACAD_MTEXT_DEFINED_HEIGHT_BEGIN
1070
    46
1040
3.0
1000
ACAD_MTEXT_DEFINED_HEIGHT_END
  0
MTEXT
  5
48B
330
1F
100
AcDbEntity
  8
NoLayerName_001
 62
   254
370
    50
100
AcDbMText
 10
122.0
 20
-138.5
 30
0.0
 40
3.0
 41
6.983462608190868
 71
     8
 72
     5
  1
\A1;\W0.912871;\T0.912871;ä‚ìc
 73
     1
 44
0.6
1001
ACAD
1000
ACAD_MTEXT_DEFINED_HEIGHT_BEGIN
1070
    46
1040
3.0
1000
ACAD_MTEXT_DEFINED_HEIGHT_END
  0
MTEXT
  5
48C
330
1F
100
AcDbEntity
  8
NoLayerName_001
 62
     4
370
    50
100
AcDbMText
 10
174.70515
 20
-153.64567
 30
0.0
 40
7.0
 41
98.22006527794818
 71
     7
 72
     5
  1
\A1;\W0.917087;\T0.825379;ÇXÇmÇjÅ|ÇSÇTÇQÅ|ÇvÇwÇXÇO
 73
     1
 44
0.6
1001
ACAD
1000
ACAD_MTEXT_DEFINED_HEIGHT_BEGIN
1070
    46
1040
7.000000000000001
1000
ACAD_MTEXT_DEFINED_HEIGHT_END
  0
MTEXT
  5
48D
330
1F
100
AcDbEntity
  8
NoLayerName_001
 62
     4
370
    50
100
AcDbMText
 10
256.99914
 20
122.1430550000001
 30
0.0
 40
5.0
 41
69.41666666666666
 71
     7
 72
     5
  1
\A1;\W0.907407;\T0.750000;ÇXÇmÇjÅ|ÇSÇTÇQÅ|ÇvÇwÇXÇO
 11
1.192488045480604E-8
 21
-1.0
 31
0.0
 73
     1
 44
0.6
1001
ACAD
1000
ACAD_MTEXT_DEFINED_HEIGHT_BEGIN
1070
    46
1040
5.0
1000
ACAD_MTEXT_DEFINED_HEIGHT_END
  0
MTEXT
  5
48E
330
1F
100
AcDbEntity
  8
NoLayerName_001
 62
     4
370
    25
100
AcDbMText
 10
112.0
 20
-125.1201749226287
 30
0.0
 40
4.5
 41
19.125
 71
     5
 72
     5
  1
\A1;\W0.769801;\T1.082531;ÇOÅDÇPÇW
 73
     1
 44
0.6
1001
ACAD
1000
ACAD_MTEXT_DEFINED_HEIGHT_BEGIN
1070
    46
1040
4.5
1000
ACAD_MTEXT_DEFINED_HEIGHT_END
  0
MTEXT
  5
48F
330
1F
100
AcDbEntity
  8
NoLayerName_001
 62
     4
370
    25
100
AcDbMText
 10
77.5
 20
-115.0
 30
0.0
 40
3.0
 41
104.751939122863
 71
     4
 72
     5
  1
\A1;\W0.912871;\T0.912871;ÇwÇTÇVÅ|Ç`ÇjÇSÇTÇfÇbÇOÅ|ÇOÇiÅFÇOÇUÇRÇOÅFÇeÇhÇwÇsÇtÇqÇdÅ@Ç`ÅD
 73
     1
 44
0.6
1001
ACAD
1000
ACAD_MTEXT_DEFINED_HEIGHT_BEGIN
1070
    46
1040
3.0
1000
ACAD_MTEXT_DEFINED_HEIGHT_END
  0
MTEXT
  5
490
330
1F
100
AcDbEntity
  8
NoLayerName_001
 62
     4
370
    25
100
AcDbMText
 10
138.020515
 20
-139.7693
 30
0.0
 40
4.5
 41
28.6875
 71
     7
 72
     5
  1
\A1;\W0.555556;\T0.750000;ÅfÇQÇPÅDÇOÇWÅDÇOÇS
 73
     1
 44
0.6
1001
ACAD
1000
ACAD_MTEXT_DEFINED_HEIGHT_BEGIN
1070
    46
1040
4.5
1000
ACAD_MTEXT_DEFINED_HEIGHT_END
  0
INSERT
  5
491
330
1F
100
AcDbEntity
  8
NoLayerName_002
100
AcDbBlockReference
  2
JZB_0001
 10
232.0
 20
-75.0
 30
0.0
  0
INSERT
  5
492
330
1F
100
AcDbEntity
  8
NoLayerName_001
100
AcDbBlockReference
  2
JZB_0002
 10
157.8441696166992
 20
-94.42967224121094
 30
0.0
  0
ENDSEC
  0
SECTION
  2
OBJECTS
  0
DICTIONARY
  5
C
330
0
100
AcDbDictionary
281
     1
  3
ACAD_GROUP
350
D
  3
ACAD_LAYOUT
350
1A
  3
ACAD_MATERIAL
350
43
  3
ACAD_MLEADERSTYLE
350
5B
  3
ACAD_MLINESTYLE
350
17
  3
ACAD_PLOTSETTINGS
350
19
  3
ACAD_PLOTSTYLENAME
350
E
  3
ACAD_SCALELIST
350
47
  3
ACAD_TABLESTYLE
350
59
  3
ACAD_VISUALSTYLE
350
2A
  3
AcDbVariableDictionary
350
493
  3
DWGPROPS
350
49E
  0
DICTIONARY
  5
4A2
330
8
100
AcDbDictionary
280
     1
281
     1
  3
ACAD_XREC_ROUNDTRIP
360
4A3
  0
DICTIONARY
  5
C7
330
C6
100
AcDbDictionary
280
     1
281
     1
  0
DICTIONARY
  5
DD
330
DC
100
AcDbDictionary
280
     1
281
     1
  0
DICTIONARY
  5
ED
330
EC
100
AcDbDictionary
280
     1
281
     1
  0
DICTIONARY
  5
FB
330
FA
100
AcDbDictionary
280
     1
281
     1
  0
DICTIONARY
  5
108
330
107
100
AcDbDictionary
280
     1
281
     1
  0
DICTIONARY
  5
117
330
116
100
AcDbDictionary
280
     1
281
     1
  0
DICTIONARY
  5
13D
330
13C
100
AcDbDictionary
280
     1
281
     1
  0
DICTIONARY
  5
D
102
{ACAD_REACTORS
330
C
102
}
330
C
100
AcDbDictionary
281
     1
  0
DICTIONARY
  5
1A
102
{ACAD_REACTORS
330
C
102
}
330
C
100
AcDbDictionary
281
     1
  3
Layout1
350
1E
  3
Model
350
22
  0
DICTIONARY
  5
43
102
{ACAD_REACTORS
330
C
102
}
330
C
100
AcDbDictionary
281
     1
  3
ByBlock
350
45
  3
ByLayer
350
44
  3
Global
350
46
  0
DICTIONARY
  5
5B
102
{ACAD_REACTORS
330
C
102
}
330
C
100
AcDbDictionary
281
     1
  3
Standard
350
5C
  0
DICTIONARY
  5
17
102
{ACAD_REACTORS
330
C
102
}
330
C
100
AcDbDictionary
281
     1
  3
Standard
350
18
  0
DICTIONARY
  5
19
102
{ACAD_REACTORS
330
C
102
}
330
C
100
AcDbDictionary
281
     1
  0
ACDBDICTIONARYWDFLT
  5
E
102
{ACAD_REACTORS
330
C
102
}
330
C
100
AcDbDictionary
281
     1
  3
Normal
350
F
100
AcDbDictionaryWithDefault
340
F
  0
DICTIONARY
  5
47
102
{ACAD_REACTORS
330
C
102
}
330
C
100
AcDbDictionary
281
     1
  3
A0
350
48
  3
A1
350
49
  3
A2
350
4A
  3
A3
350
4B
  3
A4
350
4C
  3
A5
350
4D
  3
A6
350
4E
  3
A7
350
4F
  3
A8
350
50
  3
A9
350
51
  3
B0
350
52
  3
B1
350
53
  3
B2
350
54
  3
B3
350
55
  3
B4
350
56
  3
B5
350
57
  3
B6
350
58
  0
DICTIONARY
  5
59
102
{ACAD_REACTORS
330
C
102
}
330
C
100
AcDbDictionary
281
     1
  3
Standard
350
5A
  0
DICTIONARY
  5
2A
102
{ACAD_REACTORS
330
C
102
}
330
C
100
AcDbDictionary
281
     1
  3
2dWireframe
350
2F
  3
Basic
350
32
  3
Brighten
350
36
  3
ColorChange
350
3A
  3
Conceptual
350
34
  3
Dim
350
35
  3
EdgeColorOff
350
3D
  3
Facepattern
350
39
  3
Flat
350
2B
  3
FlatWithEdges
350
2C
  3
Gouraud
350
2D
  3
GouraudWithEdges
350
2E
  3
Hidden
350
31
  3
JitterOff
350
3B
  3
Linepattern
350
38
  3
OverhangOff
350
3C
  3
Realistic
350
33
  3
Shaded
350
42
  3
Shaded with edges
350
41
  3
Shades of Gray
350
3E
  3
Sketchy
350
3F
  3
Thicken
350
37
  3
Wireframe
350
30
  3
X-Ray
350
40
  0
DICTIONARY
  5
493
102
{ACAD_REACTORS
330
C
102
}
330
C
100
AcDbDictionary
281
     1
  3
CANNOSCALE
350
4A4
  3
CENTEREXE
350
49A
  3
CENTERLTYPEFILE
350
49B
  3
CMLEADERSTYLE
350
495
  3
CTABLESTYLE
350
494
  3
DIMASSOC
350
49C
  3
HIDETEXT
350
49D
  3
MSLTSCALE
350
4A5
  3
PSOLHEIGHT
350
497
  3
PSOLWIDTH
350
496
  0
XRECORD
  5
49E
102
{ACAD_REACTORS
330
C
102
}
330
C
100
AcDbXrecord
280
     1
  1
DWGPROPS COOKIE
  2

  3

  4

  6
File was created by TR2_DExp
  7

  8
s-iwata
  9

300
=
301
=
302
=
303
=
304
=
305
=
306
=
307
=
308
=
309
=
 40
0.0
 41
2455188.375
 42
2455188.375
  1

 90
        0
  0
XRECORD
  5
4A3
102
{ACAD_REACTORS
330
4A2
102
}
330
4A2
100
AcDbXrecord
280
     1
102
VTR_0.000_0.000_1.000_1.000_VISUALSTYLE
340
2F
102
VTR_0.000_0.000_1.000_1.000_GRIDDISPLAY
 70
     3
102
VTR_0.000_0.000_1.000_1.000_GRIDMAJOR
 70
     5
102
VTR_0.000_0.000_1.000_1.000_DEFAULTLIGHTING
280
     1
102
VTR_0.000_0.000_1.000_1.000_DEFAULTLIGHTINGTYPE
 70
     1
102
VTR_0.000_0.000_1.000_1.000_BRIGHTNESS
141
0.0
102
VTR_0.000_0.000_1.000_1.000_CONTRAST
142
0.0
  0
LAYOUT
  5
1E
102
{ACAD_REACTORS
330
1A
102
}
330
1A
100
AcDbPlotSettings
  1

  2
none_device
  4

  6

 40
0.0
 41
0.0
 42
0.0
 43
0.0
 44
0.0
 45
0.0
 46
0.0
 47
0.0
 48
0.0
 49
0.0
140
0.0
141
0.0
142
1.0
143
1.0
 70
   688
 72
     1
 73
     0
 74
     5
  7

 75
    16
147
1.0
148
0.0
149
0.0
100
AcDbLayout
  1
Layout1
 70
     1
 71
     1
 10
0.0
 20
0.0
 11
420.0
 21
297.0
 12
0.0
 22
0.0
 32
0.0
 14
1.000000000000000E+20
 24
1.000000000000000E+20
 34
1.000000000000000E+20
 15
-1.000000000000000E+20
 25
-1.000000000000000E+20
 35
-1.000000000000000E+20
146
0.0
 13
0.0
 23
0.0
 33
0.0
 16
1.0
 26
0.0
 36
0.0
 17
0.0
 27
1.0
 37
0.0
 76
     0
330
1B
  0
LAYOUT
  5
22
102
{ACAD_REACTORS
330
1A
102
}
330
1A
100
AcDbPlotSettings
  1

  2
none_device
  4
Letter_(8.50_x_11.00_Inches)
  6

 40
6.35
 41
6.35
 42
6.35000508
 43
6.35000508
 44
215.9
 45
279.4
 46
0.0
 47
0.0
 48
0.0
 49
0.0
140
0.0
141
0.0
142
1.0
143
1.0
 70
  1712
 72
     1
 73
     0
 74
     0
  7

 75
     0
147
1.0
148
0.0
149
0.0
100
AcDbLayout
  1
Model
 70
     1
 71
     0
 10
-148.0
 20
-162.0
 11
272.9252152779482
 21
135.0
 12
0.0
 22
0.0
 32
0.0
 14
-148.0
 24
-162.0
 34
0.0
 15
272.9252152779482
 25
135.0
 35
0.0
146
0.0
 13
0.0
 23
0.0
 33
0.0
 16
1.0
 26
0.0
 36
0.0
 17
0.0
 27
1.0
 37
0.0
 76
     0
330
1F
331
29
  0
MATERIAL
  5
45
102
{ACAD_REACTORS
330
43
102
}
102
{ACAD_XDICTIONARY
360
4D8
102
}
330
43
100
AcDbMaterial
  1
ByBlock
  0
MATERIAL
  5
44
102
{ACAD_REACTORS
330
43
102
}
102
{ACAD_XDICTIONARY
360
4D6
102
}
330
43
100
AcDbMaterial
  1
ByLayer
  0
MATERIAL
  5
46
102
{ACAD_REACTORS
330
43
102
}
102
{ACAD_XDICTIONARY
360
4DA
102
}
330
43
100
AcDbMaterial
  1
Global
  0
MLEADERSTYLE
  5
5C
102
{ACAD_REACTORS
330
5B
102
}
102
{ACAD_XDICTIONARY
360
4DD
102
}
330
5B
100
AcDbMLeaderStyle
170
     2
171
     1
172
     0
 90
        2
 40
0.0
 41
0.0
173
     1
 91
-1056964608
340
14
 92
       -2
290
     1
 42
2.0
291
     1
 43
8.0
  3
Standard
341
0
 44
4.0
300

342
11
174
     1
178
     6
175
     1
176
     0
 93
-1056964608
 45
4.0
292
     0
297
     0
 46
4.0
343
0
 94
-1056964608
 47
1.0
 49
1.0
140
1.0
293
     1
141
0.0
294
     1
177
     0
142
1.0
295
     0
296
     0
143
3.75
1001
ACAD_MLEADERVER
1070
     2
  0
MLINESTYLE
  5
18
102
{ACAD_REACTORS
330
17
102
}
330
17
100
AcDbMlineStyle
  2
Standard
 70
     0
  3

 62
   256
 51
90.0
 52
90.0
 71
     2
 49
0.5
 62
   256
  6
BYLAYER
 49
-0.5
 62
   256
  6
BYLAYER
  0
ACDBPLACEHOLDER
  5
F
102
{ACAD_REACTORS
330
E
102
}
330
E
  0
SCALE
  5
48
102
{ACAD_REACTORS
330
47
102
}
330
47
100
AcDbScale
 70
     0
300
1:1
140
1.0
141
1.0
290
     1
  0
SCALE
  5
49
102
{ACAD_REACTORS
330
47
102
}
330
47
100
AcDbScale
 70
     0
300
1:2
140
1.0
141
2.0
290
     0
  0
SCALE
  5
4A
102
{ACAD_REACTORS
330
47
102
}
330
47
100
AcDbScale
 70
     0
300
1:4
140
1.0
141
4.0
290
     0
  0
SCALE
  5
4B
102
{ACAD_REACTORS
330
47
102
}
330
47
100
AcDbScale
 70
     0
300
1:5
140
1.0
141
5.0
290
     0
  0
SCALE
  5
4C
102
{ACAD_REACTORS
330
47
102
}
330
47
100
AcDbScale
 70
     0
300
1:8
140
1.0
141
8.0
290
     0
  0
SCALE
  5
4D
102
{ACAD_REACTORS
330
47
102
}
330
47
100
AcDbScale
 70
     0
300
1:10
140
1.0
141
10.0
290
     0
  0
SCALE
  5
4E
102
{ACAD_REACTORS
330
47
102
}
330
47
100
AcDbScale
 70
     0
300
1:16
140
1.0
141
16.0
290
     0
  0
SCALE
  5
4F
102
{ACAD_REACTORS
330
47
102
}
330
47
100
AcDbScale
 70
     0
300
1:20
140
1.0
141
20.0
290
     0
  0
SCALE
  5
50
102
{ACAD_REACTORS
330
47
102
}
330
47
100
AcDbScale
 70
     0
300
1:30
140
1.0
141
30.0
290
     0
  0
SCALE
  5
51
102
{ACAD_REACTORS
330
47
102
}
330
47
100
AcDbScale
 70
     0
300
1:40
140
1.0
141
40.0
290
     0
  0
SCALE
  5
52
102
{ACAD_REACTORS
330
47
102
}
330
47
100
AcDbScale
 70
     0
300
1:50
140
1.0
141
50.0
290
     0
  0
SCALE
  5
53
102
{ACAD_REACTORS
330
47
102
}
330
47
100
AcDbScale
 70
     0
300
1:100
140
1.0
141
100.0
290
     0
  0
SCALE
  5
54
102
{ACAD_REACTORS
330
47
102
}
330
47
100
AcDbScale
 70
     0
300
2:1
140
2.0
141
1.0
290
     0
  0
SCALE
  5
55
102
{ACAD_REACTORS
330
47
102
}
330
47
100
AcDbScale
 70
     0
300
4:1
140
4.0
141
1.0
290
     0
  0
SCALE
  5
56
102
{ACAD_REACTORS
330
47
102
}
330
47
100
AcDbScale
 70
     0
300
8:1
140
8.0
141
1.0
290
     0
  0
SCALE
  5
57
102
{ACAD_REACTORS
330
47
102
}
330
47
100
AcDbScale
 70
     0
300
10:1
140
10.0
141
1.0
290
     0
  0
SCALE
  5
58
102
{ACAD_REACTORS
330
47
102
}
330
47
100
AcDbScale
 70
     0
300
100:1
140
100.0
141
1.0
290
     0
  0
TABLESTYLE
  5
5A
102
{ACAD_REACTORS
330
59
102
}
330
59
100
AcDbTableStyle
  3
Standard
 70
     0
 71
     0
 40
1.5
 41
1.5
280
     0
281
     0
  7
Standard
140
4.5
170
     2
 62
     0
 63
   257
283
     0
274
    -2
284
     1
 64
     0
275
    -2
285
     1
 65
     0
276
    -2
286
     1
 66
     0
277
    -2
287
     1
 67
     0
278
    -2
288
     1
 68
     0
279
    -2
289
     1
 69
     0
  7
Standard
140
6.0
170
     5
 62
     0
 63
   257
283
     0
274
    -2
284
     1
 64
     0
275
    -2
285
     1
 65
     0
276
    -2
286
     1
 66
     0
277
    -2
287
     1
 67
     0
278
    -2
288
     1
 68
     0
279
    -2
289
     1
 69
     0
  7
Standard
140
4.5
170
     5
 62
     0
 63
   257
283
     0
274
    -2
284
     1
 64
     0
275
    -2
285
     1
 65
     0
276
    -2
286
     1
 66
     0
277
    -2
287
     1
 67
     0
278
    -2
288
     1
 68
     0
279
    -2
289
     1
 69
     0
  0
VISUALSTYLE
  5
2F
102
{ACAD_REACTORS
330
2A
102
}
102
{ACAD_XDICTIONARY
360
4AE
102
}
330
2A
100
AcDbVisualStyle
  2
2dWireframe
 70
     4
 71
     0
 72
     2
 73
     0
 90
        0
 40
0.6
 41
30.0
 62
     5
 63
     7
 74
     1
 91
        4
 64
     7
 65
   257
 75
     1
175
     1
 42
1.0
 92
        0
 66
   257
 43
1.0
 76
     1
 77
     6
 78
     2
 67
     7
 79
     5
170
     0
171
     0
290
     0
174
     0
 93
        1
 44
0.0
173
     0
291
     0
 45
0.0
1001
ACAD
1000
AcDbSavedByObjectVersion
1070
     0
  0
VISUALSTYLE
  5
32
102
{ACAD_REACTORS
330
2A
102
}
102
{ACAD_XDICTIONARY
360
4B4
102
}
330
2A
100
AcDbVisualStyle
  2
Basic
 70
     7
 71
     1
 72
     0
 73
     1
 90
        0
 40
0.6
 41
30.0
 62
     5
 63
     7
 74
     0
 91
        4
 64
     7
 65
   257
 75
     1
175
     1
 42
1.0
 92
        8
 66
     7
 43
1.0
 76
     1
 77
     6
 78
     2
 67
     7
 79
     5
170
     0
171
     0
290
     0
174
     0
 93
        1
 44
0.0
173
     0
291
     1
 45
0.0
1001
ACAD
1000
AcDbSavedByObjectVersion
1070
     0
  0
VISUALSTYLE
  5
36
102
{ACAD_REACTORS
330
2A
102
}
102
{ACAD_XDICTIONARY
360
4BC
102
}
330
2A
100
AcDbVisualStyle
  2
Brighten
 70
    12
 71
     2
 72
     2
 73
     0
 90
        0
 40
0.6
 41
30.0
 62
     5
 63
     7
 74
     1
 91
        4
 64
     7
 65
   257
 75
     1
175
     1
 42
1.0
 92
        8
 66
     7
 43
1.0
 76
     1
 77
     6
 78
     2
 67
     7
 79
     5
170
     0
171
     0
290
     0
174
     0
 93
        1
 44
50.0
173
     0
291
     1
 45
0.0
1001
ACAD
1000
AcDbSavedByObjectVersion
1070
     0
  0
VISUALSTYLE
  5
3A
102
{ACAD_REACTORS
330
2A
102
}
102
{ACAD_XDICTIONARY
360
4C4
102
}
330
2A
100
AcDbVisualStyle
  2
ColorChange
 70
    16
 71
     2
 72
     2
 73
     3
 90
        0
 40
0.6
 41
30.0
 62
     5
 63
     8
 74
     1
 91
        4
 64
     7
 65
   257
 75
     1
175
     1
 42
1.0
 92
        8
 66
     8
 43
1.0
 76
     1
 77
     6
 78
     2
 67
     7
 79
     5
170
     0
171
     0
290
     0
174
     0
 93
        1
 44
0.0
173
     0
291
     1
 45
0.0
1001
ACAD
1000
AcDbSavedByObjectVersion
1070
     0
  0
VISUALSTYLE
  5
34
102
{ACAD_REACTORS
330
2A
102
}
102
{ACAD_XDICTIONARY
360
4B8
102
}
330
2A
100
AcDbVisualStyle
  2
Conceptual
 70
     9
 71
     3
 72
     2
 73
     0
 90
        0
 40
0.6
 41
30.0
 62
     5
 63
     7
 74
     2
 91
        2
 64
     7
 65
   257
 75
     1
175
     1
 42
179.0
 92
        8
 66
     7
 43
1.0
 76
     1
 77
     6
 78
     2
 67
     7
 79
     3
170
     0
171
     0
290
     0
174
     0
 93
        1
 44
0.0
173
     0
291
     0
 45
0.0
1001
ACAD
1000
AcDbSavedByObjectVersion
1070
     0
  0
VISUALSTYLE
  5
35
102
{ACAD_REACTORS
330
2A
102
}
102
{ACAD_XDICTIONARY
360
4BA
102
}
330
2A
100
AcDbVisualStyle
  2
Dim
 70
    11
 71
     2
 72
     2
 73
     0
 90
        0
 40
0.6
 41
30.0
 62
     5
 63
     7
 74
     1
 91
        4
 64
     7
 65
   257
 75
     1
175
     1
 42
1.0
 92
        8
 66
     7
 43
1.0
 76
     1
 77
     6
 78
     2
 67
     7
 79
     5
170
     0
171
     0
290
     0
174
     0
 93
        1
 44
-50.0
173
     0
291
     1
 45
0.0
1001
ACAD
1000
AcDbSavedByObjectVersion
1070
     0
  0
VISUALSTYLE
  5
3D
102
{ACAD_REACTORS
330
2A
102
}
102
{ACAD_XDICTIONARY
360
4CA
102
}
330
2A
100
AcDbVisualStyle
  2
EdgeColorOff
 70
    22
 71
     2
 72
     2
 73
     0
 90
        0
 40
0.6
 41
30.0
 62
     5
 63
     7
 74
     1
 91
        4
 64
     7
 65
   257
 75
     1
175
     1
 42
1.0
 92
        8
 66
     7
 43
1.0
 76
     1
 77
     6
 78
     2
 67
     7
 79
     5
170
     0
171
     0
290
     0
174
     0
 93
        1
 44
0.0
173
     0
291
     1
 45
0.0
1001
ACAD
1000
AcDbSavedByObjectVersion
1070
     0
  0
VISUALSTYLE
  5
39
102
{ACAD_REACTORS
330
2A
102
}
102
{ACAD_XDICTIONARY
360
4C2
102
}
330
2A
100
AcDbVisualStyle
  2
Facepattern
 70
    15
 71
     2
 72
     2
 73
     0
 90
        0
 40
0.6
 41
30.0
 62
     5
 63
     7
 74
     1
 91
        4
 64
     7
 65
   257
 75
     1
175
     1
 42
1.0
 92
        8
 66
     7
 43
1.0
 76
     1
 77
     6
 78
     2
 67
     7
 79
     5
170
     0
171
     0
290
     0
174
     0
 93
        1
 44
0.0
173
     0
291
     1
 45
0.0
1001
ACAD
1000
AcDbSavedByObjectVersion
1070
     0
  0
VISUALSTYLE
  5
2B
102
{ACAD_REACTORS
330
2A
102
}
102
{ACAD_XDICTIONARY
360
4A6
102
}
330
2A
100
AcDbVisualStyle
  2
Flat
 70
     0
 71
     2
 72
     1
 73
     1
 90
        2
 40
0.6
 41
30.0
 62
     5
 63
     7
 74
     0
 91
        0
 64
     7
 65
   257
 75
     1
175
     1
 42
1.0
 92
        8
 66
     7
 43
1.0
 76
     1
 77
     6
 78
     2
 67
     7
 79
     5
170
     0
171
     0
290
     0
174
     0
 93
       13
 44
0.0
173
     0
291
     1
 45
0.0
1001
ACAD
1000
AcDbSavedByObjectVersion
1070
     0
  0
VISUALSTYLE
  5
2C
102
{ACAD_REACTORS
330
2A
102
}
102
{ACAD_XDICTIONARY
360
4A8
102
}
330
2A
100
AcDbVisualStyle
  2
FlatWithEdges
 70
     1
 71
     2
 72
     1
 73
     1
 90
        2
 40
0.6
 41
30.0
 62
     5
 63
     7
 74
     1
 91
        0
 64
     7
 65
   257
 75
     1
175
     1
 42
1.0
 92
        0
 66
   257
 43
1.0
 76
     1
 77
     6
 78
     2
 67
     7
 79
     5
170
     0
171
     0
290
     0
174
     0
 93
       13
 44
0.0
173
     0
291
     1
 45
0.0
1001
ACAD
1000
AcDbSavedByObjectVersion
1070
     0
  0
VISUALSTYLE
  5
2D
102
{ACAD_REACTORS
330
2A
102
}
102
{ACAD_XDICTIONARY
360
4AA
102
}
330
2A
100
AcDbVisualStyle
  2
Gouraud
 70
     2
 71
     2
 72
     2
 73
     1
 90
        2
 40
0.6
 41
30.0
 62
     5
 63
     7
 74
     0
 91
        0
 64
     7
 65
   257
 75
     1
175
     1
 42
1.0
 92
        0
 66
     7
 43
1.0
 76
     1
 77
     6
 78
     2
 67
     7
 79
     5
170
     0
171
     0
290
     0
174
     0
 93
       13
 44
0.0
173
     0
291
     1
 45
0.0
1001
ACAD
1000
AcDbSavedByObjectVersion
1070
     0
  0
VISUALSTYLE
  5
2E
102
{ACAD_REACTORS
330
2A
102
}
102
{ACAD_XDICTIONARY
360
4AC
102
}
330
2A
100
AcDbVisualStyle
  2
GouraudWithEdges
 70
     3
 71
     2
 72
     2
 73
     1
 90
        2
 40
0.6
 41
30.0
 62
     5
 63
     7
 74
     1
 91
        0
 64
     7
 65
   257
 75
     1
175
     1
 42
1.0
 92
        0
 66
   257
 43
1.0
 76
     1
 77
     6
 78
     2
 67
     7
 79
     5
170
     0
171
     0
290
     0
174
     0
 93
       13
 44
0.0
173
     0
291
     1
 45
0.0
1001
ACAD
1000
AcDbSavedByObjectVersion
1070
     0
  0
VISUALSTYLE
  5
31
102
{ACAD_REACTORS
330
2A
102
}
102
{ACAD_XDICTIONARY
360
4B2
102
}
330
2A
100
AcDbVisualStyle
  2
Hidden
 70
     6
 71
     1
 72
     2
 73
     2
 90
        0
 40
0.6
 41
30.0
 62
     5
 63
     7
 74
     2
 91
        2
 64
     7
 65
   257
 75
     2
175
     1
 42
40.0
 92
        0
 66
   257
 43
1.0
 76
     1
 77
     6
 78
     2
 67
     7
 79
     3
170
     0
171
     0
290
     0
174
     0
 93
        1
 44
0.0
173
     0
291
     0
 45
0.0
1001
ACAD
1000
AcDbSavedByObjectVersion
1070
     0
  0
VISUALSTYLE
  5
3B
102
{ACAD_REACTORS
330
2A
102
}
102
{ACAD_XDICTIONARY
360
4C6
102
}
330
2A
100
AcDbVisualStyle
  2
JitterOff
 70
    20
 71
     2
 72
     2
 73
     0
 90
        0
 40
0.6
 41
30.0
 62
     5
 63
     7
 74
     1
 91
        4
 64
     7
 65
   257
 75
     1
175
     1
 42
1.0
 92
       10
 66
     7
 43
1.0
 76
     1
 77
     6
 78
     2
 67
     7
 79
     5
170
     0
171
     0
290
     0
174
     0
 93
        1
 44
0.0
173
     0
291
     1
 45
0.0
1001
ACAD
1000
AcDbSavedByObjectVersion
1070
     0
  0
VISUALSTYLE
  5
38
102
{ACAD_REACTORS
330
2A
102
}
102
{ACAD_XDICTIONARY
360
4C0
102
}
330
2A
100
AcDbVisualStyle
  2
Linepattern
 70
    14
 71
     2
 72
     2
 73
     0
 90
        0
 40
0.6
 41
30.0
 62
     5
 63
     7
 74
     1
 91
        4
 64
     7
 65
   257
 75
     7
175
     7
 42
1.0
 92
        8
 66
     7
 43
1.0
 76
     1
 77
     6
 78
     2
 67
     7
 79
     5
170
     0
171
     0
290
     0
174
     0
 93
        1
 44
0.0
173
     0
291
     1
 45
0.0
1001
ACAD
1000
AcDbSavedByObjectVersion
1070
     0
  0
VISUALSTYLE
  5
3C
102
{ACAD_REACTORS
330
2A
102
}
102
{ACAD_XDICTIONARY
360
4C8
102
}
330
2A
100
AcDbVisualStyle
  2
OverhangOff
 70
    21
 71
     2
 72
     2
 73
     0
 90
        0
 40
0.6
 41
30.0
 62
     5
 63
     7
 74
     1
 91
        4
 64
     7
 65
   257
 75
     1
175
     1
 42
1.0
 92
        9
 66
     7
 43
1.0
 76
     1
 77
     6
 78
     2
 67
     7
 79
     5
170
     0
171
     0
290
     0
174
     0
 93
        1
 44
0.0
173
     0
291
     1
 45
0.0
1001
ACAD
1000
AcDbSavedByObjectVersion
1070
     0
  0
VISUALSTYLE
  5
33
102
{ACAD_REACTORS
330
2A
102
}
102
{ACAD_XDICTIONARY
360
4B6
102
}
330
2A
100
AcDbVisualStyle
  2
Realistic
 70
     8
 71
     2
 72
     3
 73
     0
 90
        2
 40
0.6
 41
30.0
 62
     5
 63
     7
 74
     0
 91
        0
 64
     7
 65
   257
 75
     1
175
     1
 42
1.0
 92
        8
 66
   257
 43
1.0
 76
     1
 77
     6
 78
     2
 67
     7
 79
     3
170
     0
171
     0
290
     0
174
     0
 93
       13
 44
0.0
173
     0
291
     0
 45
0.0
1001
ACAD
1000
AcDbSavedByObjectVersion
1070
     0
  0
VISUALSTYLE
  5
42
102
{ACAD_REACTORS
330
2A
102
}
102
{ACAD_XDICTIONARY
360
4D4
102
}
330
2A
100
AcDbVisualStyle
  2
Shaded
 70
    27
 71
     2
 72
     2
 73
     1
 90
        2
 40
0.6
 41
30.0
 62
     5
 63
     7
 74
     0
 91
        4
 64
     7
 65
   257
 75
     1
175
     1
 42
1.0
 92
        8
 66
   257
 43
1.0
 76
     1
 77
     6
 78
     2
 67
     8
 79
     3
170
     0
171
     0
290
     0
174
     0
 93
        5
 44
0.0
173
     0
291
     0
 45
0.0
1001
ACAD
1000
AcDbSavedByObjectVersion
1070
     0
  0
VISUALSTYLE
  5
41
102
{ACAD_REACTORS
330
2A
102
}
102
{ACAD_XDICTIONARY
360
4D2
102
}
330
2A
100
AcDbVisualStyle
  2
Shaded with edges
 70
    26
 71
     2
 72
     2
 73
     1
 90
        2
 40
0.6
 41
30.0
 62
     5
 63
     7
 74
     1
 91
       10
 64
     7
 65
   257
 75
     2
175
     1
 42
1.0
 92
        8
 66
   257
 43
1.0
 76
     1
 77
     6
 78
     2
 67
     7
 79
     3
170
     0
171
     0
290
     0
174
     0
 93
        5
 44
0.0
173
     0
291
     0
 45
0.0
1001
ACAD
1000
AcDbSavedByObjectVersion
1070
     0
  0
VISUALSTYLE
  5
3E
102
{ACAD_REACTORS
330
2A
102
}
102
{ACAD_XDICTIONARY
360
4CC
102
}
330
2A
100
AcDbVisualStyle
  2
Shades of Gray
 70
    23
 71
     2
 72
     2
 73
     3
 90
        0
 40
0.6
 41
30.0
 62
     5
 63
     7
 74
     2
 91
        2
 64
     7
 65
     7
 75
     1
175
     1
 42
40.0
 92
        8
 66
     7
 43
1.0
 76
     1
 77
     6
 78
     2
 67
     7
 79
     3
170
     0
171
     0
290
     0
174
     0
 93
        1
 44
0.0
173
     0
291
     0
 45
0.0
1001
ACAD
1000
AcDbSavedByObjectVersion
1070
     0
  0
VISUALSTYLE
  5
3F
102
{ACAD_REACTORS
330
2A
102
}
102
{ACAD_XDICTIONARY
360
4CE
102
}
330
2A
100
AcDbVisualStyle
  2
Sketchy
 70
    24
 71
     1
 72
     2
 73
     2
 90
        0
 40
0.6
 41
30.0
 62
     5
 63
     7
 74
     2
 91
        2
 64
     7
 65
     7
 75
     1
175
     1
 42
40.0
 92
       11
 66
     7
 43
1.0
 76
     1
 77
     6
 78
     2
 67
     7
 79
     6
170
     0
171
     0
290
     0
174
     0
 93
        1
 44
0.0
173
     0
291
     0
 45
0.0
1001
ACAD
1000
AcDbSavedByObjectVersion
1070
     0
  0
VISUALSTYLE
  5
37
102
{ACAD_REACTORS
330
2A
102
}
102
{ACAD_XDICTIONARY
360
4BE
102
}
330
2A
100
AcDbVisualStyle
  2
Thicken
 70
    13
 71
     2
 72
     2
 73
     0
 90
        0
 40
0.6
 41
30.0
 62
     5
 63
     7
 74
     1
 91
        4
 64
     7
 65
   257
 75
     1
175
     1
 42
1.0
 92
       12
 66
     7
 43
1.0
 76
     1
 77
     6
 78
     2
 67
     7
 79
     5
170
     0
171
     0
290
     0
174
     0
 93
        1
 44
0.0
173
     0
291
     1
 45
0.0
1001
ACAD
1000
AcDbSavedByObjectVersion
1070
     0
  0
VISUALSTYLE
  5
30
102
{ACAD_REACTORS
330
2A
102
}
102
{ACAD_XDICTIONARY
360
4B0
102
}
330
2A
100
AcDbVisualStyle
  2
Wireframe
 70
     5
 71
     0
 72
     2
 73
     0
 90
        0
 40
0.6
 41
30.0
 62
     5
 63
     7
 74
     1
 91
        4
 64
     7
 65
   257
 75
     1
175
     1
 42
1.0
 92
        0
 66
   257
 43
1.0
 76
     1
 77
     6
 78
     2
 67
     7
 79
     3
170
     0
171
     0
290
     0
174
     0
 93
        1
 44
0.0
173
     0
291
     0
 45
0.0
1001
ACAD
1000
AcDbSavedByObjectVersion
1070
     0
  0
VISUALSTYLE
  5
40
102
{ACAD_REACTORS
330
2A
102
}
102
{ACAD_XDICTIONARY
360
4D0
102
}
330
2A
100
AcDbVisualStyle
  2
X-Ray
 70
    25
 71
     2
 72
     2
 73
     1
 90
        1
 40
0.5
 41
30.0
 62
     5
 63
     7
 74
     1
 91
        0
 64
     7
 65
   257
 75
     1
175
     1
 42
1.0
 92
        8
 66
     7
 43
1.0
 76
     1
 77
     6
 78
     2
 67
     7
 79
     3
170
     0
171
     0
290
     0
174
     0
 93
       13
 44
0.0
173
     0
291
     0
 45
0.0
1001
ACAD
1000
AcDbSavedByObjectVersion
1070
     0
  0
DICTIONARYVAR
  5
4A4
102
{ACAD_REACTORS
330
493
102
}
330
493
100
DictionaryVariables
280
     0
  1
1:1
  0
DICTIONARYVAR
  5
49A
102
{ACAD_REACTORS
330
493
102
}
330
493
100
DictionaryVariables
280
     0
  1
3.500000
  0
DICTIONARYVAR
  5
49B
102
{ACAD_REACTORS
330
493
102
}
330
493
100
DictionaryVariables
280
     0
  1
acadiso.lin
  0
DICTIONARYVAR
  5
495
102
{ACAD_REACTORS
330
493
102
}
330
493
100
DictionaryVariables
280
     0
  1
Standard
  0
DICTIONARYVAR
  5
494
102
{ACAD_REACTORS
330
493
102
}
330
493
100
DictionaryVariables
280
     0
  1
Standard
  0
DICTIONARYVAR
  5
49C
102
{ACAD_REACTORS
330
493
102
}
330
493
100
DictionaryVariables
280
     0
  1
2
  0
DICTIONARYVAR
  5
49D
102
{ACAD_REACTORS
330
493
102
}
330
493
100
DictionaryVariables
280
     0
  1
1
  0
DICTIONARYVAR
  5
4A5
102
{ACAD_REACTORS
330
493
102
}
330
493
100
DictionaryVariables
280
     0
  1
1
  0
DICTIONARYVAR
  5
497
102
{ACAD_REACTORS
330
493
102
}
330
493
100
DictionaryVariables
280
     0
  1
80.000000
  0
DICTIONARYVAR
  5
496
102
{ACAD_REACTORS
330
493
102
}
330
493
100
DictionaryVariables
280
     0
  1
5.000000
  0
DICTIONARY
  5
4D8
330
45
100
AcDbDictionary
280
     1
281
     1
  3
ACAD_XREC_ROUNDTRIP
360
4D9
  0
DICTIONARY
  5
4D6
330
44
100
AcDbDictionary
280
     1
281
     1
  3
ACAD_XREC_ROUNDTRIP
360
4D7
  0
DICTIONARY
  5
4DA
330
46
100
AcDbDictionary
280
     1
281
     1
  3
ACAD_XREC_ROUNDTRIP
360
4DB
  0
DICTIONARY
  5
4DD
330
5C
100
AcDbDictionary
280
     1
281
     1
  3
ACAD_XREC_ROUNDTRIP
360
4DE
  0
DICTIONARY
  5
4AE
330
2F
100
AcDbDictionary
280
     1
281
     1
  3
ACAD_XREC_ROUNDTRIP
360
4AF
  0
DICTIONARY
  5
4B4
330
32
100
AcDbDictionary
280
     1
281
     1
  3
ACAD_XREC_ROUNDTRIP
360
4B5
  0
DICTIONARY
  5
4BC
330
36
100
AcDbDictionary
280
     1
281
     1
  3
ACAD_XREC_ROUNDTRIP
360
4BD
  0
DICTIONARY
  5
4C4
330
3A
100
AcDbDictionary
280
     1
281
     1
  3
ACAD_XREC_ROUNDTRIP
360
4C5
  0
DICTIONARY
  5
4B8
330
34
100
AcDbDictionary
280
     1
281
     1
  3
ACAD_XREC_ROUNDTRIP
360
4B9
  0
DICTIONARY
  5
4BA
330
35
100
AcDbDictionary
280
     1
281
     1
  3
ACAD_XREC_ROUNDTRIP
360
4BB
  0
DICTIONARY
  5
4CA
330
3D
100
AcDbDictionary
280
     1
281
     1
  3
ACAD_XREC_ROUNDTRIP
360
4CB
  0
DICTIONARY
  5
4C2
330
39
100
AcDbDictionary
280
     1
281
     1
  3
ACAD_XREC_ROUNDTRIP
360
4C3
  0
DICTIONARY
  5
4A6
330
2B
100
AcDbDictionary
280
     1
281
     1
  3
ACAD_XREC_ROUNDTRIP
360
4A7
  0
DICTIONARY
  5
4A8
330
2C
100
AcDbDictionary
280
     1
281
     1
  3
ACAD_XREC_ROUNDTRIP
360
4A9
  0
DICTIONARY
  5
4AA
330
2D
100
AcDbDictionary
280
     1
281
     1
  3
ACAD_XREC_ROUNDTRIP
360
4AB
  0
DICTIONARY
  5
4AC
330
2E
100
AcDbDictionary
280
     1
281
     1
  3
ACAD_XREC_ROUNDTRIP
360
4AD
  0
DICTIONARY
  5
4B2
330
31
100
AcDbDictionary
280
     1
281
     1
  3
ACAD_XREC_ROUNDTRIP
360
4B3
  0
DICTIONARY
  5
4C6
330
3B
100
AcDbDictionary
280
     1
281
     1
  3
ACAD_XREC_ROUNDTRIP
360
4C7
  0
DICTIONARY
  5
4C0
330
38
100
AcDbDictionary
280
     1
281
     1
  3
ACAD_XREC_ROUNDTRIP
360
4C1
  0
DICTIONARY
  5
4C8
330
3C
100
AcDbDictionary
280
     1
281
     1
  3
ACAD_XREC_ROUNDTRIP
360
4C9
  0
DICTIONARY
  5
4B6
330
33
100
AcDbDictionary
280
     1
281
     1
  3
ACAD_XREC_ROUNDTRIP
360
4B7
  0
DICTIONARY
  5
4D4
330
42
100
AcDbDictionary
280
     1
281
     1
  3
ACAD_XREC_ROUNDTRIP
360
4D5
  0
DICTIONARY
  5
4D2
330
41
100
AcDbDictionary
280
     1
281
     1
  3
ACAD_XREC_ROUNDTRIP
360
4D3
  0
DICTIONARY
  5
4CC
330
3E
100
AcDbDictionary
280
     1
281
     1
  3
ACAD_XREC_ROUNDTRIP
360
4CD
  0
DICTIONARY
  5
4CE
330
3F
100
AcDbDictionary
280
     1
281
     1
  3
ACAD_XREC_ROUNDTRIP
360
4CF
  0
DICTIONARY
  5
4BE
330
37
100
AcDbDictionary
280
     1
281
     1
  3
ACAD_XREC_ROUNDTRIP
360
4BF
  0
DICTIONARY
  5
4B0
330
30
100
AcDbDictionary
280
     1
281
     1
  3
ACAD_XREC_ROUNDTRIP
360
4B1
  0
DICTIONARY
  5
4D0
330
40
100
AcDbDictionary
280
     1
281
     1
  3
ACAD_XREC_ROUNDTRIP
360
4D1
  0
XRECORD
  5
4D9
102
{ACAD_REACTORS
330
4D8
102
}
330
4D8
100
AcDbXrecord
280
     1
102
MATERIAL
148
0.0
149
0.0
149
0.0
 93
        0
 94
      127
282
     0
 72
     1
 77
     1
171
     1
175
     1
179
     1
273
     0
  0
XRECORD
  5
4D7
102
{ACAD_REACTORS
330
4D6
102
}
330
4D6
100
AcDbXrecord
280
     1
102
MATERIAL
148
0.0
149
0.0
149
0.0
 93
        0
 94
      127
282
     0
 72
     1
 77
     1
171
     1
175
     1
179
     1
273
     0
  0
XRECORD
  5
4DB
102
{ACAD_REACTORS
330
4DA
102
}
330
4DA
100
AcDbXrecord
280
     1
102
MATERIAL
148
0.0
149
0.0
149
0.0
 93
        0
 94
      127
282
     0
 72
     1
 77
     1
171
     1
175
     1
179
     1
273
     0
  0
XRECORD
  5
4DE
102
{ACAD_REACTORS
330
4DD
102
}
330
4DD
100
AcDbXrecord
280
     1
102
ACAD_ROUNDTRIP_2010_MLEADER_STYLE
  0
XRECORD
  5
4AF
102
{ACAD_REACTORS
330
4AE
102
}
330
4AE
100
AcDbXrecord
280
     1
102
RTVSPropertyOp0
 70
     1
102
RTVSPropertyOp1
 70
     1
102
RTVSPropertyOp2
 70
     1
102
RTVSPropertyOp3
 70
     1
102
RTVSPropertyOp4
 70
     1
102
RTVSPropertyOp5
 70
     1
102
RTVSPropertyOp6
 70
     1
102
RTVSPropertyOp7
 70
     1
102
RTVSPropertyOp8
 70
     1
102
RTVSPropertyOp9
 70
     1
102
RTVSPropertyOp10
 70
     1
102
RTVSPropertyOp11
 70
     1
102
RTVSPropertyOp12
 70
     1
102
RTVSPropertyOp13
 70
     1
102
RTVSPropertyOp14
 70
     1
102
RTVSPropertyOp15
 70
     1
102
RTVSPropertyOp16
 70
     1
102
RTVSPropertyOp17
 70
     1
102
RTVSPropertyOp18
 70
     1
102
RTVSPropertyOp19
 70
     1
102
RTVSPropertyOp20
 70
     1
102
RTVSPropertyOp21
 70
     1
102
RTVSPropertyOp22
 70
     1
102
RTVSPropertyOp23
 70
     1
102
RTVSPropertyOp24
 70
     1
102
RTVSPropertyOp25
 70
     1
102
RTVSPropertyOp26
 70
     1
102
RTVSPropertyOp27
 70
     1
102
RTVSPropertyOp28
 70
     1
102
RTVSPropertyOp29
 70
     1
102
RTVSPropertyOp30
 70
     1
102
RTVSPropertyOp31
 70
     1
102
RTVSPropertyOp32
 70
     1
102
RTVSPropertyOp33
 70
     1
102
RTVSPropertyOp34
 70
     1
102
RTVSPropertyOp35
 70
     1
102
RTVSPropertyOp36
 70
     1
102
RTVSPropertyOp37
 70
     1
102
RTVSPropertyOp38
 70
     1
102
RTVSPropertyOp39
 70
     1
102
RTVSPropertyOp40
 70
     1
102
RTVSPropertyOp41
 70
     1
102
RTVSPropertyOp42
 70
     1
102
RTVSPropertyOp43
 70
     1
102
RTVSPropertyOp44
 70
     1
102
RTVSPropertyOp45
 70
     1
102
RTVSPropertyOp46
 70
     1
102
RTVSPropertyOp47
 70
     1
102
RTVSPropertyOp48
 70
     1
102
RTVSPropertyOp49
 70
     1
102
RTVSPropertyOp50
 70
     1
102
RTVSPropertyOp51
 70
     0
102
RTVSPropertyOp52
 70
     0
102
RTVSPropertyOp53
 70
     1
102
RTVSPropertyOp54
 70
     1
102
RTVSPropertyOp55
 70
     1
102
RTVSPropertyOp56
 70
     1
102
RTVSPropertyOp57
 70
     1
102
RTVSPost2010Prop28
280
     1
102
RTVSPost2010PropOp28
 70
     1
102
RTVSPost2010Prop29
280
     1
102
RTVSPost2010PropOp29
 70
     1
102
RTVSPost2010Prop30
280
     0
102
RTVSPost2010PropOp30
 70
     1
102
RTVSPost2010Prop31
280
     0
102
RTVSPost2010PropOp31
 70
     1
102
RTVSPost2010Prop32
280
     0
102
RTVSPost2010PropOp32
 70
     1
102
RTVSPost2010Prop33
280
     0
102
RTVSPost2010PropOp33
 70
     1
102
RTVSPost2010Prop34
280
     0
102
RTVSPost2010PropOp34
 70
     1
102
RTVSPost2010Prop35
280
     0
102
RTVSPost2010PropOp35
 70
     1
102
RTVSPost2010Prop36
280
     0
102
RTVSPost2010PropOp36
 70
     1
102
RTVSPost2010Prop37
 90
       50
102
RTVSPost2010PropOp37
 70
     1
102
RTVSPost2010Prop38
140
0.0
102
RTVSPost2010PropOp38
 70
     1
102
RTVSPost2010Prop39
140
1.0
102
RTVSPost2010PropOp39
 70
     1
102
RTVSPost2010Prop40
 90
        0
102
RTVSPost2010PropOp40
 70
     1
102
RTVSPost2010Prop41ColorIndex
 90
       18
102
RTVSPost2010Prop41ColorRGB
 90
        0
102
RTVSPost2010PropOp41
 70
     1
102
RTVSPost2010Prop42
 90
       50
102
RTVSPost2010PropOp42
 70
     1
102
RTVSPost2010Prop43
 90
        3
102
RTVSPost2010PropOp43
 70
     1
102
RTVSPost2010Prop44ColorIndex
 90
        5
102
RTVSPost2010Prop44ColorRGB
 90
      255
102
RTVSPost2010PropOp44
 70
     1
102
RTVSPost2010Prop45
280
     0
102
RTVSPost2010PropOp45
 70
     1
102
RTVSPost2010Prop46
 90
       50
102
RTVSPost2010PropOp46
 70
     1
102
RTVSPost2010Prop47
 90
       50
102
RTVSPost2010PropOp47
 70
     1
102
RTVSPost2010Prop48
 90
       50
102
RTVSPost2010PropOp48
 70
     1
102
RTVSPost2010Prop49
280
     0
102
RTVSPost2010PropOp49
 70
     1
102
RTVSPost2010Prop50
 90
       50
102
RTVSPost2010PropOp50
 70
     1
102
RTVSPost2010Prop51ColorIndex
 90
      256
102
RTVSPost2010Prop51ColorRGB
 90
-16777216
102
RTVSPost2010PropOp51
 70
     0
102
RTVSPost2010Prop52
140
1.0
102
RTVSPost2010PropOp52
 70
     0
102
RTVSPost2010Prop53
 90
        2
102
RTVSPost2010PropOp53
 70
     1
102
RTVSPost2010Prop54
  1
strokes_ogs.tif
102
RTVSPost2010PropOp54
 70
     1
102
RTVSPost2010Prop55
280
     0
102
RTVSPost2010PropOp55
 70
     1
102
RTVSPost2010Prop56
140
1.0
102
RTVSPost2010PropOp56
 70
     1
102
RTVSPost2010Prop57
140
1.0
102
RTVSPost2010PropOp57
 70
     1
  0
XRECORD
  5
4B5
102
{ACAD_REACTORS
330
4B4
102
}
330
4B4
100
AcDbXrecord
280
     1
102
RTVSPropertyOp0
 70
     1
102
RTVSPropertyOp1
 70
     1
102
RTVSPropertyOp2
 70
     1
102
RTVSPropertyOp3
 70
     1
102
RTVSPropertyOp4
 70
     1
102
RTVSPropertyOp5
 70
     1
102
RTVSPropertyOp6
 70
     1
102
RTVSPropertyOp7
 70
     1
102
RTVSPropertyOp8
 70
     1
102
RTVSPropertyOp9
 70
     1
102
RTVSPropertyOp10
 70
     1
102
RTVSPropertyOp11
 70
     1
102
RTVSPropertyOp12
 70
     1
102
RTVSPropertyOp13
 70
     1
102
RTVSPropertyOp14
 70
     1
102
RTVSPropertyOp15
 70
     1
102
RTVSPropertyOp16
 70
     1
102
RTVSPropertyOp17
 70
     1
102
RTVSPropertyOp18
 70
     1
102
RTVSPropertyOp19
 70
     1
102
RTVSPropertyOp20
 70
     1
102
RTVSPropertyOp21
 70
     1
102
RTVSPropertyOp22
 70
     1
102
RTVSPropertyOp23
 70
     1
102
RTVSPropertyOp24
 70
     1
102
RTVSPropertyOp25
 70
     1
102
RTVSPropertyOp26
 70
     1
102
RTVSPropertyOp27
 70
     1
102
RTVSPropertyOp28
 70
     1
102
RTVSPropertyOp29
 70
     1
102
RTVSPropertyOp30
 70
     1
102
RTVSPropertyOp31
 70
     1
102
RTVSPropertyOp32
 70
     1
102
RTVSPropertyOp33
 70
     1
102
RTVSPropertyOp34
 70
     1
102
RTVSPropertyOp35
 70
     1
102
RTVSPropertyOp36
 70
     1
102
RTVSPropertyOp37
 70
     1
102
RTVSPropertyOp38
 70
     1
102
RTVSPropertyOp39
 70
     1
102
RTVSPropertyOp40
 70
     1
102
RTVSPropertyOp41
 70
     1
102
RTVSPropertyOp42
 70
     1
102
RTVSPropertyOp43
 70
     1
102
RTVSPropertyOp44
 70
     1
102
RTVSPropertyOp45
 70
     1
102
RTVSPropertyOp46
 70
     1
102
RTVSPropertyOp47
 70
     1
102
RTVSPropertyOp48
 70
     1
102
RTVSPropertyOp49
 70
     1
102
RTVSPropertyOp50
 70
     1
102
RTVSPropertyOp51
 70
     0
102
RTVSPropertyOp52
 70
     0
102
RTVSPropertyOp53
 70
     1
102
RTVSPropertyOp54
 70
     1
102
RTVSPropertyOp55
 70
     1
102
RTVSPropertyOp56
 70
     1
102
RTVSPropertyOp57
 70
     1
102
RTVSPost2010Prop28
280
     0
102
RTVSPost2010PropOp28
 70
     1
102
RTVSPost2010Prop29
280
     1
102
RTVSPost2010PropOp29
 70
     1
102
RTVSPost2010Prop30
280
     1
102
RTVSPost2010PropOp30
 70
     1
102
RTVSPost2010Prop31
280
     0
102
RTVSPost2010PropOp31
 70
     1
102
RTVSPost2010Prop32
280
     0
102
RTVSPost2010PropOp32
 70
     1
102
RTVSPost2010Prop33
280
     0
102
RTVSPost2010PropOp33
 70
     1
102
RTVSPost2010Prop34
280
     0
102
RTVSPost2010PropOp34
 70
     1
102
RTVSPost2010Prop35
280
     0
102
RTVSPost2010PropOp35
 70
     1
102
RTVSPost2010Prop36
280
     0
102
RTVSPost2010PropOp36
 70
     1
102
RTVSPost2010Prop37
 90
       50
102
RTVSPost2010PropOp37
 70
     1
102
RTVSPost2010Prop38
140
0.0
102
RTVSPost2010PropOp38
 70
     1
102
RTVSPost2010Prop39
140
1.0
102
RTVSPost2010PropOp39
 70
     1
102
RTVSPost2010Prop40
 90
        0
102
RTVSPost2010PropOp40
 70
     1
102
RTVSPost2010Prop41ColorIndex
 90
       18
102
RTVSPost2010Prop41ColorRGB
 90
        0
102
RTVSPost2010PropOp41
 70
     1
102
RTVSPost2010Prop42
 90
       50
102
RTVSPost2010PropOp42
 70
     1
102
RTVSPost2010Prop43
 90
        3
102
RTVSPost2010PropOp43
 70
     1
102
RTVSPost2010Prop44ColorIndex
 90
        5
102
RTVSPost2010Prop44ColorRGB
 90
      255
102
RTVSPost2010PropOp44
 70
     1
102
RTVSPost2010Prop45
280
     0
102
RTVSPost2010PropOp45
 70
     1
102
RTVSPost2010Prop46
 90
       50
102
RTVSPost2010PropOp46
 70
     1
102
RTVSPost2010Prop47
 90
       50
102
RTVSPost2010PropOp47
 70
     1
102
RTVSPost2010Prop48
 90
       50
102
RTVSPost2010PropOp48
 70
     1
102
RTVSPost2010Prop49
280
     0
102
RTVSPost2010PropOp49
 70
     1
102
RTVSPost2010Prop50
 90
       50
102
RTVSPost2010PropOp50
 70
     1
102
RTVSPost2010Prop51ColorIndex
 90
      256
102
RTVSPost2010Prop51ColorRGB
 90
-16777216
102
RTVSPost2010PropOp51
 70
     0
102
RTVSPost2010Prop52
140
1.0
102
RTVSPost2010PropOp52
 70
     0
102
RTVSPost2010Prop53
 90
        2
102
RTVSPost2010PropOp53
 70
     1
102
RTVSPost2010Prop54
  1
strokes_ogs.tif
102
RTVSPost2010PropOp54
 70
     1
102
RTVSPost2010Prop55
280
     0
102
RTVSPost2010PropOp55
 70
     1
102
RTVSPost2010Prop56
140
1.0
102
RTVSPost2010PropOp56
 70
     1
102
RTVSPost2010Prop57
140
1.0
102
RTVSPost2010PropOp57
 70
     1
  0
XRECORD
  5
4BD
102
{ACAD_REACTORS
330
4BC
102
}
330
4BC
100
AcDbXrecord
280
     1
102
RTVSPropertyOp0
 70
     1
102
RTVSPropertyOp1
 70
     1
102
RTVSPropertyOp2
 70
     1
102
RTVSPropertyOp3
 70
     1
102
RTVSPropertyOp4
 70
     1
102
RTVSPropertyOp5
 70
     1
102
RTVSPropertyOp6
 70
     1
102
RTVSPropertyOp7
 70
     1
102
RTVSPropertyOp8
 70
     1
102
RTVSPropertyOp9
 70
     1
102
RTVSPropertyOp10
 70
     1
102
RTVSPropertyOp11
 70
     1
102
RTVSPropertyOp12
 70
     1
102
RTVSPropertyOp13
 70
     1
102
RTVSPropertyOp14
 70
     1
102
RTVSPropertyOp15
 70
     1
102
RTVSPropertyOp16
 70
     1
102
RTVSPropertyOp17
 70
     1
102
RTVSPropertyOp18
 70
     1
102
RTVSPropertyOp19
 70
     1
102
RTVSPropertyOp20
 70
     1
102
RTVSPropertyOp21
 70
     1
102
RTVSPropertyOp22
 70
     1
102
RTVSPropertyOp23
 70
     1
102
RTVSPropertyOp24
 70
     1
102
RTVSPropertyOp25
 70
     1
102
RTVSPropertyOp26
 70
     1
102
RTVSPropertyOp27
 70
     1
102
RTVSPropertyOp28
 70
     1
102
RTVSPropertyOp29
 70
     1
102
RTVSPropertyOp30
 70
     1
102
RTVSPropertyOp31
 70
     1
102
RTVSPropertyOp32
 70
     1
102
RTVSPropertyOp33
 70
     1
102
RTVSPropertyOp34
 70
     1
102
RTVSPropertyOp35
 70
     1
102
RTVSPropertyOp36
 70
     1
102
RTVSPropertyOp37
 70
     1
102
RTVSPropertyOp38
 70
     1
102
RTVSPropertyOp39
 70
     1
102
RTVSPropertyOp40
 70
     1
102
RTVSPropertyOp41
 70
     1
102
RTVSPropertyOp42
 70
     1
102
RTVSPropertyOp43
 70
     1
102
RTVSPropertyOp44
 70
     1
102
RTVSPropertyOp45
 70
     1
102
RTVSPropertyOp46
 70
     1
102
RTVSPropertyOp47
 70
     1
102
RTVSPropertyOp48
 70
     1
102
RTVSPropertyOp49
 70
     1
102
RTVSPropertyOp50
 70
     1
102
RTVSPropertyOp51
 70
     0
102
RTVSPropertyOp52
 70
     0
102
RTVSPropertyOp53
 70
     1
102
RTVSPropertyOp54
 70
     1
102
RTVSPropertyOp55
 70
     1
102
RTVSPropertyOp56
 70
     1
102
RTVSPropertyOp57
 70
     1
102
RTVSPost2010Prop28
280
     0
102
RTVSPost2010PropOp28
 70
     1
102
RTVSPost2010Prop29
280
     1
102
RTVSPost2010PropOp29
 70
     1
102
RTVSPost2010Prop30
280
     1
102
RTVSPost2010PropOp30
 70
     1
102
RTVSPost2010Prop31
280
     0
102
RTVSPost2010PropOp31
 70
     1
102
RTVSPost2010Prop32
280
     0
102
RTVSPost2010PropOp32
 70
     1
102
RTVSPost2010Prop33
280
     0
102
RTVSPost2010PropOp33
 70
     1
102
RTVSPost2010Prop34
280
     0
102
RTVSPost2010PropOp34
 70
     1
102
RTVSPost2010Prop35
280
     0
102
RTVSPost2010PropOp35
 70
     1
102
RTVSPost2010Prop36
280
     0
102
RTVSPost2010PropOp36
 70
     1
102
RTVSPost2010Prop37
 90
       50
102
RTVSPost2010PropOp37
 70
     1
102
RTVSPost2010Prop38
140
0.0
102
RTVSPost2010PropOp38
 70
     1
102
RTVSPost2010Prop39
140
1.0
102
RTVSPost2010PropOp39
 70
     1
102
RTVSPost2010Prop40
 90
        0
102
RTVSPost2010PropOp40
 70
     1
102
RTVSPost2010Prop41ColorIndex
 90
       18
102
RTVSPost2010Prop41ColorRGB
 90
        0
102
RTVSPost2010PropOp41
 70
     1
102
RTVSPost2010Prop42
 90
       50
102
RTVSPost2010PropOp42
 70
     1
102
RTVSPost2010Prop43
 90
        3
102
RTVSPost2010PropOp43
 70
     1
102
RTVSPost2010Prop44ColorIndex
 90
        5
102
RTVSPost2010Prop44ColorRGB
 90
      255
102
RTVSPost2010PropOp44
 70
     1
102
RTVSPost2010Prop45
280
     0
102
RTVSPost2010PropOp45
 70
     1
102
RTVSPost2010Prop46
 90
       50
102
RTVSPost2010PropOp46
 70
     1
102
RTVSPost2010Prop47
 90
       50
102
RTVSPost2010PropOp47
 70
     1
102
RTVSPost2010Prop48
 90
       50
102
RTVSPost2010PropOp48
 70
     1
102
RTVSPost2010Prop49
280
     0
102
RTVSPost2010PropOp49
 70
     1
102
RTVSPost2010Prop50
 90
       50
102
RTVSPost2010PropOp50
 70
     1
102
RTVSPost2010Prop51ColorIndex
 90
      256
102
RTVSPost2010Prop51ColorRGB
 90
-16777216
102
RTVSPost2010PropOp51
 70
     0
102
RTVSPost2010Prop52
140
1.0
102
RTVSPost2010PropOp52
 70
     0
102
RTVSPost2010Prop53
 90
        2
102
RTVSPost2010PropOp53
 70
     1
102
RTVSPost2010Prop54
  1
strokes_ogs.tif
102
RTVSPost2010PropOp54
 70
     1
102
RTVSPost2010Prop55
280
     0
102
RTVSPost2010PropOp55
 70
     1
102
RTVSPost2010Prop56
140
1.0
102
RTVSPost2010PropOp56
 70
     1
102
RTVSPost2010Prop57
140
1.0
102
RTVSPost2010PropOp57
 70
     1
  0
XRECORD
  5
4C5
102
{ACAD_REACTORS
330
4C4
102
}
330
4C4
100
AcDbXrecord
280
     1
102
RTVSPropertyOp0
 70
     1
102
RTVSPropertyOp1
 70
     1
102
RTVSPropertyOp2
 70
     1
102
RTVSPropertyOp3
 70
     1
102
RTVSPropertyOp4
 70
     1
102
RTVSPropertyOp5
 70
     1
102
RTVSPropertyOp6
 70
     1
102
RTVSPropertyOp7
 70
     1
102
RTVSPropertyOp8
 70
     1
102
RTVSPropertyOp9
 70
     1
102
RTVSPropertyOp10
 70
     1
102
RTVSPropertyOp11
 70
     1
102
RTVSPropertyOp12
 70
     1
102
RTVSPropertyOp13
 70
     1
102
RTVSPropertyOp14
 70
     1
102
RTVSPropertyOp15
 70
     1
102
RTVSPropertyOp16
 70
     1
102
RTVSPropertyOp17
 70
     1
102
RTVSPropertyOp18
 70
     1
102
RTVSPropertyOp19
 70
     1
102
RTVSPropertyOp20
 70
     1
102
RTVSPropertyOp21
 70
     1
102
RTVSPropertyOp22
 70
     1
102
RTVSPropertyOp23
 70
     1
102
RTVSPropertyOp24
 70
     1
102
RTVSPropertyOp25
 70
     1
102
RTVSPropertyOp26
 70
     1
102
RTVSPropertyOp27
 70
     1
102
RTVSPropertyOp28
 70
     1
102
RTVSPropertyOp29
 70
     1
102
RTVSPropertyOp30
 70
     1
102
RTVSPropertyOp31
 70
     1
102
RTVSPropertyOp32
 70
     1
102
RTVSPropertyOp33
 70
     1
102
RTVSPropertyOp34
 70
     1
102
RTVSPropertyOp35
 70
     1
102
RTVSPropertyOp36
 70
     1
102
RTVSPropertyOp37
 70
     1
102
RTVSPropertyOp38
 70
     1
102
RTVSPropertyOp39
 70
     1
102
RTVSPropertyOp40
 70
     1
102
RTVSPropertyOp41
 70
     1
102
RTVSPropertyOp42
 70
     1
102
RTVSPropertyOp43
 70
     1
102
RTVSPropertyOp44
 70
     1
102
RTVSPropertyOp45
 70
     1
102
RTVSPropertyOp46
 70
     1
102
RTVSPropertyOp47
 70
     1
102
RTVSPropertyOp48
 70
     1
102
RTVSPropertyOp49
 70
     1
102
RTVSPropertyOp50
 70
     1
102
RTVSPropertyOp51
 70
     0
102
RTVSPropertyOp52
 70
     0
102
RTVSPropertyOp53
 70
     1
102
RTVSPropertyOp54
 70
     1
102
RTVSPropertyOp55
 70
     1
102
RTVSPropertyOp56
 70
     1
102
RTVSPropertyOp57
 70
     1
102
RTVSPost2010Prop28
280
     0
102
RTVSPost2010PropOp28
 70
     1
102
RTVSPost2010Prop29
280
     1
102
RTVSPost2010PropOp29
 70
     1
102
RTVSPost2010Prop30
280
     1
102
RTVSPost2010PropOp30
 70
     1
102
RTVSPost2010Prop31
280
     0
102
RTVSPost2010PropOp31
 70
     1
102
RTVSPost2010Prop32
280
     0
102
RTVSPost2010PropOp32
 70
     1
102
RTVSPost2010Prop33
280
     0
102
RTVSPost2010PropOp33
 70
     1
102
RTVSPost2010Prop34
280
     0
102
RTVSPost2010PropOp34
 70
     1
102
RTVSPost2010Prop35
280
     0
102
RTVSPost2010PropOp35
 70
     1
102
RTVSPost2010Prop36
280
     0
102
RTVSPost2010PropOp36
 70
     1
102
RTVSPost2010Prop37
 90
       50
102
RTVSPost2010PropOp37
 70
     1
102
RTVSPost2010Prop38
140
0.0
102
RTVSPost2010PropOp38
 70
     1
102
RTVSPost2010Prop39
140
1.0
102
RTVSPost2010PropOp39
 70
     1
102
RTVSPost2010Prop40
 90
        0
102
RTVSPost2010PropOp40
 70
     1
102
RTVSPost2010Prop41ColorIndex
 90
       18
102
RTVSPost2010Prop41ColorRGB
 90
        0
102
RTVSPost2010PropOp41
 70
     1
102
RTVSPost2010Prop42
 90
       50
102
RTVSPost2010PropOp42
 70
     1
102
RTVSPost2010Prop43
 90
        3
102
RTVSPost2010PropOp43
 70
     1
102
RTVSPost2010Prop44ColorIndex
 90
        5
102
RTVSPost2010Prop44ColorRGB
 90
      255
102
RTVSPost2010PropOp44
 70
     1
102
RTVSPost2010Prop45
280
     0
102
RTVSPost2010PropOp45
 70
     1
102
RTVSPost2010Prop46
 90
       50
102
RTVSPost2010PropOp46
 70
     1
102
RTVSPost2010Prop47
 90
       50
102
RTVSPost2010PropOp47
 70
     1
102
RTVSPost2010Prop48
 90
       50
102
RTVSPost2010PropOp48
 70
     1
102
RTVSPost2010Prop49
280
     0
102
RTVSPost2010PropOp49
 70
     1
102
RTVSPost2010Prop50
 90
       50
102
RTVSPost2010PropOp50
 70
     1
102
RTVSPost2010Prop51ColorIndex
 90
      256
102
RTVSPost2010Prop51ColorRGB
 90
-16777216
102
RTVSPost2010PropOp51
 70
     0
102
RTVSPost2010Prop52
140
1.0
102
RTVSPost2010PropOp52
 70
     0
102
RTVSPost2010Prop53
 90
        2
102
RTVSPost2010PropOp53
 70
     1
102
RTVSPost2010Prop54
  1
strokes_ogs.tif
102
RTVSPost2010PropOp54
 70
     1
102
RTVSPost2010Prop55
280
     0
102
RTVSPost2010PropOp55
 70
     1
102
RTVSPost2010Prop56
140
1.0
102
RTVSPost2010PropOp56
 70
     1
102
RTVSPost2010Prop57
140
1.0
102
RTVSPost2010PropOp57
 70
     1
  0
XRECORD
  5
4B9
102
{ACAD_REACTORS
330
4B8
102
}
330
4B8
100
AcDbXrecord
280
     1
102
RTVSPropertyOp0
 70
     1
102
RTVSPropertyOp1
 70
     1
102
RTVSPropertyOp2
 70
     1
102
RTVSPropertyOp3
 70
     1
102
RTVSPropertyOp4
 70
     1
102
RTVSPropertyOp5
 70
     1
102
RTVSPropertyOp6
 70
     1
102
RTVSPropertyOp7
 70
     1
102
RTVSPropertyOp8
 70
     1
102
RTVSPropertyOp9
 70
     1
102
RTVSPropertyOp10
 70
     1
102
RTVSPropertyOp11
 70
     1
102
RTVSPropertyOp12
 70
     1
102
RTVSPropertyOp13
 70
     1
102
RTVSPropertyOp14
 70
     1
102
RTVSPropertyOp15
 70
     1
102
RTVSPropertyOp16
 70
     1
102
RTVSPropertyOp17
 70
     1
102
RTVSPropertyOp18
 70
     1
102
RTVSPropertyOp19
 70
     1
102
RTVSPropertyOp20
 70
     1
102
RTVSPropertyOp21
 70
     1
102
RTVSPropertyOp22
 70
     1
102
RTVSPropertyOp23
 70
     1
102
RTVSPropertyOp24
 70
     1
102
RTVSPropertyOp25
 70
     1
102
RTVSPropertyOp26
 70
     1
102
RTVSPropertyOp27
 70
     1
102
RTVSPropertyOp28
 70
     1
102
RTVSPropertyOp29
 70
     1
102
RTVSPropertyOp30
 70
     1
102
RTVSPropertyOp31
 70
     1
102
RTVSPropertyOp32
 70
     1
102
RTVSPropertyOp33
 70
     1
102
RTVSPropertyOp34
 70
     1
102
RTVSPropertyOp35
 70
     1
102
RTVSPropertyOp36
 70
     1
102
RTVSPropertyOp37
 70
     1
102
RTVSPropertyOp38
 70
     1
102
RTVSPropertyOp39
 70
     1
102
RTVSPropertyOp40
 70
     1
102
RTVSPropertyOp41
 70
     1
102
RTVSPropertyOp42
 70
     1
102
RTVSPropertyOp43
 70
     1
102
RTVSPropertyOp44
 70
     1
102
RTVSPropertyOp45
 70
     1
102
RTVSPropertyOp46
 70
     1
102
RTVSPropertyOp47
 70
     1
102
RTVSPropertyOp48
 70
     1
102
RTVSPropertyOp49
 70
     1
102
RTVSPropertyOp50
 70
     1
102
RTVSPropertyOp51
 70
     0
102
RTVSPropertyOp52
 70
     0
102
RTVSPropertyOp53
 70
     1
102
RTVSPropertyOp54
 70
     1
102
RTVSPropertyOp55
 70
     1
102
RTVSPropertyOp56
 70
     1
102
RTVSPropertyOp57
 70
     1
102
RTVSPost2010Prop28
280
     0
102
RTVSPost2010PropOp28
 70
     1
102
RTVSPost2010Prop29
280
     1
102
RTVSPost2010PropOp29
 70
     1
102
RTVSPost2010Prop30
280
     1
102
RTVSPost2010PropOp30
 70
     1
102
RTVSPost2010Prop31
280
     0
102
RTVSPost2010PropOp31
 70
     1
102
RTVSPost2010Prop32
280
     0
102
RTVSPost2010PropOp32
 70
     1
102
RTVSPost2010Prop33
280
     0
102
RTVSPost2010PropOp33
 70
     1
102
RTVSPost2010Prop34
280
     0
102
RTVSPost2010PropOp34
 70
     1
102
RTVSPost2010Prop35
280
     0
102
RTVSPost2010PropOp35
 70
     1
102
RTVSPost2010Prop36
280
     0
102
RTVSPost2010PropOp36
 70
     1
102
RTVSPost2010Prop37
 90
       50
102
RTVSPost2010PropOp37
 70
     1
102
RTVSPost2010Prop38
140
0.0
102
RTVSPost2010PropOp38
 70
     1
102
RTVSPost2010Prop39
140
1.0
102
RTVSPost2010PropOp39
 70
     1
102
RTVSPost2010Prop40
 90
        0
102
RTVSPost2010PropOp40
 70
     1
102
RTVSPost2010Prop41ColorIndex
 90
       18
102
RTVSPost2010Prop41ColorRGB
 90
        0
102
RTVSPost2010PropOp41
 70
     1
102
RTVSPost2010Prop42
 90
       50
102
RTVSPost2010PropOp42
 70
     1
102
RTVSPost2010Prop43
 90
        3
102
RTVSPost2010PropOp43
 70
     1
102
RTVSPost2010Prop44ColorIndex
 90
        5
102
RTVSPost2010Prop44ColorRGB
 90
      255
102
RTVSPost2010PropOp44
 70
     1
102
RTVSPost2010Prop45
280
     0
102
RTVSPost2010PropOp45
 70
     1
102
RTVSPost2010Prop46
 90
       50
102
RTVSPost2010PropOp46
 70
     1
102
RTVSPost2010Prop47
 90
       50
102
RTVSPost2010PropOp47
 70
     1
102
RTVSPost2010Prop48
 90
       50
102
RTVSPost2010PropOp48
 70
     1
102
RTVSPost2010Prop49
280
     0
102
RTVSPost2010PropOp49
 70
     1
102
RTVSPost2010Prop50
 90
       50
102
RTVSPost2010PropOp50
 70
     1
102
RTVSPost2010Prop51ColorIndex
 90
      256
102
RTVSPost2010Prop51ColorRGB
 90
-16777216
102
RTVSPost2010PropOp51
 70
     0
102
RTVSPost2010Prop52
140
1.0
102
RTVSPost2010PropOp52
 70
     0
102
RTVSPost2010Prop53
 90
        2
102
RTVSPost2010PropOp53
 70
     1
102
RTVSPost2010Prop54
  1
strokes_ogs.tif
102
RTVSPost2010PropOp54
 70
     1
102
RTVSPost2010Prop55
280
     0
102
RTVSPost2010PropOp55
 70
     1
102
RTVSPost2010Prop56
140
1.0
102
RTVSPost2010PropOp56
 70
     1
102
RTVSPost2010Prop57
140
1.0
102
RTVSPost2010PropOp57
 70
     1
  0
XRECORD
  5
4BB
102
{ACAD_REACTORS
330
4BA
102
}
330
4BA
100
AcDbXrecord
280
     1
102
RTVSPropertyOp0
 70
     1
102
RTVSPropertyOp1
 70
     1
102
RTVSPropertyOp2
 70
     1
102
RTVSPropertyOp3
 70
     1
102
RTVSPropertyOp4
 70
     1
102
RTVSPropertyOp5
 70
     1
102
RTVSPropertyOp6
 70
     1
102
RTVSPropertyOp7
 70
     1
102
RTVSPropertyOp8
 70
     1
102
RTVSPropertyOp9
 70
     1
102
RTVSPropertyOp10
 70
     1
102
RTVSPropertyOp11
 70
     1
102
RTVSPropertyOp12
 70
     1
102
RTVSPropertyOp13
 70
     1
102
RTVSPropertyOp14
 70
     1
102
RTVSPropertyOp15
 70
     1
102
RTVSPropertyOp16
 70
     1
102
RTVSPropertyOp17
 70
     1
102
RTVSPropertyOp18
 70
     1
102
RTVSPropertyOp19
 70
     1
102
RTVSPropertyOp20
 70
     1
102
RTVSPropertyOp21
 70
     1
102
RTVSPropertyOp22
 70
     1
102
RTVSPropertyOp23
 70
     1
102
RTVSPropertyOp24
 70
     1
102
RTVSPropertyOp25
 70
     1
102
RTVSPropertyOp26
 70
     1
102
RTVSPropertyOp27
 70
     1
102
RTVSPropertyOp28
 70
     1
102
RTVSPropertyOp29
 70
     1
102
RTVSPropertyOp30
 70
     1
102
RTVSPropertyOp31
 70
     1
102
RTVSPropertyOp32
 70
     1
102
RTVSPropertyOp33
 70
     1
102
RTVSPropertyOp34
 70
     1
102
RTVSPropertyOp35
 70
     1
102
RTVSPropertyOp36
 70
     1
102
RTVSPropertyOp37
 70
     1
102
RTVSPropertyOp38
 70
     1
102
RTVSPropertyOp39
 70
     1
102
RTVSPropertyOp40
 70
     1
102
RTVSPropertyOp41
 70
     1
102
RTVSPropertyOp42
 70
     1
102
RTVSPropertyOp43
 70
     1
102
RTVSPropertyOp44
 70
     1
102
RTVSPropertyOp45
 70
     1
102
RTVSPropertyOp46
 70
     1
102
RTVSPropertyOp47
 70
     1
102
RTVSPropertyOp48
 70
     1
102
RTVSPropertyOp49
 70
     1
102
RTVSPropertyOp50
 70
     1
102
RTVSPropertyOp51
 70
     0
102
RTVSPropertyOp52
 70
     0
102
RTVSPropertyOp53
 70
     1
102
RTVSPropertyOp54
 70
     1
102
RTVSPropertyOp55
 70
     1
102
RTVSPropertyOp56
 70
     1
102
RTVSPropertyOp57
 70
     1
102
RTVSPost2010Prop28
280
     0
102
RTVSPost2010PropOp28
 70
     1
102
RTVSPost2010Prop29
280
     1
102
RTVSPost2010PropOp29
 70
     1
102
RTVSPost2010Prop30
280
     1
102
RTVSPost2010PropOp30
 70
     1
102
RTVSPost2010Prop31
280
     0
102
RTVSPost2010PropOp31
 70
     1
102
RTVSPost2010Prop32
280
     0
102
RTVSPost2010PropOp32
 70
     1
102
RTVSPost2010Prop33
280
     0
102
RTVSPost2010PropOp33
 70
     1
102
RTVSPost2010Prop34
280
     0
102
RTVSPost2010PropOp34
 70
     1
102
RTVSPost2010Prop35
280
     0
102
RTVSPost2010PropOp35
 70
     1
102
RTVSPost2010Prop36
280
     0
102
RTVSPost2010PropOp36
 70
     1
102
RTVSPost2010Prop37
 90
       50
102
RTVSPost2010PropOp37
 70
     1
102
RTVSPost2010Prop38
140
0.0
102
RTVSPost2010PropOp38
 70
     1
102
RTVSPost2010Prop39
140
1.0
102
RTVSPost2010PropOp39
 70
     1
102
RTVSPost2010Prop40
 90
        0
102
RTVSPost2010PropOp40
 70
     1
102
RTVSPost2010Prop41ColorIndex
 90
       18
102
RTVSPost2010Prop41ColorRGB
 90
        0
102
RTVSPost2010PropOp41
 70
     1
102
RTVSPost2010Prop42
 90
       50
102
RTVSPost2010PropOp42
 70
     1
102
RTVSPost2010Prop43
 90
        3
102
RTVSPost2010PropOp43
 70
     1
102
RTVSPost2010Prop44ColorIndex
 90
        5
102
RTVSPost2010Prop44ColorRGB
 90
      255
102
RTVSPost2010PropOp44
 70
     1
102
RTVSPost2010Prop45
280
     0
102
RTVSPost2010PropOp45
 70
     1
102
RTVSPost2010Prop46
 90
       50
102
RTVSPost2010PropOp46
 70
     1
102
RTVSPost2010Prop47
 90
       50
102
RTVSPost2010PropOp47
 70
     1
102
RTVSPost2010Prop48
 90
       50
102
RTVSPost2010PropOp48
 70
     1
102
RTVSPost2010Prop49
280
     0
102
RTVSPost2010PropOp49
 70
     1
102
RTVSPost2010Prop50
 90
       50
102
RTVSPost2010PropOp50
 70
     1
102
RTVSPost2010Prop51ColorIndex
 90
      256
102
RTVSPost2010Prop51ColorRGB
 90
-16777216
102
RTVSPost2010PropOp51
 70
     0
102
RTVSPost2010Prop52
140
1.0
102
RTVSPost2010PropOp52
 70
     0
102
RTVSPost2010Prop53
 90
        2
102
RTVSPost2010PropOp53
 70
     1
102
RTVSPost2010Prop54
  1
strokes_ogs.tif
102
RTVSPost2010PropOp54
 70
     1
102
RTVSPost2010Prop55
280
     0
102
RTVSPost2010PropOp55
 70
     1
102
RTVSPost2010Prop56
140
1.0
102
RTVSPost2010PropOp56
 70
     1
102
RTVSPost2010Prop57
140
1.0
102
RTVSPost2010PropOp57
 70
     1
  0
XRECORD
  5
4CB
102
{ACAD_REACTORS
330
4CA
102
}
330
4CA
100
AcDbXrecord
280
     1
102
RTVSPropertyOp0
 70
     0
102
RTVSPropertyOp1
 70
     0
102
RTVSPropertyOp2
 70
     0
102
RTVSPropertyOp3
 70
     0
102
RTVSPropertyOp4
 70
     0
102
RTVSPropertyOp5
 70
     0
102
RTVSPropertyOp6
 70
     0
102
RTVSPropertyOp7
 70
     0
102
RTVSPropertyOp8
 70
     0
102
RTVSPropertyOp9
 70
     0
102
RTVSPropertyOp10
 70
     0
102
RTVSPropertyOp11
 70
     0
102
RTVSPropertyOp12
 70
     0
102
RTVSPropertyOp13
 70
     0
102
RTVSPropertyOp14
 70
     2
102
RTVSPropertyOp15
 70
     0
102
RTVSPropertyOp16
 70
     0
102
RTVSPropertyOp17
 70
     0
102
RTVSPropertyOp18
 70
     0
102
RTVSPropertyOp19
 70
     0
102
RTVSPropertyOp20
 70
     0
102
RTVSPropertyOp21
 70
     0
102
RTVSPropertyOp22
 70
     0
102
RTVSPropertyOp23
 70
     0
102
RTVSPropertyOp24
 70
     0
102
RTVSPropertyOp25
 70
     0
102
RTVSPropertyOp26
 70
     0
102
RTVSPropertyOp27
 70
     0
102
RTVSPropertyOp28
 70
     0
102
RTVSPropertyOp29
 70
     0
102
RTVSPropertyOp30
 70
     0
102
RTVSPropertyOp31
 70
     0
102
RTVSPropertyOp32
 70
     0
102
RTVSPropertyOp33
 70
     0
102
RTVSPropertyOp34
 70
     0
102
RTVSPropertyOp35
 70
     0
102
RTVSPropertyOp36
 70
     0
102
RTVSPropertyOp37
 70
     0
102
RTVSPropertyOp38
 70
     0
102
RTVSPropertyOp39
 70
     0
102
RTVSPropertyOp40
 70
     0
102
RTVSPropertyOp41
 70
     0
102
RTVSPropertyOp42
 70
     0
102
RTVSPropertyOp43
 70
     0
102
RTVSPropertyOp44
 70
     0
102
RTVSPropertyOp45
 70
     0
102
RTVSPropertyOp46
 70
     0
102
RTVSPropertyOp47
 70
     0
102
RTVSPropertyOp48
 70
     0
102
RTVSPropertyOp49
 70
     0
102
RTVSPropertyOp50
 70
     0
102
RTVSPropertyOp51
 70
     0
102
RTVSPropertyOp52
 70
     0
102
RTVSPropertyOp53
 70
     0
102
RTVSPropertyOp54
 70
     0
102
RTVSPropertyOp55
 70
     0
102
RTVSPropertyOp56
 70
     0
102
RTVSPropertyOp57
 70
     0
102
RTVSPost2010Prop28
280
     0
102
RTVSPost2010PropOp28
 70
     0
102
RTVSPost2010Prop29
280
     1
102
RTVSPost2010PropOp29
 70
     0
102
RTVSPost2010Prop30
280
     1
102
RTVSPost2010PropOp30
 70
     0
102
RTVSPost2010Prop31
280
     0
102
RTVSPost2010PropOp31
 70
     0
102
RTVSPost2010Prop32
280
     0
102
RTVSPost2010PropOp32
 70
     0
102
RTVSPost2010Prop33
280
     0
102
RTVSPost2010PropOp33
 70
     0
102
RTVSPost2010Prop34
280
     0
102
RTVSPost2010PropOp34
 70
     0
102
RTVSPost2010Prop35
280
     0
102
RTVSPost2010PropOp35
 70
     0
102
RTVSPost2010Prop36
280
     0
102
RTVSPost2010PropOp36
 70
     0
102
RTVSPost2010Prop37
 90
       50
102
RTVSPost2010PropOp37
 70
     0
102
RTVSPost2010Prop38
140
0.0
102
RTVSPost2010PropOp38
 70
     0
102
RTVSPost2010Prop39
140
1.0
102
RTVSPost2010PropOp39
 70
     0
102
RTVSPost2010Prop40
 90
        0
102
RTVSPost2010PropOp40
 70
     0
102
RTVSPost2010Prop41ColorIndex
 90
       18
102
RTVSPost2010Prop41ColorRGB
 90
        0
102
RTVSPost2010PropOp41
 70
     0
102
RTVSPost2010Prop42
 90
       50
102
RTVSPost2010PropOp42
 70
     0
102
RTVSPost2010Prop43
 90
        3
102
RTVSPost2010PropOp43
 70
     0
102
RTVSPost2010Prop44ColorIndex
 90
        5
102
RTVSPost2010Prop44ColorRGB
 90
      255
102
RTVSPost2010PropOp44
 70
     0
102
RTVSPost2010Prop45
280
     0
102
RTVSPost2010PropOp45
 70
     0
102
RTVSPost2010Prop46
 90
       50
102
RTVSPost2010PropOp46
 70
     0
102
RTVSPost2010Prop47
 90
       50
102
RTVSPost2010PropOp47
 70
     0
102
RTVSPost2010Prop48
 90
       50
102
RTVSPost2010PropOp48
 70
     0
102
RTVSPost2010Prop49
280
     0
102
RTVSPost2010PropOp49
 70
     0
102
RTVSPost2010Prop50
 90
       50
102
RTVSPost2010PropOp50
 70
     0
102
RTVSPost2010Prop51ColorIndex
 90
      256
102
RTVSPost2010Prop51ColorRGB
 90
-16777216
102
RTVSPost2010PropOp51
 70
     0
102
RTVSPost2010Prop52
140
1.0
102
RTVSPost2010PropOp52
 70
     0
102
RTVSPost2010Prop53
 90
        2
102
RTVSPost2010PropOp53
 70
     0
102
RTVSPost2010Prop54
  1
strokes_ogs.tif
102
RTVSPost2010PropOp54
 70
     0
102
RTVSPost2010Prop55
280
     0
102
RTVSPost2010PropOp55
 70
     0
102
RTVSPost2010Prop56
140
1.0
102
RTVSPost2010PropOp56
 70
     0
102
RTVSPost2010Prop57
140
1.0
102
RTVSPost2010PropOp57
 70
     0
  0
XRECORD
  5
4C3
102
{ACAD_REACTORS
330
4C2
102
}
330
4C2
100
AcDbXrecord
280
     1
102
RTVSPropertyOp0
 70
     1
102
RTVSPropertyOp1
 70
     1
102
RTVSPropertyOp2
 70
     1
102
RTVSPropertyOp3
 70
     1
102
RTVSPropertyOp4
 70
     1
102
RTVSPropertyOp5
 70
     1
102
RTVSPropertyOp6
 70
     1
102
RTVSPropertyOp7
 70
     1
102
RTVSPropertyOp8
 70
     1
102
RTVSPropertyOp9
 70
     1
102
RTVSPropertyOp10
 70
     1
102
RTVSPropertyOp11
 70
     1
102
RTVSPropertyOp12
 70
     1
102
RTVSPropertyOp13
 70
     1
102
RTVSPropertyOp14
 70
     1
102
RTVSPropertyOp15
 70
     1
102
RTVSPropertyOp16
 70
     1
102
RTVSPropertyOp17
 70
     1
102
RTVSPropertyOp18
 70
     1
102
RTVSPropertyOp19
 70
     1
102
RTVSPropertyOp20
 70
     1
102
RTVSPropertyOp21
 70
     1
102
RTVSPropertyOp22
 70
     1
102
RTVSPropertyOp23
 70
     1
102
RTVSPropertyOp24
 70
     1
102
RTVSPropertyOp25
 70
     1
102
RTVSPropertyOp26
 70
     1
102
RTVSPropertyOp27
 70
     1
102
RTVSPropertyOp28
 70
     1
102
RTVSPropertyOp29
 70
     1
102
RTVSPropertyOp30
 70
     1
102
RTVSPropertyOp31
 70
     1
102
RTVSPropertyOp32
 70
     1
102
RTVSPropertyOp33
 70
     1
102
RTVSPropertyOp34
 70
     1
102
RTVSPropertyOp35
 70
     1
102
RTVSPropertyOp36
 70
     1
102
RTVSPropertyOp37
 70
     1
102
RTVSPropertyOp38
 70
     1
102
RTVSPropertyOp39
 70
     1
102
RTVSPropertyOp40
 70
     1
102
RTVSPropertyOp41
 70
     1
102
RTVSPropertyOp42
 70
     1
102
RTVSPropertyOp43
 70
     1
102
RTVSPropertyOp44
 70
     1
102
RTVSPropertyOp45
 70
     1
102
RTVSPropertyOp46
 70
     1
102
RTVSPropertyOp47
 70
     1
102
RTVSPropertyOp48
 70
     1
102
RTVSPropertyOp49
 70
     1
102
RTVSPropertyOp50
 70
     1
102
RTVSPropertyOp51
 70
     0
102
RTVSPropertyOp52
 70
     0
102
RTVSPropertyOp53
 70
     1
102
RTVSPropertyOp54
 70
     1
102
RTVSPropertyOp55
 70
     1
102
RTVSPropertyOp56
 70
     1
102
RTVSPropertyOp57
 70
     1
102
RTVSPost2010Prop28
280
     0
102
RTVSPost2010PropOp28
 70
     1
102
RTVSPost2010Prop29
280
     1
102
RTVSPost2010PropOp29
 70
     1
102
RTVSPost2010Prop30
280
     1
102
RTVSPost2010PropOp30
 70
     1
102
RTVSPost2010Prop31
280
     0
102
RTVSPost2010PropOp31
 70
     1
102
RTVSPost2010Prop32
280
     0
102
RTVSPost2010PropOp32
 70
     1
102
RTVSPost2010Prop33
280
     0
102
RTVSPost2010PropOp33
 70
     1
102
RTVSPost2010Prop34
280
     0
102
RTVSPost2010PropOp34
 70
     1
102
RTVSPost2010Prop35
280
     0
102
RTVSPost2010PropOp35
 70
     1
102
RTVSPost2010Prop36
280
     0
102
RTVSPost2010PropOp36
 70
     1
102
RTVSPost2010Prop37
 90
       50
102
RTVSPost2010PropOp37
 70
     1
102
RTVSPost2010Prop38
140
0.0
102
RTVSPost2010PropOp38
 70
     1
102
RTVSPost2010Prop39
140
1.0
102
RTVSPost2010PropOp39
 70
     1
102
RTVSPost2010Prop40
 90
        0
102
RTVSPost2010PropOp40
 70
     1
102
RTVSPost2010Prop41ColorIndex
 90
       18
102
RTVSPost2010Prop41ColorRGB
 90
        0
102
RTVSPost2010PropOp41
 70
     1
102
RTVSPost2010Prop42
 90
       50
102
RTVSPost2010PropOp42
 70
     1
102
RTVSPost2010Prop43
 90
        3
102
RTVSPost2010PropOp43
 70
     1
102
RTVSPost2010Prop44ColorIndex
 90
        5
102
RTVSPost2010Prop44ColorRGB
 90
      255
102
RTVSPost2010PropOp44
 70
     1
102
RTVSPost2010Prop45
280
     0
102
RTVSPost2010PropOp45
 70
     1
102
RTVSPost2010Prop46
 90
       50
102
RTVSPost2010PropOp46
 70
     1
102
RTVSPost2010Prop47
 90
       50
102
RTVSPost2010PropOp47
 70
     1
102
RTVSPost2010Prop48
 90
       50
102
RTVSPost2010PropOp48
 70
     1
102
RTVSPost2010Prop49
280
     0
102
RTVSPost2010PropOp49
 70
     1
102
RTVSPost2010Prop50
 90
       50
102
RTVSPost2010PropOp50
 70
     1
102
RTVSPost2010Prop51ColorIndex
 90
      256
102
RTVSPost2010Prop51ColorRGB
 90
-16777216
102
RTVSPost2010PropOp51
 70
     0
102
RTVSPost2010Prop52
140
1.0
102
RTVSPost2010PropOp52
 70
     0
102
RTVSPost2010Prop53
 90
        2
102
RTVSPost2010PropOp53
 70
     1
102
RTVSPost2010Prop54
  1
strokes_ogs.tif
102
RTVSPost2010PropOp54
 70
     1
102
RTVSPost2010Prop55
280
     0
102
RTVSPost2010PropOp55
 70
     1
102
RTVSPost2010Prop56
140
1.0
102
RTVSPost2010PropOp56
 70
     1
102
RTVSPost2010Prop57
140
1.0
102
RTVSPost2010PropOp57
 70
     1
  0
XRECORD
  5
4A7
102
{ACAD_REACTORS
330
4A6
102
}
330
4A6
100
AcDbXrecord
280
     1
102
RTVSPropertyOp0
 70
     1
102
RTVSPropertyOp1
 70
     1
102
RTVSPropertyOp2
 70
     1
102
RTVSPropertyOp3
 70
     1
102
RTVSPropertyOp4
 70
     1
102
RTVSPropertyOp5
 70
     1
102
RTVSPropertyOp6
 70
     1
102
RTVSPropertyOp7
 70
     1
102
RTVSPropertyOp8
 70
     1
102
RTVSPropertyOp9
 70
     1
102
RTVSPropertyOp10
 70
     1
102
RTVSPropertyOp11
 70
     1
102
RTVSPropertyOp12
 70
     1
102
RTVSPropertyOp13
 70
     1
102
RTVSPropertyOp14
 70
     1
102
RTVSPropertyOp15
 70
     1
102
RTVSPropertyOp16
 70
     1
102
RTVSPropertyOp17
 70
     1
102
RTVSPropertyOp18
 70
     1
102
RTVSPropertyOp19
 70
     1
102
RTVSPropertyOp20
 70
     1
102
RTVSPropertyOp21
 70
     1
102
RTVSPropertyOp22
 70
     1
102
RTVSPropertyOp23
 70
     1
102
RTVSPropertyOp24
 70
     1
102
RTVSPropertyOp25
 70
     1
102
RTVSPropertyOp26
 70
     1
102
RTVSPropertyOp27
 70
     1
102
RTVSPropertyOp28
 70
     1
102
RTVSPropertyOp29
 70
     1
102
RTVSPropertyOp30
 70
     1
102
RTVSPropertyOp31
 70
     1
102
RTVSPropertyOp32
 70
     1
102
RTVSPropertyOp33
 70
     1
102
RTVSPropertyOp34
 70
     1
102
RTVSPropertyOp35
 70
     1
102
RTVSPropertyOp36
 70
     1
102
RTVSPropertyOp37
 70
     1
102
RTVSPropertyOp38
 70
     1
102
RTVSPropertyOp39
 70
     1
102
RTVSPropertyOp40
 70
     1
102
RTVSPropertyOp41
 70
     1
102
RTVSPropertyOp42
 70
     1
102
RTVSPropertyOp43
 70
     1
102
RTVSPropertyOp44
 70
     1
102
RTVSPropertyOp45
 70
     1
102
RTVSPropertyOp46
 70
     1
102
RTVSPropertyOp47
 70
     1
102
RTVSPropertyOp48
 70
     1
102
RTVSPropertyOp49
 70
     1
102
RTVSPropertyOp50
 70
     1
102
RTVSPropertyOp51
 70
     0
102
RTVSPropertyOp52
 70
     0
102
RTVSPropertyOp53
 70
     1
102
RTVSPropertyOp54
 70
     1
102
RTVSPropertyOp55
 70
     1
102
RTVSPropertyOp56
 70
     1
102
RTVSPropertyOp57
 70
     1
102
RTVSPost2010Prop28
280
     0
102
RTVSPost2010PropOp28
 70
     1
102
RTVSPost2010Prop29
280
     1
102
RTVSPost2010PropOp29
 70
     1
102
RTVSPost2010Prop30
280
     1
102
RTVSPost2010PropOp30
 70
     1
102
RTVSPost2010Prop31
280
     0
102
RTVSPost2010PropOp31
 70
     1
102
RTVSPost2010Prop32
280
     0
102
RTVSPost2010PropOp32
 70
     1
102
RTVSPost2010Prop33
280
     0
102
RTVSPost2010PropOp33
 70
     1
102
RTVSPost2010Prop34
280
     0
102
RTVSPost2010PropOp34
 70
     1
102
RTVSPost2010Prop35
280
     0
102
RTVSPost2010PropOp35
 70
     1
102
RTVSPost2010Prop36
280
     0
102
RTVSPost2010PropOp36
 70
     1
102
RTVSPost2010Prop37
 90
       50
102
RTVSPost2010PropOp37
 70
     1
102
RTVSPost2010Prop38
140
0.0
102
RTVSPost2010PropOp38
 70
     1
102
RTVSPost2010Prop39
140
1.0
102
RTVSPost2010PropOp39
 70
     1
102
RTVSPost2010Prop40
 90
        0
102
RTVSPost2010PropOp40
 70
     1
102
RTVSPost2010Prop41ColorIndex
 90
       18
102
RTVSPost2010Prop41ColorRGB
 90
        0
102
RTVSPost2010PropOp41
 70
     1
102
RTVSPost2010Prop42
 90
       50
102
RTVSPost2010PropOp42
 70
     1
102
RTVSPost2010Prop43
 90
        3
102
RTVSPost2010PropOp43
 70
     1
102
RTVSPost2010Prop44ColorIndex
 90
        5
102
RTVSPost2010Prop44ColorRGB
 90
      255
102
RTVSPost2010PropOp44
 70
     1
102
RTVSPost2010Prop45
280
     0
102
RTVSPost2010PropOp45
 70
     1
102
RTVSPost2010Prop46
 90
       50
102
RTVSPost2010PropOp46
 70
     1
102
RTVSPost2010Prop47
 90
       50
102
RTVSPost2010PropOp47
 70
     1
102
RTVSPost2010Prop48
 90
       50
102
RTVSPost2010PropOp48
 70
     1
102
RTVSPost2010Prop49
280
     0
102
RTVSPost2010PropOp49
 70
     1
102
RTVSPost2010Prop50
 90
       50
102
RTVSPost2010PropOp50
 70
     1
102
RTVSPost2010Prop51ColorIndex
 90
      256
102
RTVSPost2010Prop51ColorRGB
 90
-16777216
102
RTVSPost2010PropOp51
 70
     0
102
RTVSPost2010Prop52
140
1.0
102
RTVSPost2010PropOp52
 70
     0
102
RTVSPost2010Prop53
 90
        2
102
RTVSPost2010PropOp53
 70
     1
102
RTVSPost2010Prop54
  1
strokes_ogs.tif
102
RTVSPost2010PropOp54
 70
     1
102
RTVSPost2010Prop55
280
     0
102
RTVSPost2010PropOp55
 70
     1
102
RTVSPost2010Prop56
140
1.0
102
RTVSPost2010PropOp56
 70
     1
102
RTVSPost2010Prop57
140
1.0
102
RTVSPost2010PropOp57
 70
     1
  0
XRECORD
  5
4A9
102
{ACAD_REACTORS
330
4A8
102
}
330
4A8
100
AcDbXrecord
280
     1
102
RTVSPropertyOp0
 70
     1
102
RTVSPropertyOp1
 70
     1
102
RTVSPropertyOp2
 70
     1
102
RTVSPropertyOp3
 70
     1
102
RTVSPropertyOp4
 70
     1
102
RTVSPropertyOp5
 70
     1
102
RTVSPropertyOp6
 70
     1
102
RTVSPropertyOp7
 70
     1
102
RTVSPropertyOp8
 70
     1
102
RTVSPropertyOp9
 70
     1
102
RTVSPropertyOp10
 70
     1
102
RTVSPropertyOp11
 70
     1
102
RTVSPropertyOp12
 70
     1
102
RTVSPropertyOp13
 70
     1
102
RTVSPropertyOp14
 70
     1
102
RTVSPropertyOp15
 70
     1
102
RTVSPropertyOp16
 70
     1
102
RTVSPropertyOp17
 70
     1
102
RTVSPropertyOp18
 70
     1
102
RTVSPropertyOp19
 70
     1
102
RTVSPropertyOp20
 70
     1
102
RTVSPropertyOp21
 70
     1
102
RTVSPropertyOp22
 70
     1
102
RTVSPropertyOp23
 70
     1
102
RTVSPropertyOp24
 70
     1
102
RTVSPropertyOp25
 70
     1
102
RTVSPropertyOp26
 70
     1
102
RTVSPropertyOp27
 70
     1
102
RTVSPropertyOp28
 70
     1
102
RTVSPropertyOp29
 70
     1
102
RTVSPropertyOp30
 70
     1
102
RTVSPropertyOp31
 70
     1
102
RTVSPropertyOp32
 70
     1
102
RTVSPropertyOp33
 70
     1
102
RTVSPropertyOp34
 70
     1
102
RTVSPropertyOp35
 70
     1
102
RTVSPropertyOp36
 70
     1
102
RTVSPropertyOp37
 70
     1
102
RTVSPropertyOp38
 70
     1
102
RTVSPropertyOp39
 70
     1
102
RTVSPropertyOp40
 70
     1
102
RTVSPropertyOp41
 70
     1
102
RTVSPropertyOp42
 70
     1
102
RTVSPropertyOp43
 70
     1
102
RTVSPropertyOp44
 70
     1
102
RTVSPropertyOp45
 70
     1
102
RTVSPropertyOp46
 70
     1
102
RTVSPropertyOp47
 70
     1
102
RTVSPropertyOp48
 70
     1
102
RTVSPropertyOp49
 70
     1
102
RTVSPropertyOp50
 70
     1
102
RTVSPropertyOp51
 70
     0
102
RTVSPropertyOp52
 70
     0
102
RTVSPropertyOp53
 70
     1
102
RTVSPropertyOp54
 70
     1
102
RTVSPropertyOp55
 70
     1
102
RTVSPropertyOp56
 70
     1
102
RTVSPropertyOp57
 70
     1
102
RTVSPost2010Prop28
280
     0
102
RTVSPost2010PropOp28
 70
     1
102
RTVSPost2010Prop29
280
     1
102
RTVSPost2010PropOp29
 70
     1
102
RTVSPost2010Prop30
280
     1
102
RTVSPost2010PropOp30
 70
     1
102
RTVSPost2010Prop31
280
     0
102
RTVSPost2010PropOp31
 70
     1
102
RTVSPost2010Prop32
280
     0
102
RTVSPost2010PropOp32
 70
     1
102
RTVSPost2010Prop33
280
     0
102
RTVSPost2010PropOp33
 70
     1
102
RTVSPost2010Prop34
280
     0
102
RTVSPost2010PropOp34
 70
     1
102
RTVSPost2010Prop35
280
     0
102
RTVSPost2010PropOp35
 70
     1
102
RTVSPost2010Prop36
280
     0
102
RTVSPost2010PropOp36
 70
     1
102
RTVSPost2010Prop37
 90
       50
102
RTVSPost2010PropOp37
 70
     1
102
RTVSPost2010Prop38
140
0.0
102
RTVSPost2010PropOp38
 70
     1
102
RTVSPost2010Prop39
140
1.0
102
RTVSPost2010PropOp39
 70
     1
102
RTVSPost2010Prop40
 90
        0
102
RTVSPost2010PropOp40
 70
     1
102
RTVSPost2010Prop41ColorIndex
 90
       18
102
RTVSPost2010Prop41ColorRGB
 90
        0
102
RTVSPost2010PropOp41
 70
     1
102
RTVSPost2010Prop42
 90
       50
102
RTVSPost2010PropOp42
 70
     1
102
RTVSPost2010Prop43
 90
        3
102
RTVSPost2010PropOp43
 70
     1
102
RTVSPost2010Prop44ColorIndex
 90
        5
102
RTVSPost2010Prop44ColorRGB
 90
      255
102
RTVSPost2010PropOp44
 70
     1
102
RTVSPost2010Prop45
280
     0
102
RTVSPost2010PropOp45
 70
     1
102
RTVSPost2010Prop46
 90
       50
102
RTVSPost2010PropOp46
 70
     1
102
RTVSPost2010Prop47
 90
       50
102
RTVSPost2010PropOp47
 70
     1
102
RTVSPost2010Prop48
 90
       50
102
RTVSPost2010PropOp48
 70
     1
102
RTVSPost2010Prop49
280
     0
102
RTVSPost2010PropOp49
 70
     1
102
RTVSPost2010Prop50
 90
       50
102
RTVSPost2010PropOp50
 70
     1
102
RTVSPost2010Prop51ColorIndex
 90
      256
102
RTVSPost2010Prop51ColorRGB
 90
-16777216
102
RTVSPost2010PropOp51
 70
     0
102
RTVSPost2010Prop52
140
1.0
102
RTVSPost2010PropOp52
 70
     0
102
RTVSPost2010Prop53
 90
        2
102
RTVSPost2010PropOp53
 70
     1
102
RTVSPost2010Prop54
  1
strokes_ogs.tif
102
RTVSPost2010PropOp54
 70
     1
102
RTVSPost2010Prop55
280
     0
102
RTVSPost2010PropOp55
 70
     1
102
RTVSPost2010Prop56
140
1.0
102
RTVSPost2010PropOp56
 70
     1
102
RTVSPost2010Prop57
140
1.0
102
RTVSPost2010PropOp57
 70
     1
  0
XRECORD
  5
4AB
102
{ACAD_REACTORS
330
4AA
102
}
330
4AA
100
AcDbXrecord
280
     1
102
RTVSPropertyOp0
 70
     1
102
RTVSPropertyOp1
 70
     1
102
RTVSPropertyOp2
 70
     1
102
RTVSPropertyOp3
 70
     1
102
RTVSPropertyOp4
 70
     1
102
RTVSPropertyOp5
 70
     1
102
RTVSPropertyOp6
 70
     1
102
RTVSPropertyOp7
 70
     1
102
RTVSPropertyOp8
 70
     1
102
RTVSPropertyOp9
 70
     1
102
RTVSPropertyOp10
 70
     1
102
RTVSPropertyOp11
 70
     1
102
RTVSPropertyOp12
 70
     1
102
RTVSPropertyOp13
 70
     1
102
RTVSPropertyOp14
 70
     1
102
RTVSPropertyOp15
 70
     1
102
RTVSPropertyOp16
 70
     1
102
RTVSPropertyOp17
 70
     1
102
RTVSPropertyOp18
 70
     1
102
RTVSPropertyOp19
 70
     1
102
RTVSPropertyOp20
 70
     1
102
RTVSPropertyOp21
 70
     1
102
RTVSPropertyOp22
 70
     1
102
RTVSPropertyOp23
 70
     1
102
RTVSPropertyOp24
 70
     1
102
RTVSPropertyOp25
 70
     1
102
RTVSPropertyOp26
 70
     1
102
RTVSPropertyOp27
 70
     1
102
RTVSPropertyOp28
 70
     1
102
RTVSPropertyOp29
 70
     1
102
RTVSPropertyOp30
 70
     1
102
RTVSPropertyOp31
 70
     1
102
RTVSPropertyOp32
 70
     1
102
RTVSPropertyOp33
 70
     1
102
RTVSPropertyOp34
 70
     1
102
RTVSPropertyOp35
 70
     1
102
RTVSPropertyOp36
 70
     1
102
RTVSPropertyOp37
 70
     1
102
RTVSPropertyOp38
 70
     1
102
RTVSPropertyOp39
 70
     1
102
RTVSPropertyOp40
 70
     1
102
RTVSPropertyOp41
 70
     1
102
RTVSPropertyOp42
 70
     1
102
RTVSPropertyOp43
 70
     1
102
RTVSPropertyOp44
 70
     1
102
RTVSPropertyOp45
 70
     1
102
RTVSPropertyOp46
 70
     1
102
RTVSPropertyOp47
 70
     1
102
RTVSPropertyOp48
 70
     1
102
RTVSPropertyOp49
 70
     1
102
RTVSPropertyOp50
 70
     1
102
RTVSPropertyOp51
 70
     0
102
RTVSPropertyOp52
 70
     0
102
RTVSPropertyOp53
 70
     1
102
RTVSPropertyOp54
 70
     1
102
RTVSPropertyOp55
 70
     1
102
RTVSPropertyOp56
 70
     1
102
RTVSPropertyOp57
 70
     1
102
RTVSPost2010Prop28
280
     0
102
RTVSPost2010PropOp28
 70
     1
102
RTVSPost2010Prop29
280
     1
102
RTVSPost2010PropOp29
 70
     1
102
RTVSPost2010Prop30
280
     1
102
RTVSPost2010PropOp30
 70
     1
102
RTVSPost2010Prop31
280
     0
102
RTVSPost2010PropOp31
 70
     1
102
RTVSPost2010Prop32
280
     0
102
RTVSPost2010PropOp32
 70
     1
102
RTVSPost2010Prop33
280
     0
102
RTVSPost2010PropOp33
 70
     1
102
RTVSPost2010Prop34
280
     0
102
RTVSPost2010PropOp34
 70
     1
102
RTVSPost2010Prop35
280
     0
102
RTVSPost2010PropOp35
 70
     1
102
RTVSPost2010Prop36
280
     0
102
RTVSPost2010PropOp36
 70
     1
102
RTVSPost2010Prop37
 90
       50
102
RTVSPost2010PropOp37
 70
     1
102
RTVSPost2010Prop38
140
0.0
102
RTVSPost2010PropOp38
 70
     1
102
RTVSPost2010Prop39
140
1.0
102
RTVSPost2010PropOp39
 70
     1
102
RTVSPost2010Prop40
 90
        0
102
RTVSPost2010PropOp40
 70
     1
102
RTVSPost2010Prop41ColorIndex
 90
       18
102
RTVSPost2010Prop41ColorRGB
 90
        0
102
RTVSPost2010PropOp41
 70
     1
102
RTVSPost2010Prop42
 90
       50
102
RTVSPost2010PropOp42
 70
     1
102
RTVSPost2010Prop43
 90
        3
102
RTVSPost2010PropOp43
 70
     1
102
RTVSPost2010Prop44ColorIndex
 90
        5
102
RTVSPost2010Prop44ColorRGB
 90
      255
102
RTVSPost2010PropOp44
 70
     1
102
RTVSPost2010Prop45
280
     0
102
RTVSPost2010PropOp45
 70
     1
102
RTVSPost2010Prop46
 90
       50
102
RTVSPost2010PropOp46
 70
     1
102
RTVSPost2010Prop47
 90
       50
102
RTVSPost2010PropOp47
 70
     1
102
RTVSPost2010Prop48
 90
       50
102
RTVSPost2010PropOp48
 70
     1
102
RTVSPost2010Prop49
280
     0
102
RTVSPost2010PropOp49
 70
     1
102
RTVSPost2010Prop50
 90
       50
102
RTVSPost2010PropOp50
 70
     1
102
RTVSPost2010Prop51ColorIndex
 90
      256
102
RTVSPost2010Prop51ColorRGB
 90
-16777216
102
RTVSPost2010PropOp51
 70
     0
102
RTVSPost2010Prop52
140
1.0
102
RTVSPost2010PropOp52
 70
     0
102
RTVSPost2010Prop53
 90
        2
102
RTVSPost2010PropOp53
 70
     1
102
RTVSPost2010Prop54
  1
strokes_ogs.tif
102
RTVSPost2010PropOp54
 70
     1
102
RTVSPost2010Prop55
280
     0
102
RTVSPost2010PropOp55
 70
     1
102
RTVSPost2010Prop56
140
1.0
102
RTVSPost2010PropOp56
 70
     1
102
RTVSPost2010Prop57
140
1.0
102
RTVSPost2010PropOp57
 70
     1
  0
XRECORD
  5
4AD
102
{ACAD_REACTORS
330
4AC
102
}
330
4AC
100
AcDbXrecord
280
     1
102
RTVSPropertyOp0
 70
     1
102
RTVSPropertyOp1
 70
     1
102
RTVSPropertyOp2
 70
     1
102
RTVSPropertyOp3
 70
     1
102
RTVSPropertyOp4
 70
     1
102
RTVSPropertyOp5
 70
     1
102
RTVSPropertyOp6
 70
     1
102
RTVSPropertyOp7
 70
     1
102
RTVSPropertyOp8
 70
     1
102
RTVSPropertyOp9
 70
     1
102
RTVSPropertyOp10
 70
     1
102
RTVSPropertyOp11
 70
     1
102
RTVSPropertyOp12
 70
     1
102
RTVSPropertyOp13
 70
     1
102
RTVSPropertyOp14
 70
     1
102
RTVSPropertyOp15
 70
     1
102
RTVSPropertyOp16
 70
     1
102
RTVSPropertyOp17
 70
     1
102
RTVSPropertyOp18
 70
     1
102
RTVSPropertyOp19
 70
     1
102
RTVSPropertyOp20
 70
     1
102
RTVSPropertyOp21
 70
     1
102
RTVSPropertyOp22
 70
     1
102
RTVSPropertyOp23
 70
     1
102
RTVSPropertyOp24
 70
     1
102
RTVSPropertyOp25
 70
     1
102
RTVSPropertyOp26
 70
     1
102
RTVSPropertyOp27
 70
     1
102
RTVSPropertyOp28
 70
     1
102
RTVSPropertyOp29
 70
     1
102
RTVSPropertyOp30
 70
     1
102
RTVSPropertyOp31
 70
     1
102
RTVSPropertyOp32
 70
     1
102
RTVSPropertyOp33
 70
     1
102
RTVSPropertyOp34
 70
     1
102
RTVSPropertyOp35
 70
     1
102
RTVSPropertyOp36
 70
     1
102
RTVSPropertyOp37
 70
     1
102
RTVSPropertyOp38
 70
     1
102
RTVSPropertyOp39
 70
     1
102
RTVSPropertyOp40
 70
     1
102
RTVSPropertyOp41
 70
     1
102
RTVSPropertyOp42
 70
     1
102
RTVSPropertyOp43
 70
     1
102
RTVSPropertyOp44
 70
     1
102
RTVSPropertyOp45
 70
     1
102
RTVSPropertyOp46
 70
     1
102
RTVSPropertyOp47
 70
     1
102
RTVSPropertyOp48
 70
     1
102
RTVSPropertyOp49
 70
     1
102
RTVSPropertyOp50
 70
     1
102
RTVSPropertyOp51
 70
     0
102
RTVSPropertyOp52
 70
     0
102
RTVSPropertyOp53
 70
     1
102
RTVSPropertyOp54
 70
     1
102
RTVSPropertyOp55
 70
     1
102
RTVSPropertyOp56
 70
     1
102
RTVSPropertyOp57
 70
     1
102
RTVSPost2010Prop28
280
     0
102
RTVSPost2010PropOp28
 70
     1
102
RTVSPost2010Prop29
280
     1
102
RTVSPost2010PropOp29
 70
     1
102
RTVSPost2010Prop30
280
     1
102
RTVSPost2010PropOp30
 70
     1
102
RTVSPost2010Prop31
280
     0
102
RTVSPost2010PropOp31
 70
     1
102
RTVSPost2010Prop32
280
     0
102
RTVSPost2010PropOp32
 70
     1
102
RTVSPost2010Prop33
280
     0
102
RTVSPost2010PropOp33
 70
     1
102
RTVSPost2010Prop34
280
     0
102
RTVSPost2010PropOp34
 70
     1
102
RTVSPost2010Prop35
280
     0
102
RTVSPost2010PropOp35
 70
     1
102
RTVSPost2010Prop36
280
     0
102
RTVSPost2010PropOp36
 70
     1
102
RTVSPost2010Prop37
 90
       50
102
RTVSPost2010PropOp37
 70
     1
102
RTVSPost2010Prop38
140
0.0
102
RTVSPost2010PropOp38
 70
     1
102
RTVSPost2010Prop39
140
1.0
102
RTVSPost2010PropOp39
 70
     1
102
RTVSPost2010Prop40
 90
        0
102
RTVSPost2010PropOp40
 70
     1
102
RTVSPost2010Prop41ColorIndex
 90
       18
102
RTVSPost2010Prop41ColorRGB
 90
        0
102
RTVSPost2010PropOp41
 70
     1
102
RTVSPost2010Prop42
 90
       50
102
RTVSPost2010PropOp42
 70
     1
102
RTVSPost2010Prop43
 90
        3
102
RTVSPost2010PropOp43
 70
     1
102
RTVSPost2010Prop44ColorIndex
 90
        5
102
RTVSPost2010Prop44ColorRGB
 90
      255
102
RTVSPost2010PropOp44
 70
     1
102
RTVSPost2010Prop45
280
     0
102
RTVSPost2010PropOp45
 70
     1
102
RTVSPost2010Prop46
 90
       50
102
RTVSPost2010PropOp46
 70
     1
102
RTVSPost2010Prop47
 90
       50
102
RTVSPost2010PropOp47
 70
     1
102
RTVSPost2010Prop48
 90
       50
102
RTVSPost2010PropOp48
 70
     1
102
RTVSPost2010Prop49
280
     0
102
RTVSPost2010PropOp49
 70
     1
102
RTVSPost2010Prop50
 90
       50
102
RTVSPost2010PropOp50
 70
     1
102
RTVSPost2010Prop51ColorIndex
 90
      256
102
RTVSPost2010Prop51ColorRGB
 90
-16777216
102
RTVSPost2010PropOp51
 70
     0
102
RTVSPost2010Prop52
140
1.0
102
RTVSPost2010PropOp52
 70
     0
102
RTVSPost2010Prop53
 90
        2
102
RTVSPost2010PropOp53
 70
     1
102
RTVSPost2010Prop54
  1
strokes_ogs.tif
102
RTVSPost2010PropOp54
 70
     1
102
RTVSPost2010Prop55
280
     0
102
RTVSPost2010PropOp55
 70
     1
102
RTVSPost2010Prop56
140
1.0
102
RTVSPost2010PropOp56
 70
     1
102
RTVSPost2010Prop57
140
1.0
102
RTVSPost2010PropOp57
 70
     1
  0
XRECORD
  5
4B3
102
{ACAD_REACTORS
330
4B2
102
}
330
4B2
100
AcDbXrecord
280
     1
102
RTVSPropertyOp0
 70
     1
102
RTVSPropertyOp1
 70
     1
102
RTVSPropertyOp2
 70
     1
102
RTVSPropertyOp3
 70
     1
102
RTVSPropertyOp4
 70
     1
102
RTVSPropertyOp5
 70
     1
102
RTVSPropertyOp6
 70
     1
102
RTVSPropertyOp7
 70
     1
102
RTVSPropertyOp8
 70
     1
102
RTVSPropertyOp9
 70
     1
102
RTVSPropertyOp10
 70
     1
102
RTVSPropertyOp11
 70
     1
102
RTVSPropertyOp12
 70
     1
102
RTVSPropertyOp13
 70
     1
102
RTVSPropertyOp14
 70
     1
102
RTVSPropertyOp15
 70
     1
102
RTVSPropertyOp16
 70
     1
102
RTVSPropertyOp17
 70
     1
102
RTVSPropertyOp18
 70
     1
102
RTVSPropertyOp19
 70
     1
102
RTVSPropertyOp20
 70
     1
102
RTVSPropertyOp21
 70
     1
102
RTVSPropertyOp22
 70
     1
102
RTVSPropertyOp23
 70
     1
102
RTVSPropertyOp24
 70
     1
102
RTVSPropertyOp25
 70
     1
102
RTVSPropertyOp26
 70
     1
102
RTVSPropertyOp27
 70
     1
102
RTVSPropertyOp28
 70
     1
102
RTVSPropertyOp29
 70
     1
102
RTVSPropertyOp30
 70
     1
102
RTVSPropertyOp31
 70
     1
102
RTVSPropertyOp32
 70
     1
102
RTVSPropertyOp33
 70
     1
102
RTVSPropertyOp34
 70
     1
102
RTVSPropertyOp35
 70
     1
102
RTVSPropertyOp36
 70
     1
102
RTVSPropertyOp37
 70
     1
102
RTVSPropertyOp38
 70
     1
102
RTVSPropertyOp39
 70
     1
102
RTVSPropertyOp40
 70
     1
102
RTVSPropertyOp41
 70
     1
102
RTVSPropertyOp42
 70
     1
102
RTVSPropertyOp43
 70
     1
102
RTVSPropertyOp44
 70
     1
102
RTVSPropertyOp45
 70
     1
102
RTVSPropertyOp46
 70
     1
102
RTVSPropertyOp47
 70
     1
102
RTVSPropertyOp48
 70
     1
102
RTVSPropertyOp49
 70
     1
102
RTVSPropertyOp50
 70
     1
102
RTVSPropertyOp51
 70
     0
102
RTVSPropertyOp52
 70
     0
102
RTVSPropertyOp53
 70
     1
102
RTVSPropertyOp54
 70
     1
102
RTVSPropertyOp55
 70
     1
102
RTVSPropertyOp56
 70
     1
102
RTVSPropertyOp57
 70
     1
102
RTVSPost2010Prop28
280
     0
102
RTVSPost2010PropOp28
 70
     1
102
RTVSPost2010Prop29
280
     1
102
RTVSPost2010PropOp29
 70
     1
102
RTVSPost2010Prop30
280
     1
102
RTVSPost2010PropOp30
 70
     1
102
RTVSPost2010Prop31
280
     0
102
RTVSPost2010PropOp31
 70
     1
102
RTVSPost2010Prop32
280
     0
102
RTVSPost2010PropOp32
 70
     1
102
RTVSPost2010Prop33
280
     0
102
RTVSPost2010PropOp33
 70
     1
102
RTVSPost2010Prop34
280
     0
102
RTVSPost2010PropOp34
 70
     1
102
RTVSPost2010Prop35
280
     0
102
RTVSPost2010PropOp35
 70
     1
102
RTVSPost2010Prop36
280
     0
102
RTVSPost2010PropOp36
 70
     1
102
RTVSPost2010Prop37
 90
       50
102
RTVSPost2010PropOp37
 70
     1
102
RTVSPost2010Prop38
140
0.0
102
RTVSPost2010PropOp38
 70
     1
102
RTVSPost2010Prop39
140
1.0
102
RTVSPost2010PropOp39
 70
     1
102
RTVSPost2010Prop40
 90
        0
102
RTVSPost2010PropOp40
 70
     1
102
RTVSPost2010Prop41ColorIndex
 90
       18
102
RTVSPost2010Prop41ColorRGB
 90
        0
102
RTVSPost2010PropOp41
 70
     1
102
RTVSPost2010Prop42
 90
       50
102
RTVSPost2010PropOp42
 70
     1
102
RTVSPost2010Prop43
 90
        3
102
RTVSPost2010PropOp43
 70
     1
102
RTVSPost2010Prop44ColorIndex
 90
        5
102
RTVSPost2010Prop44ColorRGB
 90
      255
102
RTVSPost2010PropOp44
 70
     1
102
RTVSPost2010Prop45
280
     0
102
RTVSPost2010PropOp45
 70
     1
102
RTVSPost2010Prop46
 90
       50
102
RTVSPost2010PropOp46
 70
     1
102
RTVSPost2010Prop47
 90
       50
102
RTVSPost2010PropOp47
 70
     1
102
RTVSPost2010Prop48
 90
       50
102
RTVSPost2010PropOp48
 70
     1
102
RTVSPost2010Prop49
280
     0
102
RTVSPost2010PropOp49
 70
     1
102
RTVSPost2010Prop50
 90
       50
102
RTVSPost2010PropOp50
 70
     1
102
RTVSPost2010Prop51ColorIndex
 90
      256
102
RTVSPost2010Prop51ColorRGB
 90
-16777216
102
RTVSPost2010PropOp51
 70
     0
102
RTVSPost2010Prop52
140
1.0
102
RTVSPost2010PropOp52
 70
     0
102
RTVSPost2010Prop53
 90
        2
102
RTVSPost2010PropOp53
 70
     1
102
RTVSPost2010Prop54
  1
strokes_ogs.tif
102
RTVSPost2010PropOp54
 70
     1
102
RTVSPost2010Prop55
280
     0
102
RTVSPost2010PropOp55
 70
     1
102
RTVSPost2010Prop56
140
1.0
102
RTVSPost2010PropOp56
 70
     1
102
RTVSPost2010Prop57
140
1.0
102
RTVSPost2010PropOp57
 70
     1
  0
XRECORD
  5
4C7
102
{ACAD_REACTORS
330
4C6
102
}
330
4C6
100
AcDbXrecord
280
     1
102
RTVSPropertyOp0
 70
     0
102
RTVSPropertyOp1
 70
     0
102
RTVSPropertyOp2
 70
     0
102
RTVSPropertyOp3
 70
     0
102
RTVSPropertyOp4
 70
     0
102
RTVSPropertyOp5
 70
     0
102
RTVSPropertyOp6
 70
     0
102
RTVSPropertyOp7
 70
     0
102
RTVSPropertyOp8
 70
     0
102
RTVSPropertyOp9
 70
     0
102
RTVSPropertyOp10
 70
     0
102
RTVSPropertyOp11
 70
     0
102
RTVSPropertyOp12
 70
     0
102
RTVSPropertyOp13
 70
     0
102
RTVSPropertyOp14
 70
     2
102
RTVSPropertyOp15
 70
     0
102
RTVSPropertyOp16
 70
     0
102
RTVSPropertyOp17
 70
     0
102
RTVSPropertyOp18
 70
     0
102
RTVSPropertyOp19
 70
     0
102
RTVSPropertyOp20
 70
     0
102
RTVSPropertyOp21
 70
     0
102
RTVSPropertyOp22
 70
     0
102
RTVSPropertyOp23
 70
     0
102
RTVSPropertyOp24
 70
     0
102
RTVSPropertyOp25
 70
     0
102
RTVSPropertyOp26
 70
     0
102
RTVSPropertyOp27
 70
     0
102
RTVSPropertyOp28
 70
     0
102
RTVSPropertyOp29
 70
     0
102
RTVSPropertyOp30
 70
     0
102
RTVSPropertyOp31
 70
     0
102
RTVSPropertyOp32
 70
     0
102
RTVSPropertyOp33
 70
     0
102
RTVSPropertyOp34
 70
     0
102
RTVSPropertyOp35
 70
     0
102
RTVSPropertyOp36
 70
     0
102
RTVSPropertyOp37
 70
     0
102
RTVSPropertyOp38
 70
     0
102
RTVSPropertyOp39
 70
     0
102
RTVSPropertyOp40
 70
     0
102
RTVSPropertyOp41
 70
     0
102
RTVSPropertyOp42
 70
     0
102
RTVSPropertyOp43
 70
     0
102
RTVSPropertyOp44
 70
     0
102
RTVSPropertyOp45
 70
     0
102
RTVSPropertyOp46
 70
     0
102
RTVSPropertyOp47
 70
     0
102
RTVSPropertyOp48
 70
     0
102
RTVSPropertyOp49
 70
     0
102
RTVSPropertyOp50
 70
     0
102
RTVSPropertyOp51
 70
     0
102
RTVSPropertyOp52
 70
     0
102
RTVSPropertyOp53
 70
     0
102
RTVSPropertyOp54
 70
     0
102
RTVSPropertyOp55
 70
     0
102
RTVSPropertyOp56
 70
     0
102
RTVSPropertyOp57
 70
     0
102
RTVSPost2010Prop28
280
     0
102
RTVSPost2010PropOp28
 70
     0
102
RTVSPost2010Prop29
280
     1
102
RTVSPost2010PropOp29
 70
     0
102
RTVSPost2010Prop30
280
     1
102
RTVSPost2010PropOp30
 70
     0
102
RTVSPost2010Prop31
280
     0
102
RTVSPost2010PropOp31
 70
     0
102
RTVSPost2010Prop32
280
     0
102
RTVSPost2010PropOp32
 70
     0
102
RTVSPost2010Prop33
280
     0
102
RTVSPost2010PropOp33
 70
     0
102
RTVSPost2010Prop34
280
     0
102
RTVSPost2010PropOp34
 70
     0
102
RTVSPost2010Prop35
280
     0
102
RTVSPost2010PropOp35
 70
     0
102
RTVSPost2010Prop36
280
     0
102
RTVSPost2010PropOp36
 70
     0
102
RTVSPost2010Prop37
 90
       50
102
RTVSPost2010PropOp37
 70
     0
102
RTVSPost2010Prop38
140
0.0
102
RTVSPost2010PropOp38
 70
     0
102
RTVSPost2010Prop39
140
1.0
102
RTVSPost2010PropOp39
 70
     0
102
RTVSPost2010Prop40
 90
        0
102
RTVSPost2010PropOp40
 70
     0
102
RTVSPost2010Prop41ColorIndex
 90
       18
102
RTVSPost2010Prop41ColorRGB
 90
        0
102
RTVSPost2010PropOp41
 70
     0
102
RTVSPost2010Prop42
 90
       50
102
RTVSPost2010PropOp42
 70
     0
102
RTVSPost2010Prop43
 90
        3
102
RTVSPost2010PropOp43
 70
     0
102
RTVSPost2010Prop44ColorIndex
 90
        5
102
RTVSPost2010Prop44ColorRGB
 90
      255
102
RTVSPost2010PropOp44
 70
     0
102
RTVSPost2010Prop45
280
     0
102
RTVSPost2010PropOp45
 70
     0
102
RTVSPost2010Prop46
 90
       50
102
RTVSPost2010PropOp46
 70
     0
102
RTVSPost2010Prop47
 90
       50
102
RTVSPost2010PropOp47
 70
     0
102
RTVSPost2010Prop48
 90
       50
102
RTVSPost2010PropOp48
 70
     0
102
RTVSPost2010Prop49
280
     0
102
RTVSPost2010PropOp49
 70
     0
102
RTVSPost2010Prop50
 90
       50
102
RTVSPost2010PropOp50
 70
     0
102
RTVSPost2010Prop51ColorIndex
 90
      256
102
RTVSPost2010Prop51ColorRGB
 90
-16777216
102
RTVSPost2010PropOp51
 70
     0
102
RTVSPost2010Prop52
140
1.0
102
RTVSPost2010PropOp52
 70
     0
102
RTVSPost2010Prop53
 90
        2
102
RTVSPost2010PropOp53
 70
     0
102
RTVSPost2010Prop54
  1
strokes_ogs.tif
102
RTVSPost2010PropOp54
 70
     0
102
RTVSPost2010Prop55
280
     0
102
RTVSPost2010PropOp55
 70
     0
102
RTVSPost2010Prop56
140
1.0
102
RTVSPost2010PropOp56
 70
     0
102
RTVSPost2010Prop57
140
1.0
102
RTVSPost2010PropOp57
 70
     0
  0
XRECORD
  5
4C1
102
{ACAD_REACTORS
330
4C0
102
}
330
4C0
100
AcDbXrecord
280
     1
102
RTVSPropertyOp0
 70
     1
102
RTVSPropertyOp1
 70
     1
102
RTVSPropertyOp2
 70
     1
102
RTVSPropertyOp3
 70
     1
102
RTVSPropertyOp4
 70
     1
102
RTVSPropertyOp5
 70
     1
102
RTVSPropertyOp6
 70
     1
102
RTVSPropertyOp7
 70
     1
102
RTVSPropertyOp8
 70
     1
102
RTVSPropertyOp9
 70
     1
102
RTVSPropertyOp10
 70
     1
102
RTVSPropertyOp11
 70
     1
102
RTVSPropertyOp12
 70
     1
102
RTVSPropertyOp13
 70
     1
102
RTVSPropertyOp14
 70
     1
102
RTVSPropertyOp15
 70
     1
102
RTVSPropertyOp16
 70
     1
102
RTVSPropertyOp17
 70
     1
102
RTVSPropertyOp18
 70
     1
102
RTVSPropertyOp19
 70
     1
102
RTVSPropertyOp20
 70
     1
102
RTVSPropertyOp21
 70
     1
102
RTVSPropertyOp22
 70
     1
102
RTVSPropertyOp23
 70
     1
102
RTVSPropertyOp24
 70
     1
102
RTVSPropertyOp25
 70
     1
102
RTVSPropertyOp26
 70
     1
102
RTVSPropertyOp27
 70
     1
102
RTVSPropertyOp28
 70
     1
102
RTVSPropertyOp29
 70
     1
102
RTVSPropertyOp30
 70
     1
102
RTVSPropertyOp31
 70
     1
102
RTVSPropertyOp32
 70
     1
102
RTVSPropertyOp33
 70
     1
102
RTVSPropertyOp34
 70
     1
102
RTVSPropertyOp35
 70
     1
102
RTVSPropertyOp36
 70
     1
102
RTVSPropertyOp37
 70
     1
102
RTVSPropertyOp38
 70
     1
102
RTVSPropertyOp39
 70
     1
102
RTVSPropertyOp40
 70
     1
102
RTVSPropertyOp41
 70
     1
102
RTVSPropertyOp42
 70
     1
102
RTVSPropertyOp43
 70
     1
102
RTVSPropertyOp44
 70
     1
102
RTVSPropertyOp45
 70
     1
102
RTVSPropertyOp46
 70
     1
102
RTVSPropertyOp47
 70
     1
102
RTVSPropertyOp48
 70
     1
102
RTVSPropertyOp49
 70
     1
102
RTVSPropertyOp50
 70
     1
102
RTVSPropertyOp51
 70
     0
102
RTVSPropertyOp52
 70
     0
102
RTVSPropertyOp53
 70
     1
102
RTVSPropertyOp54
 70
     1
102
RTVSPropertyOp55
 70
     1
102
RTVSPropertyOp56
 70
     1
102
RTVSPropertyOp57
 70
     1
102
RTVSPost2010Prop28
280
     0
102
RTVSPost2010PropOp28
 70
     1
102
RTVSPost2010Prop29
280
     1
102
RTVSPost2010PropOp29
 70
     1
102
RTVSPost2010Prop30
280
     1
102
RTVSPost2010PropOp30
 70
     1
102
RTVSPost2010Prop31
280
     0
102
RTVSPost2010PropOp31
 70
     1
102
RTVSPost2010Prop32
280
     0
102
RTVSPost2010PropOp32
 70
     1
102
RTVSPost2010Prop33
280
     0
102
RTVSPost2010PropOp33
 70
     1
102
RTVSPost2010Prop34
280
     0
102
RTVSPost2010PropOp34
 70
     1
102
RTVSPost2010Prop35
280
     0
102
RTVSPost2010PropOp35
 70
     1
102
RTVSPost2010Prop36
280
     0
102
RTVSPost2010PropOp36
 70
     1
102
RTVSPost2010Prop37
 90
       50
102
RTVSPost2010PropOp37
 70
     1
102
RTVSPost2010Prop38
140
0.0
102
RTVSPost2010PropOp38
 70
     1
102
RTVSPost2010Prop39
140
1.0
102
RTVSPost2010PropOp39
 70
     1
102
RTVSPost2010Prop40
 90
        0
102
RTVSPost2010PropOp40
 70
     1
102
RTVSPost2010Prop41ColorIndex
 90
       18
102
RTVSPost2010Prop41ColorRGB
 90
        0
102
RTVSPost2010PropOp41
 70
     1
102
RTVSPost2010Prop42
 90
       50
102
RTVSPost2010PropOp42
 70
     1
102
RTVSPost2010Prop43
 90
        3
102
RTVSPost2010PropOp43
 70
     1
102
RTVSPost2010Prop44ColorIndex
 90
        5
102
RTVSPost2010Prop44ColorRGB
 90
      255
102
RTVSPost2010PropOp44
 70
     1
102
RTVSPost2010Prop45
280
     0
102
RTVSPost2010PropOp45
 70
     1
102
RTVSPost2010Prop46
 90
       50
102
RTVSPost2010PropOp46
 70
     1
102
RTVSPost2010Prop47
 90
       50
102
RTVSPost2010PropOp47
 70
     1
102
RTVSPost2010Prop48
 90
       50
102
RTVSPost2010PropOp48
 70
     1
102
RTVSPost2010Prop49
280
     0
102
RTVSPost2010PropOp49
 70
     1
102
RTVSPost2010Prop50
 90
       50
102
RTVSPost2010PropOp50
 70
     1
102
RTVSPost2010Prop51ColorIndex
 90
      256
102
RTVSPost2010Prop51ColorRGB
 90
-16777216
102
RTVSPost2010PropOp51
 70
     0
102
RTVSPost2010Prop52
140
1.0
102
RTVSPost2010PropOp52
 70
     0
102
RTVSPost2010Prop53
 90
        2
102
RTVSPost2010PropOp53
 70
     1
102
RTVSPost2010Prop54
  1
strokes_ogs.tif
102
RTVSPost2010PropOp54
 70
     1
102
RTVSPost2010Prop55
280
     0
102
RTVSPost2010PropOp55
 70
     1
102
RTVSPost2010Prop56
140
1.0
102
RTVSPost2010PropOp56
 70
     1
102
RTVSPost2010Prop57
140
1.0
102
RTVSPost2010PropOp57
 70
     1
  0
XRECORD
  5
4C9
102
{ACAD_REACTORS
330
4C8
102
}
330
4C8
100
AcDbXrecord
280
     1
102
RTVSPropertyOp0
 70
     0
102
RTVSPropertyOp1
 70
     0
102
RTVSPropertyOp2
 70
     0
102
RTVSPropertyOp3
 70
     0
102
RTVSPropertyOp4
 70
     0
102
RTVSPropertyOp5
 70
     0
102
RTVSPropertyOp6
 70
     0
102
RTVSPropertyOp7
 70
     0
102
RTVSPropertyOp8
 70
     0
102
RTVSPropertyOp9
 70
     0
102
RTVSPropertyOp10
 70
     0
102
RTVSPropertyOp11
 70
     0
102
RTVSPropertyOp12
 70
     0
102
RTVSPropertyOp13
 70
     0
102
RTVSPropertyOp14
 70
     2
102
RTVSPropertyOp15
 70
     0
102
RTVSPropertyOp16
 70
     0
102
RTVSPropertyOp17
 70
     0
102
RTVSPropertyOp18
 70
     0
102
RTVSPropertyOp19
 70
     0
102
RTVSPropertyOp20
 70
     0
102
RTVSPropertyOp21
 70
     0
102
RTVSPropertyOp22
 70
     0
102
RTVSPropertyOp23
 70
     0
102
RTVSPropertyOp24
 70
     0
102
RTVSPropertyOp25
 70
     0
102
RTVSPropertyOp26
 70
     0
102
RTVSPropertyOp27
 70
     0
102
RTVSPropertyOp28
 70
     0
102
RTVSPropertyOp29
 70
     0
102
RTVSPropertyOp30
 70
     0
102
RTVSPropertyOp31
 70
     0
102
RTVSPropertyOp32
 70
     0
102
RTVSPropertyOp33
 70
     0
102
RTVSPropertyOp34
 70
     0
102
RTVSPropertyOp35
 70
     0
102
RTVSPropertyOp36
 70
     0
102
RTVSPropertyOp37
 70
     0
102
RTVSPropertyOp38
 70
     0
102
RTVSPropertyOp39
 70
     0
102
RTVSPropertyOp40
 70
     0
102
RTVSPropertyOp41
 70
     0
102
RTVSPropertyOp42
 70
     0
102
RTVSPropertyOp43
 70
     0
102
RTVSPropertyOp44
 70
     0
102
RTVSPropertyOp45
 70
     0
102
RTVSPropertyOp46
 70
     0
102
RTVSPropertyOp47
 70
     0
102
RTVSPropertyOp48
 70
     0
102
RTVSPropertyOp49
 70
     0
102
RTVSPropertyOp50
 70
     0
102
RTVSPropertyOp51
 70
     0
102
RTVSPropertyOp52
 70
     0
102
RTVSPropertyOp53
 70
     0
102
RTVSPropertyOp54
 70
     0
102
RTVSPropertyOp55
 70
     0
102
RTVSPropertyOp56
 70
     0
102
RTVSPropertyOp57
 70
     0
102
RTVSPost2010Prop28
280
     0
102
RTVSPost2010PropOp28
 70
     0
102
RTVSPost2010Prop29
280
     1
102
RTVSPost2010PropOp29
 70
     0
102
RTVSPost2010Prop30
280
     1
102
RTVSPost2010PropOp30
 70
     0
102
RTVSPost2010Prop31
280
     0
102
RTVSPost2010PropOp31
 70
     0
102
RTVSPost2010Prop32
280
     0
102
RTVSPost2010PropOp32
 70
     0
102
RTVSPost2010Prop33
280
     0
102
RTVSPost2010PropOp33
 70
     0
102
RTVSPost2010Prop34
280
     0
102
RTVSPost2010PropOp34
 70
     0
102
RTVSPost2010Prop35
280
     0
102
RTVSPost2010PropOp35
 70
     0
102
RTVSPost2010Prop36
280
     0
102
RTVSPost2010PropOp36
 70
     0
102
RTVSPost2010Prop37
 90
       50
102
RTVSPost2010PropOp37
 70
     0
102
RTVSPost2010Prop38
140
0.0
102
RTVSPost2010PropOp38
 70
     0
102
RTVSPost2010Prop39
140
1.0
102
RTVSPost2010PropOp39
 70
     0
102
RTVSPost2010Prop40
 90
        0
102
RTVSPost2010PropOp40
 70
     0
102
RTVSPost2010Prop41ColorIndex
 90
       18
102
RTVSPost2010Prop41ColorRGB
 90
        0
102
RTVSPost2010PropOp41
 70
     0
102
RTVSPost2010Prop42
 90
       50
102
RTVSPost2010PropOp42
 70
     0
102
RTVSPost2010Prop43
 90
        3
102
RTVSPost2010PropOp43
 70
     0
102
RTVSPost2010Prop44ColorIndex
 90
        5
102
RTVSPost2010Prop44ColorRGB
 90
      255
102
RTVSPost2010PropOp44
 70
     0
102
RTVSPost2010Prop45
280
     0
102
RTVSPost2010PropOp45
 70
     0
102
RTVSPost2010Prop46
 90
       50
102
RTVSPost2010PropOp46
 70
     0
102
RTVSPost2010Prop47
 90
       50
102
RTVSPost2010PropOp47
 70
     0
102
RTVSPost2010Prop48
 90
       50
102
RTVSPost2010PropOp48
 70
     0
102
RTVSPost2010Prop49
280
     0
102
RTVSPost2010PropOp49
 70
     0
102
RTVSPost2010Prop50
 90
       50
102
RTVSPost2010PropOp50
 70
     0
102
RTVSPost2010Prop51ColorIndex
 90
      256
102
RTVSPost2010Prop51ColorRGB
 90
-16777216
102
RTVSPost2010PropOp51
 70
     0
102
RTVSPost2010Prop52
140
1.0
102
RTVSPost2010PropOp52
 70
     0
102
RTVSPost2010Prop53
 90
        2
102
RTVSPost2010PropOp53
 70
     0
102
RTVSPost2010Prop54
  1
strokes_ogs.tif
102
RTVSPost2010PropOp54
 70
     0
102
RTVSPost2010Prop55
280
     0
102
RTVSPost2010PropOp55
 70
     0
102
RTVSPost2010Prop56
140
1.0
102
RTVSPost2010PropOp56
 70
     0
102
RTVSPost2010Prop57
140
1.0
102
RTVSPost2010PropOp57
 70
     0
  0
XRECORD
  5
4B7
102
{ACAD_REACTORS
330
4B6
102
}
330
4B6
100
AcDbXrecord
280
     1
102
RTVSPropertyOp0
 70
     1
102
RTVSPropertyOp1
 70
     1
102
RTVSPropertyOp2
 70
     1
102
RTVSPropertyOp3
 70
     1
102
RTVSPropertyOp4
 70
     1
102
RTVSPropertyOp5
 70
     1
102
RTVSPropertyOp6
 70
     1
102
RTVSPropertyOp7
 70
     1
102
RTVSPropertyOp8
 70
     1
102
RTVSPropertyOp9
 70
     1
102
RTVSPropertyOp10
 70
     1
102
RTVSPropertyOp11
 70
     1
102
RTVSPropertyOp12
 70
     1
102
RTVSPropertyOp13
 70
     1
102
RTVSPropertyOp14
 70
     1
102
RTVSPropertyOp15
 70
     1
102
RTVSPropertyOp16
 70
     1
102
RTVSPropertyOp17
 70
     1
102
RTVSPropertyOp18
 70
     1
102
RTVSPropertyOp19
 70
     1
102
RTVSPropertyOp20
 70
     1
102
RTVSPropertyOp21
 70
     1
102
RTVSPropertyOp22
 70
     1
102
RTVSPropertyOp23
 70
     1
102
RTVSPropertyOp24
 70
     1
102
RTVSPropertyOp25
 70
     1
102
RTVSPropertyOp26
 70
     1
102
RTVSPropertyOp27
 70
     1
102
RTVSPropertyOp28
 70
     1
102
RTVSPropertyOp29
 70
     1
102
RTVSPropertyOp30
 70
     1
102
RTVSPropertyOp31
 70
     1
102
RTVSPropertyOp32
 70
     1
102
RTVSPropertyOp33
 70
     1
102
RTVSPropertyOp34
 70
     1
102
RTVSPropertyOp35
 70
     1
102
RTVSPropertyOp36
 70
     1
102
RTVSPropertyOp37
 70
     1
102
RTVSPropertyOp38
 70
     1
102
RTVSPropertyOp39
 70
     1
102
RTVSPropertyOp40
 70
     1
102
RTVSPropertyOp41
 70
     1
102
RTVSPropertyOp42
 70
     1
102
RTVSPropertyOp43
 70
     1
102
RTVSPropertyOp44
 70
     1
102
RTVSPropertyOp45
 70
     1
102
RTVSPropertyOp46
 70
     1
102
RTVSPropertyOp47
 70
     1
102
RTVSPropertyOp48
 70
     1
102
RTVSPropertyOp49
 70
     1
102
RTVSPropertyOp50
 70
     1
102
RTVSPropertyOp51
 70
     0
102
RTVSPropertyOp52
 70
     0
102
RTVSPropertyOp53
 70
     1
102
RTVSPropertyOp54
 70
     1
102
RTVSPropertyOp55
 70
     1
102
RTVSPropertyOp56
 70
     1
102
RTVSPropertyOp57
 70
     1
102
RTVSPost2010Prop28
280
     0
102
RTVSPost2010PropOp28
 70
     1
102
RTVSPost2010Prop29
280
     1
102
RTVSPost2010PropOp29
 70
     1
102
RTVSPost2010Prop30
280
     1
102
RTVSPost2010PropOp30
 70
     1
102
RTVSPost2010Prop31
280
     0
102
RTVSPost2010PropOp31
 70
     1
102
RTVSPost2010Prop32
280
     0
102
RTVSPost2010PropOp32
 70
     1
102
RTVSPost2010Prop33
280
     0
102
RTVSPost2010PropOp33
 70
     1
102
RTVSPost2010Prop34
280
     0
102
RTVSPost2010PropOp34
 70
     1
102
RTVSPost2010Prop35
280
     0
102
RTVSPost2010PropOp35
 70
     1
102
RTVSPost2010Prop36
280
     0
102
RTVSPost2010PropOp36
 70
     1
102
RTVSPost2010Prop37
 90
       50
102
RTVSPost2010PropOp37
 70
     1
102
RTVSPost2010Prop38
140
0.0
102
RTVSPost2010PropOp38
 70
     1
102
RTVSPost2010Prop39
140
1.0
102
RTVSPost2010PropOp39
 70
     1
102
RTVSPost2010Prop40
 90
        0
102
RTVSPost2010PropOp40
 70
     1
102
RTVSPost2010Prop41ColorIndex
 90
       18
102
RTVSPost2010Prop41ColorRGB
 90
        0
102
RTVSPost2010PropOp41
 70
     1
102
RTVSPost2010Prop42
 90
       50
102
RTVSPost2010PropOp42
 70
     1
102
RTVSPost2010Prop43
 90
        3
102
RTVSPost2010PropOp43
 70
     1
102
RTVSPost2010Prop44ColorIndex
 90
        5
102
RTVSPost2010Prop44ColorRGB
 90
      255
102
RTVSPost2010PropOp44
 70
     1
102
RTVSPost2010Prop45
280
     0
102
RTVSPost2010PropOp45
 70
     1
102
RTVSPost2010Prop46
 90
       50
102
RTVSPost2010PropOp46
 70
     1
102
RTVSPost2010Prop47
 90
       50
102
RTVSPost2010PropOp47
 70
     1
102
RTVSPost2010Prop48
 90
       50
102
RTVSPost2010PropOp48
 70
     1
102
RTVSPost2010Prop49
280
     0
102
RTVSPost2010PropOp49
 70
     1
102
RTVSPost2010Prop50
 90
       50
102
RTVSPost2010PropOp50
 70
     1
102
RTVSPost2010Prop51ColorIndex
 90
      256
102
RTVSPost2010Prop51ColorRGB
 90
-16777216
102
RTVSPost2010PropOp51
 70
     0
102
RTVSPost2010Prop52
140
1.0
102
RTVSPost2010PropOp52
 70
     0
102
RTVSPost2010Prop53
 90
        2
102
RTVSPost2010PropOp53
 70
     1
102
RTVSPost2010Prop54
  1
strokes_ogs.tif
102
RTVSPost2010PropOp54
 70
     1
102
RTVSPost2010Prop55
280
     0
102
RTVSPost2010PropOp55
 70
     1
102
RTVSPost2010Prop56
140
1.0
102
RTVSPost2010PropOp56
 70
     1
102
RTVSPost2010Prop57
140
1.0
102
RTVSPost2010PropOp57
 70
     1
  0
XRECORD
  5
4D5
102
{ACAD_REACTORS
330
4D4
102
}
330
4D4
100
AcDbXrecord
280
     1
102
RTVSPropertyOp0
 70
     1
102
RTVSPropertyOp1
 70
     1
102
RTVSPropertyOp2
 70
     1
102
RTVSPropertyOp3
 70
     1
102
RTVSPropertyOp4
 70
     1
102
RTVSPropertyOp5
 70
     1
102
RTVSPropertyOp6
 70
     1
102
RTVSPropertyOp7
 70
     1
102
RTVSPropertyOp8
 70
     1
102
RTVSPropertyOp9
 70
     1
102
RTVSPropertyOp10
 70
     1
102
RTVSPropertyOp11
 70
     1
102
RTVSPropertyOp12
 70
     1
102
RTVSPropertyOp13
 70
     1
102
RTVSPropertyOp14
 70
     1
102
RTVSPropertyOp15
 70
     1
102
RTVSPropertyOp16
 70
     1
102
RTVSPropertyOp17
 70
     1
102
RTVSPropertyOp18
 70
     1
102
RTVSPropertyOp19
 70
     1
102
RTVSPropertyOp20
 70
     1
102
RTVSPropertyOp21
 70
     1
102
RTVSPropertyOp22
 70
     1
102
RTVSPropertyOp23
 70
     1
102
RTVSPropertyOp24
 70
     1
102
RTVSPropertyOp25
 70
     1
102
RTVSPropertyOp26
 70
     1
102
RTVSPropertyOp27
 70
     1
102
RTVSPropertyOp28
 70
     1
102
RTVSPropertyOp29
 70
     1
102
RTVSPropertyOp30
 70
     1
102
RTVSPropertyOp31
 70
     1
102
RTVSPropertyOp32
 70
     1
102
RTVSPropertyOp33
 70
     1
102
RTVSPropertyOp34
 70
     1
102
RTVSPropertyOp35
 70
     1
102
RTVSPropertyOp36
 70
     1
102
RTVSPropertyOp37
 70
     1
102
RTVSPropertyOp38
 70
     1
102
RTVSPropertyOp39
 70
     1
102
RTVSPropertyOp40
 70
     1
102
RTVSPropertyOp41
 70
     1
102
RTVSPropertyOp42
 70
     1
102
RTVSPropertyOp43
 70
     1
102
RTVSPropertyOp44
 70
     1
102
RTVSPropertyOp45
 70
     1
102
RTVSPropertyOp46
 70
     1
102
RTVSPropertyOp47
 70
     1
102
RTVSPropertyOp48
 70
     1
102
RTVSPropertyOp49
 70
     1
102
RTVSPropertyOp50
 70
     1
102
RTVSPropertyOp51
 70
     0
102
RTVSPropertyOp52
 70
     0
102
RTVSPropertyOp53
 70
     1
102
RTVSPropertyOp54
 70
     1
102
RTVSPropertyOp55
 70
     1
102
RTVSPropertyOp56
 70
     1
102
RTVSPropertyOp57
 70
     1
102
RTVSPost2010Prop28
280
     0
102
RTVSPost2010PropOp28
 70
     1
102
RTVSPost2010Prop29
280
     1
102
RTVSPost2010PropOp29
 70
     1
102
RTVSPost2010Prop30
280
     1
102
RTVSPost2010PropOp30
 70
     1
102
RTVSPost2010Prop31
280
     0
102
RTVSPost2010PropOp31
 70
     1
102
RTVSPost2010Prop32
280
     0
102
RTVSPost2010PropOp32
 70
     1
102
RTVSPost2010Prop33
280
     0
102
RTVSPost2010PropOp33
 70
     1
102
RTVSPost2010Prop34
280
     0
102
RTVSPost2010PropOp34
 70
     1
102
RTVSPost2010Prop35
280
     0
102
RTVSPost2010PropOp35
 70
     1
102
RTVSPost2010Prop36
280
     0
102
RTVSPost2010PropOp36
 70
     1
102
RTVSPost2010Prop37
 90
       50
102
RTVSPost2010PropOp37
 70
     1
102
RTVSPost2010Prop38
140
0.0
102
RTVSPost2010PropOp38
 70
     1
102
RTVSPost2010Prop39
140
1.0
102
RTVSPost2010PropOp39
 70
     1
102
RTVSPost2010Prop40
 90
        0
102
RTVSPost2010PropOp40
 70
     1
102
RTVSPost2010Prop41ColorIndex
 90
       18
102
RTVSPost2010Prop41ColorRGB
 90
        0
102
RTVSPost2010PropOp41
 70
     1
102
RTVSPost2010Prop42
 90
       50
102
RTVSPost2010PropOp42
 70
     1
102
RTVSPost2010Prop43
 90
        3
102
RTVSPost2010PropOp43
 70
     1
102
RTVSPost2010Prop44ColorIndex
 90
        5
102
RTVSPost2010Prop44ColorRGB
 90
      255
102
RTVSPost2010PropOp44
 70
     1
102
RTVSPost2010Prop45
280
     0
102
RTVSPost2010PropOp45
 70
     1
102
RTVSPost2010Prop46
 90
       50
102
RTVSPost2010PropOp46
 70
     1
102
RTVSPost2010Prop47
 90
       50
102
RTVSPost2010PropOp47
 70
     1
102
RTVSPost2010Prop48
 90
       50
102
RTVSPost2010PropOp48
 70
     1
102
RTVSPost2010Prop49
280
     0
102
RTVSPost2010PropOp49
 70
     1
102
RTVSPost2010Prop50
 90
       50
102
RTVSPost2010PropOp50
 70
     1
102
RTVSPost2010Prop51ColorIndex
 90
      256
102
RTVSPost2010Prop51ColorRGB
 90
-16777216
102
RTVSPost2010PropOp51
 70
     0
102
RTVSPost2010Prop52
140
1.0
102
RTVSPost2010PropOp52
 70
     0
102
RTVSPost2010Prop53
 90
        2
102
RTVSPost2010PropOp53
 70
     1
102
RTVSPost2010Prop54
  1
strokes_ogs.tif
102
RTVSPost2010PropOp54
 70
     1
102
RTVSPost2010Prop55
280
     0
102
RTVSPost2010PropOp55
 70
     1
102
RTVSPost2010Prop56
140
1.0
102
RTVSPost2010PropOp56
 70
     1
102
RTVSPost2010Prop57
140
1.0
102
RTVSPost2010PropOp57
 70
     1
  0
XRECORD
  5
4D3
102
{ACAD_REACTORS
330
4D2
102
}
330
4D2
100
AcDbXrecord
280
     1
102
RTVSPropertyOp0
 70
     1
102
RTVSPropertyOp1
 70
     1
102
RTVSPropertyOp2
 70
     1
102
RTVSPropertyOp3
 70
     1
102
RTVSPropertyOp4
 70
     1
102
RTVSPropertyOp5
 70
     1
102
RTVSPropertyOp6
 70
     1
102
RTVSPropertyOp7
 70
     1
102
RTVSPropertyOp8
 70
     1
102
RTVSPropertyOp9
 70
     1
102
RTVSPropertyOp10
 70
     1
102
RTVSPropertyOp11
 70
     1
102
RTVSPropertyOp12
 70
     1
102
RTVSPropertyOp13
 70
     1
102
RTVSPropertyOp14
 70
     1
102
RTVSPropertyOp15
 70
     1
102
RTVSPropertyOp16
 70
     1
102
RTVSPropertyOp17
 70
     1
102
RTVSPropertyOp18
 70
     1
102
RTVSPropertyOp19
 70
     1
102
RTVSPropertyOp20
 70
     1
102
RTVSPropertyOp21
 70
     1
102
RTVSPropertyOp22
 70
     1
102
RTVSPropertyOp23
 70
     1
102
RTVSPropertyOp24
 70
     1
102
RTVSPropertyOp25
 70
     1
102
RTVSPropertyOp26
 70
     1
102
RTVSPropertyOp27
 70
     1
102
RTVSPropertyOp28
 70
     1
102
RTVSPropertyOp29
 70
     1
102
RTVSPropertyOp30
 70
     1
102
RTVSPropertyOp31
 70
     1
102
RTVSPropertyOp32
 70
     1
102
RTVSPropertyOp33
 70
     1
102
RTVSPropertyOp34
 70
     1
102
RTVSPropertyOp35
 70
     1
102
RTVSPropertyOp36
 70
     1
102
RTVSPropertyOp37
 70
     1
102
RTVSPropertyOp38
 70
     1
102
RTVSPropertyOp39
 70
     1
102
RTVSPropertyOp40
 70
     1
102
RTVSPropertyOp41
 70
     1
102
RTVSPropertyOp42
 70
     1
102
RTVSPropertyOp43
 70
     1
102
RTVSPropertyOp44
 70
     1
102
RTVSPropertyOp45
 70
     1
102
RTVSPropertyOp46
 70
     1
102
RTVSPropertyOp47
 70
     1
102
RTVSPropertyOp48
 70
     1
102
RTVSPropertyOp49
 70
     1
102
RTVSPropertyOp50
 70
     1
102
RTVSPropertyOp51
 70
     0
102
RTVSPropertyOp52
 70
     0
102
RTVSPropertyOp53
 70
     1
102
RTVSPropertyOp54
 70
     1
102
RTVSPropertyOp55
 70
     1
102
RTVSPropertyOp56
 70
     1
102
RTVSPropertyOp57
 70
     1
102
RTVSPost2010Prop28
280
     0
102
RTVSPost2010PropOp28
 70
     1
102
RTVSPost2010Prop29
280
     1
102
RTVSPost2010PropOp29
 70
     1
102
RTVSPost2010Prop30
280
     1
102
RTVSPost2010PropOp30
 70
     1
102
RTVSPost2010Prop31
280
     0
102
RTVSPost2010PropOp31
 70
     1
102
RTVSPost2010Prop32
280
     0
102
RTVSPost2010PropOp32
 70
     1
102
RTVSPost2010Prop33
280
     0
102
RTVSPost2010PropOp33
 70
     1
102
RTVSPost2010Prop34
280
     0
102
RTVSPost2010PropOp34
 70
     1
102
RTVSPost2010Prop35
280
     0
102
RTVSPost2010PropOp35
 70
     1
102
RTVSPost2010Prop36
280
     0
102
RTVSPost2010PropOp36
 70
     1
102
RTVSPost2010Prop37
 90
       50
102
RTVSPost2010PropOp37
 70
     1
102
RTVSPost2010Prop38
140
0.0
102
RTVSPost2010PropOp38
 70
     1
102
RTVSPost2010Prop39
140
1.0
102
RTVSPost2010PropOp39
 70
     1
102
RTVSPost2010Prop40
 90
        0
102
RTVSPost2010PropOp40
 70
     1
102
RTVSPost2010Prop41ColorIndex
 90
       18
102
RTVSPost2010Prop41ColorRGB
 90
        0
102
RTVSPost2010PropOp41
 70
     1
102
RTVSPost2010Prop42
 90
       50
102
RTVSPost2010PropOp42
 70
     1
102
RTVSPost2010Prop43
 90
        3
102
RTVSPost2010PropOp43
 70
     1
102
RTVSPost2010Prop44ColorIndex
 90
        5
102
RTVSPost2010Prop44ColorRGB
 90
      255
102
RTVSPost2010PropOp44
 70
     1
102
RTVSPost2010Prop45
280
     0
102
RTVSPost2010PropOp45
 70
     1
102
RTVSPost2010Prop46
 90
       50
102
RTVSPost2010PropOp46
 70
     1
102
RTVSPost2010Prop47
 90
       50
102
RTVSPost2010PropOp47
 70
     1
102
RTVSPost2010Prop48
 90
       50
102
RTVSPost2010PropOp48
 70
     1
102
RTVSPost2010Prop49
280
     0
102
RTVSPost2010PropOp49
 70
     1
102
RTVSPost2010Prop50
 90
       50
102
RTVSPost2010PropOp50
 70
     1
102
RTVSPost2010Prop51ColorIndex
 90
      256
102
RTVSPost2010Prop51ColorRGB
 90
-16777216
102
RTVSPost2010PropOp51
 70
     0
102
RTVSPost2010Prop52
140
1.0
102
RTVSPost2010PropOp52
 70
     0
102
RTVSPost2010Prop53
 90
        2
102
RTVSPost2010PropOp53
 70
     1
102
RTVSPost2010Prop54
  1
strokes_ogs.tif
102
RTVSPost2010PropOp54
 70
     1
102
RTVSPost2010Prop55
280
     0
102
RTVSPost2010PropOp55
 70
     1
102
RTVSPost2010Prop56
140
1.0
102
RTVSPost2010PropOp56
 70
     1
102
RTVSPost2010Prop57
140
1.0
102
RTVSPost2010PropOp57
 70
     1
  0
XRECORD
  5
4CD
102
{ACAD_REACTORS
330
4CC
102
}
330
4CC
100
AcDbXrecord
280
     1
102
RTVSPropertyOp0
 70
     1
102
RTVSPropertyOp1
 70
     1
102
RTVSPropertyOp2
 70
     1
102
RTVSPropertyOp3
 70
     1
102
RTVSPropertyOp4
 70
     1
102
RTVSPropertyOp5
 70
     1
102
RTVSPropertyOp6
 70
     1
102
RTVSPropertyOp7
 70
     1
102
RTVSPropertyOp8
 70
     1
102
RTVSPropertyOp9
 70
     1
102
RTVSPropertyOp10
 70
     1
102
RTVSPropertyOp11
 70
     1
102
RTVSPropertyOp12
 70
     1
102
RTVSPropertyOp13
 70
     1
102
RTVSPropertyOp14
 70
     1
102
RTVSPropertyOp15
 70
     1
102
RTVSPropertyOp16
 70
     1
102
RTVSPropertyOp17
 70
     1
102
RTVSPropertyOp18
 70
     1
102
RTVSPropertyOp19
 70
     1
102
RTVSPropertyOp20
 70
     1
102
RTVSPropertyOp21
 70
     1
102
RTVSPropertyOp22
 70
     1
102
RTVSPropertyOp23
 70
     1
102
RTVSPropertyOp24
 70
     1
102
RTVSPropertyOp25
 70
     1
102
RTVSPropertyOp26
 70
     1
102
RTVSPropertyOp27
 70
     1
102
RTVSPropertyOp28
 70
     1
102
RTVSPropertyOp29
 70
     1
102
RTVSPropertyOp30
 70
     1
102
RTVSPropertyOp31
 70
     1
102
RTVSPropertyOp32
 70
     1
102
RTVSPropertyOp33
 70
     1
102
RTVSPropertyOp34
 70
     1
102
RTVSPropertyOp35
 70
     1
102
RTVSPropertyOp36
 70
     1
102
RTVSPropertyOp37
 70
     1
102
RTVSPropertyOp38
 70
     1
102
RTVSPropertyOp39
 70
     1
102
RTVSPropertyOp40
 70
     1
102
RTVSPropertyOp41
 70
     1
102
RTVSPropertyOp42
 70
     1
102
RTVSPropertyOp43
 70
     1
102
RTVSPropertyOp44
 70
     1
102
RTVSPropertyOp45
 70
     1
102
RTVSPropertyOp46
 70
     1
102
RTVSPropertyOp47
 70
     1
102
RTVSPropertyOp48
 70
     1
102
RTVSPropertyOp49
 70
     1
102
RTVSPropertyOp50
 70
     1
102
RTVSPropertyOp51
 70
     0
102
RTVSPropertyOp52
 70
     0
102
RTVSPropertyOp53
 70
     1
102
RTVSPropertyOp54
 70
     1
102
RTVSPropertyOp55
 70
     1
102
RTVSPropertyOp56
 70
     1
102
RTVSPropertyOp57
 70
     1
102
RTVSPost2010Prop28
280
     0
102
RTVSPost2010PropOp28
 70
     1
102
RTVSPost2010Prop29
280
     1
102
RTVSPost2010PropOp29
 70
     1
102
RTVSPost2010Prop30
280
     1
102
RTVSPost2010PropOp30
 70
     1
102
RTVSPost2010Prop31
280
     0
102
RTVSPost2010PropOp31
 70
     1
102
RTVSPost2010Prop32
280
     0
102
RTVSPost2010PropOp32
 70
     1
102
RTVSPost2010Prop33
280
     0
102
RTVSPost2010PropOp33
 70
     1
102
RTVSPost2010Prop34
280
     0
102
RTVSPost2010PropOp34
 70
     1
102
RTVSPost2010Prop35
280
     0
102
RTVSPost2010PropOp35
 70
     1
102
RTVSPost2010Prop36
280
     0
102
RTVSPost2010PropOp36
 70
     1
102
RTVSPost2010Prop37
 90
       50
102
RTVSPost2010PropOp37
 70
     1
102
RTVSPost2010Prop38
140
0.0
102
RTVSPost2010PropOp38
 70
     1
102
RTVSPost2010Prop39
140
1.0
102
RTVSPost2010PropOp39
 70
     1
102
RTVSPost2010Prop40
 90
        0
102
RTVSPost2010PropOp40
 70
     1
102
RTVSPost2010Prop41ColorIndex
 90
       18
102
RTVSPost2010Prop41ColorRGB
 90
        0
102
RTVSPost2010PropOp41
 70
     1
102
RTVSPost2010Prop42
 90
       50
102
RTVSPost2010PropOp42
 70
     1
102
RTVSPost2010Prop43
 90
        3
102
RTVSPost2010PropOp43
 70
     1
102
RTVSPost2010Prop44ColorIndex
 90
        5
102
RTVSPost2010Prop44ColorRGB
 90
      255
102
RTVSPost2010PropOp44
 70
     1
102
RTVSPost2010Prop45
280
     0
102
RTVSPost2010PropOp45
 70
     1
102
RTVSPost2010Prop46
 90
       50
102
RTVSPost2010PropOp46
 70
     1
102
RTVSPost2010Prop47
 90
       50
102
RTVSPost2010PropOp47
 70
     1
102
RTVSPost2010Prop48
 90
       50
102
RTVSPost2010PropOp48
 70
     1
102
RTVSPost2010Prop49
280
     0
102
RTVSPost2010PropOp49
 70
     1
102
RTVSPost2010Prop50
 90
       50
102
RTVSPost2010PropOp50
 70
     1
102
RTVSPost2010Prop51ColorIndex
 90
      256
102
RTVSPost2010Prop51ColorRGB
 90
-16777216
102
RTVSPost2010PropOp51
 70
     0
102
RTVSPost2010Prop52
140
1.0
102
RTVSPost2010PropOp52
 70
     0
102
RTVSPost2010Prop53
 90
        2
102
RTVSPost2010PropOp53
 70
     1
102
RTVSPost2010Prop54
  1
strokes_ogs.tif
102
RTVSPost2010PropOp54
 70
     1
102
RTVSPost2010Prop55
280
     0
102
RTVSPost2010PropOp55
 70
     1
102
RTVSPost2010Prop56
140
1.0
102
RTVSPost2010PropOp56
 70
     1
102
RTVSPost2010Prop57
140
1.0
102
RTVSPost2010PropOp57
 70
     1
  0
XRECORD
  5
4CF
102
{ACAD_REACTORS
330
4CE
102
}
330
4CE
100
AcDbXrecord
280
     1
102
RTVSPropertyOp0
 70
     1
102
RTVSPropertyOp1
 70
     1
102
RTVSPropertyOp2
 70
     1
102
RTVSPropertyOp3
 70
     1
102
RTVSPropertyOp4
 70
     1
102
RTVSPropertyOp5
 70
     1
102
RTVSPropertyOp6
 70
     1
102
RTVSPropertyOp7
 70
     1
102
RTVSPropertyOp8
 70
     1
102
RTVSPropertyOp9
 70
     1
102
RTVSPropertyOp10
 70
     1
102
RTVSPropertyOp11
 70
     1
102
RTVSPropertyOp12
 70
     1
102
RTVSPropertyOp13
 70
     1
102
RTVSPropertyOp14
 70
     1
102
RTVSPropertyOp15
 70
     1
102
RTVSPropertyOp16
 70
     1
102
RTVSPropertyOp17
 70
     1
102
RTVSPropertyOp18
 70
     1
102
RTVSPropertyOp19
 70
     1
102
RTVSPropertyOp20
 70
     1
102
RTVSPropertyOp21
 70
     1
102
RTVSPropertyOp22
 70
     1
102
RTVSPropertyOp23
 70
     1
102
RTVSPropertyOp24
 70
     1
102
RTVSPropertyOp25
 70
     1
102
RTVSPropertyOp26
 70
     1
102
RTVSPropertyOp27
 70
     1
102
RTVSPropertyOp28
 70
     1
102
RTVSPropertyOp29
 70
     1
102
RTVSPropertyOp30
 70
     1
102
RTVSPropertyOp31
 70
     1
102
RTVSPropertyOp32
 70
     1
102
RTVSPropertyOp33
 70
     1
102
RTVSPropertyOp34
 70
     1
102
RTVSPropertyOp35
 70
     1
102
RTVSPropertyOp36
 70
     1
102
RTVSPropertyOp37
 70
     1
102
RTVSPropertyOp38
 70
     1
102
RTVSPropertyOp39
 70
     1
102
RTVSPropertyOp40
 70
     1
102
RTVSPropertyOp41
 70
     1
102
RTVSPropertyOp42
 70
     1
102
RTVSPropertyOp43
 70
     1
102
RTVSPropertyOp44
 70
     1
102
RTVSPropertyOp45
 70
     1
102
RTVSPropertyOp46
 70
     1
102
RTVSPropertyOp47
 70
     1
102
RTVSPropertyOp48
 70
     1
102
RTVSPropertyOp49
 70
     1
102
RTVSPropertyOp50
 70
     1
102
RTVSPropertyOp51
 70
     0
102
RTVSPropertyOp52
 70
     0
102
RTVSPropertyOp53
 70
     1
102
RTVSPropertyOp54
 70
     1
102
RTVSPropertyOp55
 70
     1
102
RTVSPropertyOp56
 70
     1
102
RTVSPropertyOp57
 70
     1
102
RTVSPost2010Prop28
280
     0
102
RTVSPost2010PropOp28
 70
     1
102
RTVSPost2010Prop29
280
     1
102
RTVSPost2010PropOp29
 70
     1
102
RTVSPost2010Prop30
280
     1
102
RTVSPost2010PropOp30
 70
     1
102
RTVSPost2010Prop31
280
     0
102
RTVSPost2010PropOp31
 70
     1
102
RTVSPost2010Prop32
280
     0
102
RTVSPost2010PropOp32
 70
     1
102
RTVSPost2010Prop33
280
     0
102
RTVSPost2010PropOp33
 70
     1
102
RTVSPost2010Prop34
280
     0
102
RTVSPost2010PropOp34
 70
     1
102
RTVSPost2010Prop35
280
     0
102
RTVSPost2010PropOp35
 70
     1
102
RTVSPost2010Prop36
280
     0
102
RTVSPost2010PropOp36
 70
     1
102
RTVSPost2010Prop37
 90
       50
102
RTVSPost2010PropOp37
 70
     1
102
RTVSPost2010Prop38
140
0.0
102
RTVSPost2010PropOp38
 70
     1
102
RTVSPost2010Prop39
140
1.0
102
RTVSPost2010PropOp39
 70
     1
102
RTVSPost2010Prop40
 90
        0
102
RTVSPost2010PropOp40
 70
     1
102
RTVSPost2010Prop41ColorIndex
 90
       18
102
RTVSPost2010Prop41ColorRGB
 90
        0
102
RTVSPost2010PropOp41
 70
     1
102
RTVSPost2010Prop42
 90
       50
102
RTVSPost2010PropOp42
 70
     1
102
RTVSPost2010Prop43
 90
        3
102
RTVSPost2010PropOp43
 70
     1
102
RTVSPost2010Prop44ColorIndex
 90
        5
102
RTVSPost2010Prop44ColorRGB
 90
      255
102
RTVSPost2010PropOp44
 70
     1
102
RTVSPost2010Prop45
280
     0
102
RTVSPost2010PropOp45
 70
     1
102
RTVSPost2010Prop46
 90
       50
102
RTVSPost2010PropOp46
 70
     1
102
RTVSPost2010Prop47
 90
       50
102
RTVSPost2010PropOp47
 70
     1
102
RTVSPost2010Prop48
 90
       50
102
RTVSPost2010PropOp48
 70
     1
102
RTVSPost2010Prop49
280
     0
102
RTVSPost2010PropOp49
 70
     1
102
RTVSPost2010Prop50
 90
       50
102
RTVSPost2010PropOp50
 70
     1
102
RTVSPost2010Prop51ColorIndex
 90
      256
102
RTVSPost2010Prop51ColorRGB
 90
-16777216
102
RTVSPost2010PropOp51
 70
     0
102
RTVSPost2010Prop52
140
1.0
102
RTVSPost2010PropOp52
 70
     0
102
RTVSPost2010Prop53
 90
        2
102
RTVSPost2010PropOp53
 70
     1
102
RTVSPost2010Prop54
  1
strokes_ogs.tif
102
RTVSPost2010PropOp54
 70
     1
102
RTVSPost2010Prop55
280
     0
102
RTVSPost2010PropOp55
 70
     1
102
RTVSPost2010Prop56
140
1.0
102
RTVSPost2010PropOp56
 70
     1
102
RTVSPost2010Prop57
140
1.0
102
RTVSPost2010PropOp57
 70
     1
  0
XRECORD
  5
4BF
102
{ACAD_REACTORS
330
4BE
102
}
330
4BE
100
AcDbXrecord
280
     1
102
RTVSPropertyOp0
 70
     1
102
RTVSPropertyOp1
 70
     1
102
RTVSPropertyOp2
 70
     1
102
RTVSPropertyOp3
 70
     1
102
RTVSPropertyOp4
 70
     1
102
RTVSPropertyOp5
 70
     1
102
RTVSPropertyOp6
 70
     1
102
RTVSPropertyOp7
 70
     1
102
RTVSPropertyOp8
 70
     1
102
RTVSPropertyOp9
 70
     1
102
RTVSPropertyOp10
 70
     1
102
RTVSPropertyOp11
 70
     1
102
RTVSPropertyOp12
 70
     1
102
RTVSPropertyOp13
 70
     1
102
RTVSPropertyOp14
 70
     1
102
RTVSPropertyOp15
 70
     1
102
RTVSPropertyOp16
 70
     1
102
RTVSPropertyOp17
 70
     1
102
RTVSPropertyOp18
 70
     1
102
RTVSPropertyOp19
 70
     1
102
RTVSPropertyOp20
 70
     1
102
RTVSPropertyOp21
 70
     1
102
RTVSPropertyOp22
 70
     1
102
RTVSPropertyOp23
 70
     1
102
RTVSPropertyOp24
 70
     1
102
RTVSPropertyOp25
 70
     1
102
RTVSPropertyOp26
 70
     1
102
RTVSPropertyOp27
 70
     1
102
RTVSPropertyOp28
 70
     1
102
RTVSPropertyOp29
 70
     1
102
RTVSPropertyOp30
 70
     1
102
RTVSPropertyOp31
 70
     1
102
RTVSPropertyOp32
 70
     1
102
RTVSPropertyOp33
 70
     1
102
RTVSPropertyOp34
 70
     1
102
RTVSPropertyOp35
 70
     1
102
RTVSPropertyOp36
 70
     1
102
RTVSPropertyOp37
 70
     1
102
RTVSPropertyOp38
 70
     1
102
RTVSPropertyOp39
 70
     1
102
RTVSPropertyOp40
 70
     1
102
RTVSPropertyOp41
 70
     1
102
RTVSPropertyOp42
 70
     1
102
RTVSPropertyOp43
 70
     1
102
RTVSPropertyOp44
 70
     1
102
RTVSPropertyOp45
 70
     1
102
RTVSPropertyOp46
 70
     1
102
RTVSPropertyOp47
 70
     1
102
RTVSPropertyOp48
 70
     1
102
RTVSPropertyOp49
 70
     1
102
RTVSPropertyOp50
 70
     1
102
RTVSPropertyOp51
 70
     0
102
RTVSPropertyOp52
 70
     0
102
RTVSPropertyOp53
 70
     1
102
RTVSPropertyOp54
 70
     1
102
RTVSPropertyOp55
 70
     1
102
RTVSPropertyOp56
 70
     1
102
RTVSPropertyOp57
 70
     1
102
RTVSPost2010Prop28
280
     0
102
RTVSPost2010PropOp28
 70
     1
102
RTVSPost2010Prop29
280
     1
102
RTVSPost2010PropOp29
 70
     1
102
RTVSPost2010Prop30
280
     1
102
RTVSPost2010PropOp30
 70
     1
102
RTVSPost2010Prop31
280
     0
102
RTVSPost2010PropOp31
 70
     1
102
RTVSPost2010Prop32
280
     0
102
RTVSPost2010PropOp32
 70
     1
102
RTVSPost2010Prop33
280
     0
102
RTVSPost2010PropOp33
 70
     1
102
RTVSPost2010Prop34
280
     0
102
RTVSPost2010PropOp34
 70
     1
102
RTVSPost2010Prop35
280
     0
102
RTVSPost2010PropOp35
 70
     1
102
RTVSPost2010Prop36
280
     0
102
RTVSPost2010PropOp36
 70
     1
102
RTVSPost2010Prop37
 90
       50
102
RTVSPost2010PropOp37
 70
     1
102
RTVSPost2010Prop38
140
0.0
102
RTVSPost2010PropOp38
 70
     1
102
RTVSPost2010Prop39
140
1.0
102
RTVSPost2010PropOp39
 70
     1
102
RTVSPost2010Prop40
 90
        0
102
RTVSPost2010PropOp40
 70
     1
102
RTVSPost2010Prop41ColorIndex
 90
       18
102
RTVSPost2010Prop41ColorRGB
 90
        0
102
RTVSPost2010PropOp41
 70
     1
102
RTVSPost2010Prop42
 90
       50
102
RTVSPost2010PropOp42
 70
     1
102
RTVSPost2010Prop43
 90
        3
102
RTVSPost2010PropOp43
 70
     1
102
RTVSPost2010Prop44ColorIndex
 90
        5
102
RTVSPost2010Prop44ColorRGB
 90
      255
102
RTVSPost2010PropOp44
 70
     1
102
RTVSPost2010Prop45
280
     0
102
RTVSPost2010PropOp45
 70
     1
102
RTVSPost2010Prop46
 90
       50
102
RTVSPost2010PropOp46
 70
     1
102
RTVSPost2010Prop47
 90
       50
102
RTVSPost2010PropOp47
 70
     1
102
RTVSPost2010Prop48
 90
       50
102
RTVSPost2010PropOp48
 70
     1
102
RTVSPost2010Prop49
280
     0
102
RTVSPost2010PropOp49
 70
     1
102
RTVSPost2010Prop50
 90
       50
102
RTVSPost2010PropOp50
 70
     1
102
RTVSPost2010Prop51ColorIndex
 90
      256
102
RTVSPost2010Prop51ColorRGB
 90
-16777216
102
RTVSPost2010PropOp51
 70
     0
102
RTVSPost2010Prop52
140
1.0
102
RTVSPost2010PropOp52
 70
     0
102
RTVSPost2010Prop53
 90
        2
102
RTVSPost2010PropOp53
 70
     1
102
RTVSPost2010Prop54
  1
strokes_ogs.tif
102
RTVSPost2010PropOp54
 70
     1
102
RTVSPost2010Prop55
280
     0
102
RTVSPost2010PropOp55
 70
     1
102
RTVSPost2010Prop56
140
1.0
102
RTVSPost2010PropOp56
 70
     1
102
RTVSPost2010Prop57
140
1.0
102
RTVSPost2010PropOp57
 70
     1
  0
XRECORD
  5
4B1
102
{ACAD_REACTORS
330
4B0
102
}
330
4B0
100
AcDbXrecord
280
     1
102
RTVSPropertyOp0
 70
     1
102
RTVSPropertyOp1
 70
     1
102
RTVSPropertyOp2
 70
     1
102
RTVSPropertyOp3
 70
     1
102
RTVSPropertyOp4
 70
     1
102
RTVSPropertyOp5
 70
     1
102
RTVSPropertyOp6
 70
     1
102
RTVSPropertyOp7
 70
     1
102
RTVSPropertyOp8
 70
     1
102
RTVSPropertyOp9
 70
     1
102
RTVSPropertyOp10
 70
     1
102
RTVSPropertyOp11
 70
     1
102
RTVSPropertyOp12
 70
     1
102
RTVSPropertyOp13
 70
     1
102
RTVSPropertyOp14
 70
     1
102
RTVSPropertyOp15
 70
     1
102
RTVSPropertyOp16
 70
     1
102
RTVSPropertyOp17
 70
     1
102
RTVSPropertyOp18
 70
     1
102
RTVSPropertyOp19
 70
     1
102
RTVSPropertyOp20
 70
     1
102
RTVSPropertyOp21
 70
     1
102
RTVSPropertyOp22
 70
     1
102
RTVSPropertyOp23
 70
     1
102
RTVSPropertyOp24
 70
     1
102
RTVSPropertyOp25
 70
     1
102
RTVSPropertyOp26
 70
     1
102
RTVSPropertyOp27
 70
     1
102
RTVSPropertyOp28
 70
     1
102
RTVSPropertyOp29
 70
     1
102
RTVSPropertyOp30
 70
     1
102
RTVSPropertyOp31
 70
     1
102
RTVSPropertyOp32
 70
     1
102
RTVSPropertyOp33
 70
     1
102
RTVSPropertyOp34
 70
     1
102
RTVSPropertyOp35
 70
     1
102
RTVSPropertyOp36
 70
     1
102
RTVSPropertyOp37
 70
     1
102
RTVSPropertyOp38
 70
     1
102
RTVSPropertyOp39
 70
     1
102
RTVSPropertyOp40
 70
     1
102
RTVSPropertyOp41
 70
     1
102
RTVSPropertyOp42
 70
     1
102
RTVSPropertyOp43
 70
     1
102
RTVSPropertyOp44
 70
     1
102
RTVSPropertyOp45
 70
     1
102
RTVSPropertyOp46
 70
     1
102
RTVSPropertyOp47
 70
     1
102
RTVSPropertyOp48
 70
     1
102
RTVSPropertyOp49
 70
     1
102
RTVSPropertyOp50
 70
     1
102
RTVSPropertyOp51
 70
     0
102
RTVSPropertyOp52
 70
     0
102
RTVSPropertyOp53
 70
     1
102
RTVSPropertyOp54
 70
     1
102
RTVSPropertyOp55
 70
     1
102
RTVSPropertyOp56
 70
     1
102
RTVSPropertyOp57
 70
     1
102
RTVSPost2010Prop28
280
     0
102
RTVSPost2010PropOp28
 70
     1
102
RTVSPost2010Prop29
280
     1
102
RTVSPost2010PropOp29
 70
     1
102
RTVSPost2010Prop30
280
     1
102
RTVSPost2010PropOp30
 70
     1
102
RTVSPost2010Prop31
280
     0
102
RTVSPost2010PropOp31
 70
     1
102
RTVSPost2010Prop32
280
     0
102
RTVSPost2010PropOp32
 70
     1
102
RTVSPost2010Prop33
280
     0
102
RTVSPost2010PropOp33
 70
     1
102
RTVSPost2010Prop34
280
     0
102
RTVSPost2010PropOp34
 70
     1
102
RTVSPost2010Prop35
280
     0
102
RTVSPost2010PropOp35
 70
     1
102
RTVSPost2010Prop36
280
     0
102
RTVSPost2010PropOp36
 70
     1
102
RTVSPost2010Prop37
 90
       50
102
RTVSPost2010PropOp37
 70
     1
102
RTVSPost2010Prop38
140
0.0
102
RTVSPost2010PropOp38
 70
     1
102
RTVSPost2010Prop39
140
1.0
102
RTVSPost2010PropOp39
 70
     1
102
RTVSPost2010Prop40
 90
        0
102
RTVSPost2010PropOp40
 70
     1
102
RTVSPost2010Prop41ColorIndex
 90
       18
102
RTVSPost2010Prop41ColorRGB
 90
        0
102
RTVSPost2010PropOp41
 70
     1
102
RTVSPost2010Prop42
 90
       50
102
RTVSPost2010PropOp42
 70
     1
102
RTVSPost2010Prop43
 90
        3
102
RTVSPost2010PropOp43
 70
     1
102
RTVSPost2010Prop44ColorIndex
 90
        5
102
RTVSPost2010Prop44ColorRGB
 90
      255
102
RTVSPost2010PropOp44
 70
     1
102
RTVSPost2010Prop45
280
     0
102
RTVSPost2010PropOp45
 70
     1
102
RTVSPost2010Prop46
 90
       50
102
RTVSPost2010PropOp46
 70
     1
102
RTVSPost2010Prop47
 90
       50
102
RTVSPost2010PropOp47
 70
     1
102
RTVSPost2010Prop48
 90
       50
102
RTVSPost2010PropOp48
 70
     1
102
RTVSPost2010Prop49
280
     0
102
RTVSPost2010PropOp49
 70
     1
102
RTVSPost2010Prop50
 90
       50
102
RTVSPost2010PropOp50
 70
     1
102
RTVSPost2010Prop51ColorIndex
 90
      256
102
RTVSPost2010Prop51ColorRGB
 90
-16777216
102
RTVSPost2010PropOp51
 70
     0
102
RTVSPost2010Prop52
140
1.0
102
RTVSPost2010PropOp52
 70
     0
102
RTVSPost2010Prop53
 90
        2
102
RTVSPost2010PropOp53
 70
     1
102
RTVSPost2010Prop54
  1
strokes_ogs.tif
102
RTVSPost2010PropOp54
 70
     1
102
RTVSPost2010Prop55
280
     0
102
RTVSPost2010PropOp55
 70
     1
102
RTVSPost2010Prop56
140
1.0
102
RTVSPost2010PropOp56
 70
     1
102
RTVSPost2010Prop57
140
1.0
102
RTVSPost2010PropOp57
 70
     1
  0
XRECORD
  5
4D1
102
{ACAD_REACTORS
330
4D0
102
}
330
4D0
100
AcDbXrecord
280
     1
102
RTVSPropertyOp0
 70
     1
102
RTVSPropertyOp1
 70
     1
102
RTVSPropertyOp2
 70
     1
102
RTVSPropertyOp3
 70
     1
102
RTVSPropertyOp4
 70
     1
102
RTVSPropertyOp5
 70
     1
102
RTVSPropertyOp6
 70
     1
102
RTVSPropertyOp7
 70
     1
102
RTVSPropertyOp8
 70
     1
102
RTVSPropertyOp9
 70
     1
102
RTVSPropertyOp10
 70
     1
102
RTVSPropertyOp11
 70
     1
102
RTVSPropertyOp12
 70
     1
102
RTVSPropertyOp13
 70
     1
102
RTVSPropertyOp14
 70
     1
102
RTVSPropertyOp15
 70
     1
102
RTVSPropertyOp16
 70
     1
102
RTVSPropertyOp17
 70
     1
102
RTVSPropertyOp18
 70
     1
102
RTVSPropertyOp19
 70
     1
102
RTVSPropertyOp20
 70
     1
102
RTVSPropertyOp21
 70
     1
102
RTVSPropertyOp22
 70
     1
102
RTVSPropertyOp23
 70
     1
102
RTVSPropertyOp24
 70
     1
102
RTVSPropertyOp25
 70
     1
102
RTVSPropertyOp26
 70
     1
102
RTVSPropertyOp27
 70
     1
102
RTVSPropertyOp28
 70
     1
102
RTVSPropertyOp29
 70
     1
102
RTVSPropertyOp30
 70
     1
102
RTVSPropertyOp31
 70
     1
102
RTVSPropertyOp32
 70
     1
102
RTVSPropertyOp33
 70
     1
102
RTVSPropertyOp34
 70
     1
102
RTVSPropertyOp35
 70
     1
102
RTVSPropertyOp36
 70
     1
102
RTVSPropertyOp37
 70
     1
102
RTVSPropertyOp38
 70
     1
102
RTVSPropertyOp39
 70
     1
102
RTVSPropertyOp40
 70
     1
102
RTVSPropertyOp41
 70
     1
102
RTVSPropertyOp42
 70
     1
102
RTVSPropertyOp43
 70
     1
102
RTVSPropertyOp44
 70
     1
102
RTVSPropertyOp45
 70
     1
102
RTVSPropertyOp46
 70
     1
102
RTVSPropertyOp47
 70
     1
102
RTVSPropertyOp48
 70
     1
102
RTVSPropertyOp49
 70
     1
102
RTVSPropertyOp50
 70
     1
102
RTVSPropertyOp51
 70
     0
102
RTVSPropertyOp52
 70
     0
102
RTVSPropertyOp53
 70
     1
102
RTVSPropertyOp54
 70
     1
102
RTVSPropertyOp55
 70
     1
102
RTVSPropertyOp56
 70
     1
102
RTVSPropertyOp57
 70
     1
102
RTVSPost2010Prop28
280
     0
102
RTVSPost2010PropOp28
 70
     1
102
RTVSPost2010Prop29
280
     1
102
RTVSPost2010PropOp29
 70
     1
102
RTVSPost2010Prop30
280
     1
102
RTVSPost2010PropOp30
 70
     1
102
RTVSPost2010Prop31
280
     0
102
RTVSPost2010PropOp31
 70
     1
102
RTVSPost2010Prop32
280
     0
102
RTVSPost2010PropOp32
 70
     1
102
RTVSPost2010Prop33
280
     0
102
RTVSPost2010PropOp33
 70
     1
102
RTVSPost2010Prop34
280
     0
102
RTVSPost2010PropOp34
 70
     1
102
RTVSPost2010Prop35
280
     0
102
RTVSPost2010PropOp35
 70
     1
102
RTVSPost2010Prop36
280
     0
102
RTVSPost2010PropOp36
 70
     1
102
RTVSPost2010Prop37
 90
       50
102
RTVSPost2010PropOp37
 70
     1
102
RTVSPost2010Prop38
140
0.0
102
RTVSPost2010PropOp38
 70
     1
102
RTVSPost2010Prop39
140
1.0
102
RTVSPost2010PropOp39
 70
     1
102
RTVSPost2010Prop40
 90
        0
102
RTVSPost2010PropOp40
 70
     1
102
RTVSPost2010Prop41ColorIndex
 90
       18
102
RTVSPost2010Prop41ColorRGB
 90
        0
102
RTVSPost2010PropOp41
 70
     1
102
RTVSPost2010Prop42
 90
       50
102
RTVSPost2010PropOp42
 70
     1
102
RTVSPost2010Prop43
 90
        3
102
RTVSPost2010PropOp43
 70
     1
102
RTVSPost2010Prop44ColorIndex
 90
        5
102
RTVSPost2010Prop44ColorRGB
 90
      255
102
RTVSPost2010PropOp44
 70
     1
102
RTVSPost2010Prop45
280
     0
102
RTVSPost2010PropOp45
 70
     1
102
RTVSPost2010Prop46
 90
       50
102
RTVSPost2010PropOp46
 70
     1
102
RTVSPost2010Prop47
 90
       50
102
RTVSPost2010PropOp47
 70
     1
102
RTVSPost2010Prop48
 90
       50
102
RTVSPost2010PropOp48
 70
     1
102
RTVSPost2010Prop49
280
     0
102
RTVSPost2010PropOp49
 70
     1
102
RTVSPost2010Prop50
 90
       50
102
RTVSPost2010PropOp50
 70
     1
102
RTVSPost2010Prop51ColorIndex
 90
      256
102
RTVSPost2010Prop51ColorRGB
 90
-16777216
102
RTVSPost2010PropOp51
 70
     0
102
RTVSPost2010Prop52
140
1.0
102
RTVSPost2010PropOp52
 70
     0
102
RTVSPost2010Prop53
 90
        2
102
RTVSPost2010PropOp53
 70
     1
102
RTVSPost2010Prop54
  1
strokes_ogs.tif
102
RTVSPost2010PropOp54
 70
     1
102
RTVSPost2010Prop55
280
     0
102
RTVSPost2010PropOp55
 70
     1
102
RTVSPost2010Prop56
140
1.0
102
RTVSPost2010PropOp56
 70
     1
102
RTVSPost2010Prop57
140
1.0
102
RTVSPost2010PropOp57
 70
     1
  0
ENDSEC
  0
SECTION
  2
THUMBNAILIMAGE
 90
   263208
310
28000000000200000002000001000800000000000000000000000000000000000000000000000000FFFFFF00FF000000FFFF000000FF000000FFFF000000FF00FF00FF000000000080808000C0C0C000FF000000FF7F7F00A5000000A55252007F0000007F3F3F004C0000004C2626002600000026131300FF3F0000FF9F7F
310
00A5290000A56752007F1F00007F4F3F004C1300004C2F26002609000026171300FF7F0000FFBF7F00A5520000A57C52007F3F00007F5F3F004C2600004C39260026130000261C1300FFBF0000FFDF7F00A57C0000A59152007F5F00007F6F3F004C3900004C422600261C000026211300FFFF0000FFFF7F00A5A50000A5A5
310
52007F7F00007F7F3F004C4C00004C4C26002626000026261300BFFF0000DFFF7F007CA5000091A552005F7F00006F7F3F00394C0000424C26001C260000212613007FFF0000BFFF7F0052A500007CA552003F7F00005F7F3F00264C0000394C2600132600001C2613003FFF00009FFF7F0029A5000067A552001F7F00004F
310
7F3F00134C00002F4C2600092600001726130000FF00007FFF7F0000A5000052A55200007F00003F7F3F00004C0000264C2600002600001326130000FF3F007FFF9F0000A5290052A56700007F1F003F7F4F00004C1300264C2F00002609001326170000FF7F007FFFBF0000A5520052A57C00007F3F003F7F5F00004C2600
310
264C39000026130013261C0000FFBF007FFFDF0000A57C0052A59100007F5F003F7F6F00004C3900264C420000261C001326210000FFFF007FFFFF0000A5A50052A5A500007F7F003F7F7F00004C4C00264C4C00002626001326260000BFFF007FDFFF00007CA5005291A500005F7F003F6F7F0000394C0026424C00001C26
310
0013212600007FFF007FBFFF000052A500527CA500003F7F003F5F7F0000264C0026394C0000132600131C2600003FFF007F9FFF000029A5005267A500001F7F003F4F7F0000134C00262F4C0000092600131726000000FF007F7FFF000000A5005252A50000007F003F3F7F0000004C0026264C0000002600131326003F00
310
FF009F7FFF002900A5006752A5001F007F004F3F7F0013004C002F264C0009002600171326007F00FF00BF7FFF005200A5007C52A5003F007F005F3F7F0026004C0039264C00130026001C132600BF00FF00DF7FFF007C00A5009152A5005F007F006F3F7F0039004C0042264C001C00260021132600FF00FF00FF7FFF00A5
310
00A500A552A5007F007F007F3F7F004C004C004C264C002600260026132600FF00BF00FF7FDF00A5007C00A55291007F005F007F3F6F004C0039004C26420026001C0026132100FF007F00FF7FBF00A5005200A5527C007F003F007F3F5F004C0026004C2639002600130026131C00FF003F00FF7F9F00A5002900A5526700
310
7F001F007F3F4F004C0013004C262F002600090026131700000000002D2D2D005B5B5B0089898900B7B7B700B3B3B30000000000000000000000000000000000000000000000000000000000000000000000000000000000000000000000000000000000000000000000000000000000000000000000000000000000000000
310
00000000000000000000000000000000000000000000000000000000000000000000000000000000000000000000000000000000000000000000000000000000000000000000000000000000000000000000000000000000000000000000000000000000000000000000000000000000000000000000000000000000000000
310
00000000000000000000000000000000000000000000000000000000000000000000000000000000000000000000000000000000000000000000000000000000000000000000000000000000000000000000000000000000000000000000000000000000000000000000000000000000000000000000000000000000000000
310
00000000000000000000000000000000000000000000000000000000000000000000000000000000000000000000000000000000000000000000000000000000000000000000000000000000000000000000000000000000000000000000000000000000000000000000000000000000000000000000000000000000000000
310
00000000000000000000000000000000000000000000000000000000000000000000000000000000000000000000000000000000000000000000000000000000000000000000000000000000000000000000000000000000000000000000000000000000000000000000000000000000000000000000000000000000000000
310
00000000000000000000000000000000000000000000000000000000000000000000000000000000000000000000000000000000000000000000000000000000000000000000000000000000000000000000000000000000000000000000000000000000000000000000000000000000000000000000000000000000000000
310
00000000000000000000000000000000000000000000000000000000000000000000000000000000000000000000000000000000000000000000000000000000000000000000000000000000000000000000000000000000000000000000000000000000000000000000000000000000000000000000000000000000000000
310
00000000000000000000000000000000000000000000000000000000000000000000000000000000000000000000000000000000000000000000000000000000000000000000000000000000000000000000000000000000000000000000000000000000000000000000000000000000000000000000000000000000000000
310
00000000000000000000000000000000000000000000000000000000000000000000000000000000000000000000000000000000000000000000000000000000000000000000000000000000000000000000000000000000000000000000000000000000000000000000000000000000000000000000000000000000000000
310
00000000000000000000000000000000000000000000000000000000000000000000000000000000000000000000000000000000000000000000000000000000000000000000000000000000000000000000000000000000000000000000000000000000000000000000000000000000000000000000000000000000000000
310
00000000000000000000000000000000000000000000000000000000000000000000000000000000000000000000000000000000000000000000000000000000000000000000000000000000000000000000000000000000000000000000000000000000000000000000000000000000000000000000000000000000000000
310
00000000000000000000000000000000000000000000000000000000000000000000000000000000000000000000000000000000000000000000000000000000000000000000000000000000000000000000000000000000000000000000000000000000000000000000000000000000000000000000000000000000000000
310
00000000000000000000000000000000000000000000000000000000000000000000000000000000000000000000000000000000000000000000000000000000000000000000000000000000000000000000000000000000000000000000000000000000000000000000000000000000000000000000000000000000000000
310
00000000000000000000000000000000000000000000000000000000000000000000000000000000000000000000000000000000000000000000000000000000000000000000000000000000000000000000000000000000000000000000000000000000000000000000000000000000000000000000000000000000000000
310
00000000000000000000000000000000000000000000000000000000000000000000000000000000000000000000000000000000000000000000000000000000000000000000000000000000000000000000000000000000000000000000000000000000000000000000000000000000000000000000000000000000000000
310
00000000000000000000000000000000000000000000000000000000000000000000000000000000000000000000000000000000000000000000000000000000000000000000000000000000000000000000000000000000000000000000000000000000000000000000000000000000000000000000000000000000000000
310
00000000000000000000000000000000000000000000000000000000000000000000000000000000000000000000000000000000000000000000000000000000000000000000000000000000000000000000000000000000000000000000000000000000000000000000000000000000000000000000000000000000000000
310
00000000000000000000000000000000000000000000000000000000000000000000000000000000000000000000000000000000000000000000000000000000000000000000000000000000000000000000000000000000000000000000000000000000000000000000000000000000000000000000000000000000000000
310
00000000000000000000000000000000000000000000000000000000000000000000000000000000000000000000000000000000000000000000000000000000000000000000000000000000000000000000000000000000000000000000000000000000000000000000000000000000000000000000000000000000000000
310
00000000000000000000000000000000000000000000000000000000000000000000000000000000000000000000000000000000000000000000000000000000000000000000000000000000000000000000000000000000000000000000000000000000000000000000000000000000000000000000000000000000000000
310
00000000000000000000000000000000000000000000000000000000000000000000000000000000000000000000000000000000000000000000000000000000000000000000000000000000000000000000000000000000000000000000000000000000000000000000000000000000000000000000000000000000000000
310
00000000000000000000000000000000000000000000000000000000000000000000000000000000000000000000000000000000000000000000000000000000000000000000000000000000000000000000000000000000000000000000000000000000000000000000000000000000000000000000000000000000000000
310
00000000000000000000000000000000000000000000000000000000000000000000000000000000000000000000000000000000000000000000000000000000000000000000000000000000000000000000000000000000000000000000000000000000000000000000000000000000000000000000000000000000000000
310
00000000000000000000000000000000000000000000000000000000000000000000000000000000000000000000000000000000000000000000000000000000000000000000000000000000000000000000000000000000000000000000000000000000000000000000000000000000000000000000000000000000000000
310
00000000000000000000000000000000000000000000000000000000000000000000000000000000000000000000000000000000000000000000000000000000000000000000000000000000000000000000000000000000000000000000000000000000000000000000000000000000000000000000000000000000000000
310
00000000000000000000000000000000000000000000000000000000000000000000000000000000000000000000000000000000000000000000000000000000000000000000000000000000000000000000000000000000000000000000000000000000000000000000000000000000000000000000000000000000000000
310
00000000000000000000000000000000000000000000000000000000000000000000000000000000000000000000000000000000000000000000000000000000000000000000000000000000000000000000000000000000000000000000000000000000000000000000000000000000000000000000000000000000000000
310
00000000000000000000000000000000000000000000000000000000000000000000000000000000000000000000000000000000000000000000000000000000000000000000000000000000000000000000000000000000000000000000000000000000000000000000000000000000000000000000000000000000000000
310
00000000000000000000000000000000000000000000000000000000000000000000000000000000000000000000000000000000000000000000000000000000000000000000000000000000000000000000000000000000000000000000000000000000000000000000000000000000000000000000000000000000000000
310
00000000000000000000000000000000000000000000000000000000000000000000000000000000000000000000000000000000000000000000000000000000000000000000000000000000000000000000000000000000000000000000000000000000000000000000000000000000000000000000000000000000000000
310
00000000000000000000000000000000000000000000000000000000000000000000000000000000000000000000000000000000000000000000000000000000000000000000000000000000000000000000000000000000000000000000000000000000000000000000000000000000000000000000000000000000000000
310
00000000000000000000000000000000000000000000000000000000000000000000000000000000000000000000000000000000000000000000000000000000000000000000000000000000000000000000000000000000000000000000000000000000000000000000000000000000000000000000000000000000000000
310
00000000000000000000000000000000000000000000000000000000000000000000000000000000000000000000000000000000000000000000000000000000000000000000000000000000000000000000000000000000000000000000000000000000000000000000000000000000000000000000000000000000000000
310
00000000000000000000000000000000000000000000000000000000000000000000000000000000000000000000000000000000000000000000000000000000000000000000000000000000000000000000000000000000000000000000000000000000000000000000000000000000000000000000000000000000000000
310
00000000000000000000000000000000000000000000000000000000000000000000000000000000000000000000000000000000000000000000000000000000000000000000000000000000000000000000000000000000000000000000000000000000000000000000000000000000000000000000000000000000000000
310
00000000000000000000000000000000000000000000000000000000000000000000000000000000000000000000000000000000000000000000000000000000000000000000000000000000000000000000000000000000000000000000000000000000000000000000000000000000000000000000000000000000000000
310
00000000000000000000000000000000000000000000000000000000000000000000000000000000000000000000000000000000000000000000000000000000000000000000000000000000000000000000000000000000000000000000000000000000000000000000000000000000000000000000000000000000000000
310
00000000000000000000000000000000000000000000000000000000000000000000000000000000000000000000000000000000000000000000000000000000000000000000000000000000000000000000000000000000000000000000000000000000000000000000000000000000000000000000000000000000000000
310
00000000000000000000000000000000000000000000000000000000000000000000000000000000000000000000000000000000000000000000000000000000000000000000000000000000000000000000000000000000000000000000000000000000000000000000000000000000000000000000000000000000000000
310
00000000000000000000000000000000000000000000000000000000000000000000000000000000000000000000000000000000000000000000000000000000000000000000000000000000000000000000000000000000000000000000000000000000000000000000000000000000000000000000000000000000000000
310
00000000000000000000000000000000000000000000000000000000000000000000000000000000000000000000000000000000000000000000000000000000000000000000000000000000000000000000000000000000000000000000000000000000000000000000000000000000000000000000000000000000000000
310
00000000000000000000000000000000000000000000000000000000000000000000000000000000000000000000000000000000000000000000000000000000000000000000000000000000000000000000000000000000000000000000000000000000000000000000000000000000000000000000000000000000000000
310
00000000000000000000000000000000000000000000000000000000000000000000000000000000000000000000000000000000000000000000000000000000000000000000000000000000000000000000000000000000000000000000000000000000000000000000000000000000000000000000000000000000000000
310
00000000000000000000000000000000000000000000000000000000000000000000000000000000000000000000000000000000000000000000000000000000000000000000000000000000000000000000000000000000000000000000000000000000000000000000000000000000000000000000000000000000000000
310
00000000000000000000000000000000000000000000000000000000000000000000000000000000000000000000000000000000000000000000000000000000000000000000000000000000000000000000000000000000000000000000000000000000000000000000000000000000000000000000000000000000000000
310
00000000000000000000000000000000000000000000000000000000000000000000000000000000000000000000000000000000000000000000000000000000000000000000000000000000000000000000000000000000000000000000000000000000000000000000000000000000000000000000000000000000000000
310
00000000000000000000000000000000000000000000000000000000000000000000000000000000000000000000000000000000000000000000000000000000000000000000000000000000000000000000000000000000000000000000000000000000000000000000000000000000000000000000000000000000000000
310
00000000000000000000000000000000000000000000000000000000000000000000000000000000000000000000000000000000000000000000000000000000000000000000000000000000000000000000000000000000000000000000000000000000000000000000000000000000000000000000000000000000000000
310
00000000000000000000000000000000000000000000000000000000000000000000000000000000000000000000000000000000000000000000000000000000000000000000000000000000000000000000000000000000000000000000000000000000000000000000000000000000000000000000000000000000000000
310
00000000000000000000000000000000000000000000000000000000000000000000000000000000000000000000000000000000000000000000000000000000000000000000000000000000000000000000000000000000000000000000000000000000000000000000000000000000000000000000000000000000000000
310
00000000000000000000000000000000000000000000000000000000000000000000000000000000000000000000000000000000000000000000000000000000000000000000000000000000000000000000000000000000000000000000000000000000000000000000000000000000000000000000000000000000000000
310
00000000000000000000000000000000000000000000000000000000000000000000000000000000000000000000000000000000000000000000000000000000000000000000000000000000000000000000000000000000000000000000000000000000000000000000000000000000000000000000000000000000000000
310
00000000000000000000000000000000000000000000000000000000000000000000000000000000000000000000000000000000000000000000000000000000000000000000000000000000000000000000000000000000000000000000000000000000000000000000000000000000000000000000000000000000000000
310
00000000000000000000000000000000000000000000000000000000000000000000000000000000000000000000000000000000000000000000000000000000000000000000000000000000000000000000000000000000000000000000000000000000000000000000000000000000000000000000000000000000000000
310
00000000000000000000000000000000000000000000000000000000000000000000000000000000000000000000000000000000000000000000000000000000000000000000000000000000000000000000000000000000000000000000000000000000000000000000000000000000000000000000000000000000000000
310
00000000000000000000000000000000000000000000000000000000000000000000000000000000000000000000000000000000000000000000000000000000000000000000000000000000000000000000000000000000000000000000000000000000000000000000000000000000000000000000000000000000000000
310
00000000000000000000000000000000000000000000000000000000000000000000000000000000000000000000000000000000000000000000000000000000000000000000000000000000000000000000000000000000000000000000000000000000000000000000000000000000000000000000000000000000000000
310
00000000000000000000000000000000000000000000000000000000000000000000000000000000000000000000000000000000000000000000000000000000000000000000000000000000000000000000000000000000000000000000000000000000000000000000000000000000000000000000000000000000000000
310
00000000000000000000000000000000000000000000000000000000000000000000000000000000000000000000000000000000000000000000000000000000000000000000000000000000000000000000000000000000000000000000000000000000000000000000000000000000000000000000000000000000000000
310
00000000000000000000000000000000000000000000000000000000000000000000000000000000000000000000000000000000000000000000000000000000000000000000000000000000000000000000000000000000000000000000000000000000000000000000000000000000000000000000000000000000000000
310
00000000000000000000000000000000000000000000000000000000000000000000000000000000000000000000000000000000000000000000000000000000000000000000000000000000000000000000000000000000000000000000000000000000000000000000000000000000000000000000000000000000000000
310
00000000000000000000000000000000000000000000000000000000000000000000000000000000000000000000000000000000000000000000000000000000000000000000000000000000000000000000000000000000000000000000000000000000000000000000000000000000000000000000000000000000000000
310
00000000000000000000000000000000000000000000000000000000000000000000000000000000000000000000000000000000000000000000000000000000000000000000000000000000000000000000000000000000000000000000000000000000000000000000000000000000000000000000000000000000000000
310
00000000000000000000000000000000000000000000000000000000000000000000000000000000000000000000000000000000000000000000000000000000000000000000000000000000000000000000000000000000000000000000000000000000000000000000000000000000000000000000000000000000000000
310
00000000000000000000000000000000000000000000000000000000000000000000000000000000000000000000000000000000000000000000000000000000000000000000000000000000000000000000000000000000000000000000000000000000000000000000000000000000000000000000000000000000000000
310
00000000000000000000000000000000000000000000000000000000000000000000000000000000000000000000000000000000000000000000000000000000000000000000000000000000000000000000000000000000000000000000000000000000000000000000000000000000000000000000000000000000000000
310
00000000000000000000000000000000000000000000000000000000000000000000000000000000000000000000000000000000000000000000000000000000000000000000000000000000000000000000000000000000000000000000000000000000000000000000000000000000000000000000000000000000000000
310
00000000000000000000000000000000000000000000000000000000000000000000000000000000000000000000000000000000000000000000000000000000000000000000000000000000000000000000000000000000000000000000000000000000000000000000000000000000000000000000000000000000000000
310
00000000000000000000000000000000000000000000000000000000000000000000000000000000000000000000000000000000000000000000000000000000000000000000000000000000000000000000000000000000000000000000000000000000000000000000000000000000000000000000000000000000000000
310
00000000000000000000000000000000000000000000000000000000000000000000000000000000000000000000000000000000000000000000000000000000000000000000000000000000000000000000000000000000000000000000000000000000000000000000000000000000000000000000000000000000000000
310
00000000000000000000000000000000000000000000000000000000000000000000000000000000000000000000000000000000000000000000000000000000000000000000000000000000000000000000000000000000000000000000000000000000000000000000000000000000000000000000000000000000000000
310
00000000000000000000000000000000000000000000000000000000000000000000000000000000000000000000000000000000000000000000000000000000000000000000000000000000000000000000000000000000000000000000000000000000000000000000000000000000000000000000000000000000000000
310
00000000000000000000000000000000000000000000000000000000000000000000000000000000000000000000000000000000000000000000000000000000000000000000000000000000000000000000000000000000000000000000000000000000000000000000000000000000000000000000000000000000000000
310
00000000000000000000000000000000000000000000000000000000000000000000000000000000000000000000000000000000000000000000000000000000000000000000000000000000000000000000000000000000000000000000000000000000000000000000000000000000000000000000000000000000000000
310
00000000000000000000000000000000000000000000000000000000000000000000000000000000000000000000000000000000000000000000000000000000000000000000000000000000000000000000000000000000000000000000000000000000000000000000000000000000000000000000000000000000000000
310
00000000000000000000000000000000000000000000000000000000000000000000000000000000000000000000000000000000000000000000000000000000000000000000000000000000000000000000000000000000000000000000000000000000000000000000000000000000000000000000000000000000000000
310
00000000000000000000000000000000000000000000000000000000000000000000000000000000000000000000000000000000000000000000000000000000000000000000000000000000000000000000000000000000000000000000000000000000000000000000000000000000000000000000000000000000000000
310
00000000000000000000000000000000000000000000000000000000000000000000000000000000000000000000000000000000000000000000000000000000000000000000000000000000000000000000000000000000000000000000000000000000000000000000000000000000000000000000000000000000000000
310
00000000000000000000000000000000000000000000000000000000000000000000000000000000000000000000000000000000000000000000000000000000000000000000000000000000000000000000000000000000000000000000000000000000000000000000000000000000000000000000000000000000000000
310
00000000000000000000000000000000000000000000000000000000000000000000000000000000000000000000000000000000000000000000000000000000000000000000000000000000000000000000000000000000000000000000000000000000000000000000000000000000000000000000000000000000000000
310
00000000000000000000000000000000000000000000000000000000000000000000000000000000000000000000000000000000000000000000000000000000000000000000000000000000000000000000000000000000000000000000000000000000000000000000000000000000000000000000000000000000000000
310
00000000000000000000000000000000000000000000000000000000000000000000000000000000000000000000000000000000000000000000000000000000000000000000000000000000000000000000000000000000000000000000000000000000000000000000000000000000000000000000000000000000000000
310
00000000000000000000000000000000000000000000000000000000000000000000000000000000000000000000000000000000000000000000000000000000000000000000000000000000000000000000000000000000000000000000000000000000000000000000000000000000000000000000000000000000000000
310
00000000000000000000000000000000000000000000000000000000000000000000000000000000000000000000000000000000000000000000000000000000000000000000000000000000000000000000000000000000000000000000000000000000000000000000000000000000000000000000000000000000000000
310
00000000000000000000000000000000000000000000000000000000000000000000000000000000000000000000000000000000000000000000000000000000000000000000000000000000000000000000000000000000000000000000000000000000000000000000000000000000000000000000000000000000000000
310
00000000000000000000000000000000000000000000000000000000000000000000000000000000000000000000000000000000000000000000000000000000000000000000000000000000000000000000000000000000000000000000000000000000000000000000000000000000000000000000000000000000000000
310
00000000000000000000000000000000000000000000000000000000000000000000000000000000000000000000000000000000000000000000000000000000000000000000000000000000000000000000000000000000000000000000000000000000000000000000000000000000000000000000000000000000000000
310
00000000000000000000000000000000000000000000000000000000000000000000000000000000000000000000000000000000000000000000000000000000000000000000000000000000000000000000000000000000000000000000000000000000000000000000000000000000000000000000000000000000000000
310
00000000000000000000000000000000000000000000000000000000000000000000000000000000000000000000000000000000000000000000000000000000000000000000000000000000000000000000000000000000000000000000000000000000000000000000000000000000000000000000000000000000000000
310
00000000000000000000000000000000000000000000000000000000000000000000000000000000000000000000000000000000000000000000000000000000000000000000000000000000000000000000000000000000000000000000000000000000000000000000000000000000000000000000000000000000000000
310
00000000000000000000000000000000000000000000000000000000000000000000000000000000000000000000000000000000000000000000000000000000000000000000000000000000000000000000000000000000000000000000000000000000000000000000000000000000000000000000000000000000000000
310
00000000000000000000000000000000000000000000000000000000000000000000000000000000000000000000000000000000000000000000000000000000000000000000000000000000000000000000000000000000000000000000000000000000000000000000000000000000000000000000000000000000000000
310
00000000000000000000000000000000000000000000000000000000000000000000000000000000000000000000000000000000000000000000000000000000000000000000000000000000000000000000000000000000000000000000000000000000000000000000000000000000000000000000000000000000000000
310
00000000000000000000000000000000000000000000000000000000000000000000000000000000000000000000000000000000000000000000000000000000000000000000000000000000000000000000000000000000000000000000000000000000000000000000000000000000000000000000000000000000000000
310
00000000000000000000000000000000000000000000000000000000000000000000000000000000000000000000000000000000000000000000000000000000000000000000000000000000000000000000000000000000000000000000000000000000000000000000000000000000000000000000000000000000000000
310
00000000000000000000000000000000000000000000000000000000000000000000000000000000000000000000000000000000000000000000000000000000000000000000000000000000000000000000000000000000000000000000000000000000000000000000000000000000000000000000000000000000000000
310
00000000000000000000000000000000000000000000000000000000000000000000000000000000000000000000000000000000000000000000000000000000000000000000000000000000000000000000000000000000000000000000000000000000000000000000000000000000000000000000000000000000000000
310
00000000000000000000000000000000000000000000000000000000000000000000000000000000000000000000000000000000000000000000000000000000000000000000000000000000000000000000000000000000000000000000000000000000000000000000000000000000000000000000000000000000000000
310
00000000000000000000000000000000000000000000000000000000000000000000000000000000000000000000000000000000000000000000000000000000000000000000000000000000000000000000000000000000000000000000000000000000000000000000000000000000000000000000000000000000000000
310
00000000000000000000000000000000000000000000000000000000000000000000000000000000000000000000000000000000000000000000000000000000000000000000000000000000000000000000000000000000000000000000000000000000000000000000000000000000000000000000000000000000000000
310
00000000000000000000000000000000000000000000000000000000000000000000000000000000000000000000000000000000000000000000000000000000000000000000000000000000000000000000000000000000000000000000000000000000000000000000000000000000000000000000000000000000000000
310
00000000000000000000000000000000000000000000000000000000000000000000000000000000000000000000000000000000000000000000000000000000000000000000000000000000000000000000000000000000000000000000000000000000000000000000000000000000000000000000000000000000000000
310
00000000000000000000000000000000000000000000000000000000000000000000000000000000000000000000000000000000000000000000000000000000000000000000000000000000000000000000000000000000000000000000000000000000000000000000000000000000000000000000000000000000000000
310
00000000000000000000000000000000000000000000000000000000000000000000000000000000000000000000000000000000000000000000000000000000000000000000000000000000000000000000000000000000000000000000000000000000000000000000000000000000000000000000000000000000000000
310
00000000000000000000000000000000000000000000000000000000000000000000000000000000000000000000000000000000000000000000000000000000000000000000000000000000000000000000000000000000000000000000000000000000000000000000000000000000000000000000000000000000000000
310
00000000000000000000000000000000000000000000000000000000000000000000000000000000000000000000000000000000000000000000000000000000000000000000000000000000000000000000000000000000000000000000000000000000000000000000000000000000000000000000000000000000000000
310
00000000000000000000000000000000000000000000000000000000000000000000000000000000000000000000000000000000000000000000000000000000000000000000000000000000000000000000000000000000000000000000000000000000000000000000000000000000000000000000000000000000000000
310
00000000000000000000000000000000000000000000000000000000000000000000000000000000000000000000000000000000000000000000000000000000000000000000000000000000000000000000000000000000000000000000000000000000000000000000000000000000000000000000000000000000000000
310
00000000000000000000000000000000000000000000000000000000000000000000000000000000000000000000000000000000000000000000000000000000000000000000000000000000000000000000000000000000000000000000000000000000000000000000000000000000000000000000000000000000000000
310
00000000000000000000000000000000000000000000000000000000000000000000000000000000000000000000000000000000000000000000000000000000000000000000000000000000000000000000000000000000000000000000000000000000000000000000000000000000000000000000000000000000000000
310
00000000000000000000000000000000000000000000000000000000000000000000000000000000000000000000000000000000000000000000000000000000000000000000000000000000000000000000000000000000000000000000000000000000000000000000000000000000000000000000000000000000000000
310
00000000000000000000000000000000000000000000000000000000000000000000000000000000000000000000000000000000000000000000000000000000000000000000000000000000000000000000000000000000000000000000000000000000000000000000000000000000000000000000000000000000000000
310
00000000000000000000000000000000000000000000000000000000000000000000000000000000000000000000000000000000000000000000000000000000000000000000000000000000000000000000000000000000000000000000000000000000000000000000000000000000000000000000000000000000000000
310
00000000000000000000000000000000000000000000000000000000000000000000000000000000000000000000000000000000000000000000000000000000000000000000000000000000000000000000000000000000000000000000000000000000000000000000000000000000000000000000000000000000000000
310
00000000000000000000000000000000000000000000000000000000000000000000000000000000000000000000000000000000000000000000000000000000000000000000000000000000000000000000000000000000000000000000000000000000000000000000000000000000000000000000000000000000000000
310
00000000000000000000000000000000000000000000000000000000000000000000000000000000000000000000000000000000000000000000000000000000000000000000000000000000000000000000000000000000000000000000000000000000000000000000000000000000000000000000000000000000000000
310
00000000000000000000000000000000000000000000000000000000000000000000000000000000000000000000000000000000000000000000000000000000000000000000000000000000000000000000000000000000000000000000000000000000000000000000000000000000000000000000000000000000000000
310
00000000000000000000000000000000000000000000000000000000000000000000000000000000000000000000000000000000000000000000000000000000000000000000000000000000000000000000000000000000000000000000000000000000000000000000000000000000000000000000000000000000000000
310
00000000000000000000000000000000000000000000000000000000000000000000000000000000000000000000000000000000000000000000000000000000000000000000000000000000000000000000000000000000000000000000000000000000000000000000000000000000000000000000000000000000000000
310
00000000000000000000000000000000000000000000000000000000000000000000000000000000000000000000000000000000000000000000000000000000000000000000000000000000000000000000000000000000000000000000000000000000000000000000000000000000000000000000000000000000000000
310
00000000000000000000000000000000000000000000000000000000000000000000000000000000000000000000000000000000000000000000000000000000000000000000000000000000000000000000000000000000000000000000000000000000000000000000000000000000000000000000000000000000000000
310
00000000000000000000000000000000000000000000000000000000000000000000000000000000000000000000000000000000000000000000000000000000000000000000000000000000000000000000000000000000000000000000000000000000000000000000000000000000000000000000000000000000000000
310
00000000000000000000000000000000000000000000000000000000000000000000000000000000000000000000000000000000000000000000000000000000000000000000000000000000000000000000000000000000000000000000000000000000000000000000000000000000000000000000000000000000000000
310
00000000000000000000000000000000000000000000000000000000000000000000000000000000000000000000000000000000000000000000000000000000000000000000000000000000000000000000000000000000000000000000000000000000000000000000000000000000000000000000000000000000000000
310
00000000000000000000000000000000000000000000000000000000000000000000000000000000000000000000000000000000000000000000000000000000000000000000000000000000000000000000000000000000000000000000000000000000000000000000000000000000000000000000000000000000000000
310
00000000000000000000000000000000000000000000000000000000000000000000000000000000000000000000000000000000000000000000000000000000000000000000000000000000000000000000000000000000000000000000000000000000000000000000000000000000000000000000000000000000000000
310
00000000000000000000000000000000000000000000000000000000000000000000000000000000000000000000000000000000000000000000000000000000000000000000000000000000000000000000000000000000000000000000000000000000000000000000000000000000000000000000000000000000000000
310
00000000000000000000000000000000000000000000000000000000000000000000000000000000000000000000000000000000000000000000000000000000000000000000000000000000000000000000000000000000000000000000000000000000000000000000000000000000000000000000000000000000000000
310
00000000000000000000000000000000000000000000000000000000000000000000000000000000000000000000000000000000000000000000000000000000000000000000000000000000000000000000000000000000000000000000000000000000000000000000000000000000000000000000000000000000000000
310
00000000000000000000000000000000000000000000000000000000000000000000000000000000000000000000000000000000000000000000000000000000000000000000000000000000000000000000000000000000000000000000000000000000000000000000000000000000000000000000000000000000000000
310
00000000000000000000000000000000000000000000000000000000000000000000000000000000000000000000000000000000000000000000000000000000000000000000000000000000000000000000000000000000000000000000000000000000000000000000000000000000000000000000000000000000000000
310
00000000000000000000000000000000000000000000000000000000000000000000000000000000000000000000000000000000000000000000000000000000000000000000000000000000000000000000000000000000000000000000000000000000000000000000000000000000000000000000000000000000000000
310
00000000000000000000000000000000000000000000000000000000000000000000000000000000000000000000000000000000000000000000000000000000000000000000000000000000000000000000000000000000000000000000000000000000000000000000000000000000000000000000000000000000000000
310
00000000000000000000000000000000000000000000000000000000000000000000000000000000000000000000000000000000000000000000000000000000000000000000000000000000000000000000000000000000000000000000000000000000000000000000000000000000000000000000000000000000000000
310
00000000000000000000000000000000000000000000000000000000000000000000000000000000000000000000000000000000000000000000000000000000000000000000000000000000000000000000000000000000000000000000000000000000000000000000000000000000000000000000000000000000000000
310
00000000000000000000000000000000000000000000000000000000000000000000000000000000000000000000000000000000000000000000000000000000000000000000000000000000000000000000000000000000000000000000000000000000000000000000000000000000000000000000000000000000000000
310
00000000000000000000000000000000000000000000000000000000000000000000000000000000000000000000000000000000000000000000000000000000000000000000000000000000000000000000000000000000000000000000000000000000000000000000000000000000000000000000000000000000000000
310
00000000000000000000000000000000000000000000000000000000000000000000000000000000000000000000000000000000000000000000000000000000000000000000000000000000000000000000000000000000000000000000000000000000000000000000000000000000000000000000000000000000000000
310
00000000000000000000000000000000000000000000000000000000000000000000000000000000000000000000000000000000000000000000000000000000000000000000000000000000000000000000000000000000000000000000000000000000000000000000000000000000000000000000000000000000000000
310
00000000000000000000000000000000000000000000000000000000000000000000000000000000000000000000000000000000000000000000000000000000000000000000000000000000000000000000000000000000000000000000000000000000000000000000000000000000000000000000000000000000000000
310
00000000000000000000000000000000000000000000000000000000000000000000000000000000000000000000000000000000000000000000000000000000000000000000000000000000000000000000000000000000000000000000000000000000000000000000000000000000000000000000000000000000000000
310
00000000000000000000000000000000000000000000000000000000000000000000000000000000000000000000000000000000000000000000000000000000000000000000000000000000000000000000000000000000000000000000000000000000000000000000000000000000000000000000000000000000000000
310
00000000000000000000000000000000000000000000000000000000000000000000000000000000000000000000000000000000000000000000000000000000000000000000000000000000000000000000000000000000000000000000000000000000000000000000000000000000000000000000000000000000000000
310
00000000000000000000000000000000000000000000000000000000000000000000000000000000000000000000000000000000000000000000000000000000000000000000000000000000000000000000000000000000000000000000000000000000000000000000000000000000000000000000000000000000000000
310
00000000000000000000000000000000000000000000000000000000000000000000000000000000000000000000000000000000000000000000000000000000000000000000000000000000000000000000000000000000000000000000000000000000000000000000000000000000000000000000000000000000000000
310
00000000000000000000000000000000000000000000000000000000000000000000000000000000000000000000000000000000000000000000000000000000000000000000000000000000000000000000000000000000000000000000000000000000000000000000000000000000000000000000000000000000000000
310
00000000000000000000000000000000000000000000000000000000000000000000000000000000000000000000000000000000000000000000000000000000000000000000000000000000000000000000000000000000000000000000000000000000000000000000000000000000000000000000000000000000000000
310
00000000000000000000000000000000000000000000000000000000000000000000000000000000000000000000000000000000000000000000000000000000000000000000000000000000000000000000000000000000000000000000000000000000000000000000000000000000000000000000000000000000000000
310
00000000000000000000000000000000000000000000000000000000000000000000000000000000000000000000000000000000000000000000000000000000000000000000000000000000000000000000000000000000000000000000000000000000000000000000000000000000000000000000000000000000000000
310
00000000000000000000000000000000000000000000000000000000000000000000000000000000000000000000000000000000000000000000000000000000000000000000000000000000000000000000000000000000000000000000000000000000000000000000000000000000000000000000000000000000000000
310
00000000000000000000000000000000000000000000000000000000000000000000000000000000000000000000000000000000000000000000000000000000000000000000000000000000000000000000000000000000000000000000000000000000000000000000000000000000000000000000000000000000000000
310
00000000000000000000000000000000000000000000000000000000000000000000000000000000000000000000000000000000000000000000000000000000000000000000000000000000000000000000000000000000000000000000000000000000000000000000000000000000000000000000000000000000000000
310
00000000000000000000000000000000000000000000000000000000000000000000000000000000000000000000000000000000000000000000000000000000000000000000000000000000000000000000000000000000000000000000000000000000000000000000000000000000000000000000000000000000000000
310
00000000000000000000000000000000000000000000000000000000000000000000000000000000000000000000000000000000000000000000000000000000000000000000000000000000000000000000000000000000000000000000000000000000000000000000000000000000000000000000000000000000000000
310
00000000000000000000000000000000000000000000000000000000000000000000000000000000000000000000000000000000000000000000000000000000000000000000000000000000000000000000000000000000000000000000000000000000000000000000000000000000000000000000000000000000000000
310
00000000000000000000000000000000000000000000000000000000000000000000000000000000000000000000000000000000000000000000000000000000000000000000000000000000000000000000000000000000000000000000000000000000000000000000000000000000000000000000000000000000000000
310
00000000000000000000000000000000000000000000000000000000000000000000000000000000000000000000000000000000000000000000000000000000000000000000000000000000000000000000000000000000000000000000000000000000000000000000000000000000000000000000000000000000000000
310
00000000000000000000000000000000000000000000000000000000000000000000000000000000000000000000000000000000000000000000000000000000000000000000000000000000000000000000000000000000000000000000000000000000000000000000000000000000000000000000000000000000000000
310
00000000000000000000000000000000000000000000000000000000000000000000000000000000000000000000000000000000000000000000000000000000000000000000000000000000000000000000000000000000000000000000000000000000000000000000000000000000000000000000000000000000000000
310
00000000000000000000000000000000000000000000000000000000000000000000000000000000000000000000000000000000000000000000000000000000000000000000000000000000000000000000000000000000000000000000000000000000000000000000000000000000000000000000000000000000000000
310
00000000000000000000000000000000000000000000000000000000000000000000000000000000000000000000000000000000000000000000000000000000000000000000000000000000000000000000000000000000000000000000000000000000000000000000000000000000000000000000000000000000000000
310
00000000000000000000000000000000000000000000000000000000000000000000000000000000000000000000000000000000000000000000000000000000000000000000000000000000000000000000000000000000000000000000000000000000000000000000000000000000000000000000000000000000000000
310
00000000000000000000000000000000000000000000000000000000000000000000000000000000000000000000000000000000000000000000000000000000000000000000000000000000000000000000000000000000000000000000000000000000000000000000000000000000000000000000000000000000000000
310
00000000000000000000000000000000000000000000000000000000000000000000000000000000000000000000000000000000000000000000000000000000000000000000000000000000000000000000000000000000000000000000000000000000000000000000000000000000000000000000000000000000000000
310
00000000000000000000000000000000000000000000000000000000000000000000000000000000000000000000000000000000000000000000000000000000000000000000000000000000000000000000000000000000000000000000000000000000000000000000000000000000000000000000000000000000000000
310
00000000000000000000000000000000000000000000000000000000000000000000000000000000000000000000000000000000000000000000000000000000000000000000000000000000000000000000000000000000000000000000000000000000000000000000000000000000000000000000000000000000000000
310
00000000000000000000000000000000000000000000000000000000000000000000000000000000000000000000000000000000000000000000000000000000000000000000000000000000000000000000000000000000000000000000000000000000000000000000000000000000000000000000000000000000000000
310
00000000000000000000000000000000000000000000000000000000000000000000000000000000000000000000000000000000000000000000000000000000000000000000000000000000000000000000000000000000000000000000000000000000000000000000000000000000000000000000000000000000000000
310
00000000000000000000000000000000000000000000000000000000000000000000000000000000000000000000000000000000000000000000000000000000000000000000000000000000000000000000000000000000000000000000000000000000000000000000000000000000000000000000000000000000000000
310
00000000000000000000000000000000000000000000000000000000000000000000000000000000000000000000000000000000000000000000000000000000000000000000000000000000000000000000000000000000000000000000000000000000000000000000000000000000000000000000000000000000000000
310
00000000000000000000000000000000000000000000000000000000000000000000000000000000000000000000000000000000000000000000000000000000000000000000000000000000000000000000000000000000000000000000000000000000000000000000000000000000000000000000000000000000000000
310
00000000000000000000000000000000000000000000000000000000000000000000000000000000000000000000000000000000000000000000000000000000000000000000000000000000000000000000000000000000000000000000000000000000000000000000000000000000000000000000000000000000000000
310
00000000000000000000000000000000000000000000000000000000000000000000000000000000000000000000000000000000000000000000000000000000000000000000000000000000000000000000000000000000000000000000000000000000000000000000000000000000000000000000000000000000000000
310
00000000000000000000000000000000000000000000000000000000000000000000000000000000000000000000000000000000000000000000000000000000000000000000000000000000000000000000000000000000000000000000000000000000000000000000000000000000000000000000000000000000000000
310
00000000000000000000000000000000000000000000000000000000000000000000000000000000000000000000000000000000000000000000000000000000000000000000000000000000000000000000000000000000000000000000000000000000000000000000000000000000000000000000000000000000000000
310
00000000000000000000000000000000000000000000000000000000000000000000000000000000000000000000000000000000000000000000000000000000000000000000000000000000000000000000000000000000000000000000000000000000000000000000000000000000000000000000000000000000000000
310
00000000000000000000000000000000000000000000000000000000000000000000000000000000000000000000000000000000000000000000000000000000000000000000000000000000000000000000000000000000000000000000000000000000000000000000000000000000000000000000000000000000000000
310
00000000000000000000000000000000000000000000000000000000000000000000000000000000000000000000000000000000000000000000000000000000000000000000000000000000000000000000000000000000000000000000000000000000000000000000000000000000000000000000000000000000000000
310
00000000000000000000000000000000000000000000000000000000000000000000000000000000000000000000000000000000000000000000000000000000000000000000000000000000000000000000000000000000000000000000000000000000000000000000000000000000000000000000000000000000000000
310
00000000000000000000000000000000000000000000000000000000000000000000000000000000000000000000000000000000000000000000000000000000000000000000000000000000000000000000000000000000000000000000000000000000000000000000000000000000000000000000000000000000000000
310
00000000000000000000000000000000000000000000000000000000000000000000000000000000000000000000000000000000000000000000000000000000000000000000000000000000000000000000000000000000000000000000000000000000000000000000000000000000000000000000000000000000000000
310
00000000000000000000000000000000000000000000000000000000000000000000000000000000000000000000000000000000000000000000000000000000000000000000000000000000000000000000000000000000000000000000000000000000000000000000000000000000000000000000000000000000000000
310
00000000000000000000000000000000000000000000000000000000000000000000000000000000000000000000000000000000000000000000000000000000000000000000000000000000000000000000000000000000000000000000000000000000000000000000000000000000000000000000000000000000000000
310
00000000000000000000000000000000000000000000000000000000000000000000000000000000000000000000000000000000000000000000000000000000000000000000000000000000000000000000000000000000000000000000000000000000000000000000000000000000000000000000000000000000000000
310
00000000000000000000000000000000000000000000000000000000000000000000000000000000000000000000000000000000000000000000000000000000000000000000000000000000000000000000000000000000000000000000000000000000000000000000000000000000000000000000000000000000000000
310
00000000000000000000000000000000000000000000000000000000000000000000000000000000000000000000000000000000000000000000000000000000000000000000000000000000000000000000000000000000000000000000000000000000000000000000000000000000000000000000000000000000000000
310
00000000000000000000000000000000000000000000000000000000000000000000000000000000000000000000000000000000000000000000000000000000000000000000000000000000000000000000000000000000000000000000000000000000000000000000000000000000000000000000000000000000000000
310
00000000000000000000000000000000000000000000000000000000000000000000000000000000000000000000000000000000000000000000000000000000000000000000000000000000000000000000000000000000000000000000000000000000000000000000000000000000000000000000000000000000000000
310
00000000000000000000000000000000000000000000000000000000000000000000000000000000000000000000000000000000000000000000000000000000000000000000000000000000000000000000000000000000000000000000000000000000000000000000000000000000000000000000000000000000000000
310
00000000000000000000000000000000000000000000000000000000000000000000000000000000000000000000000000000000000000000000000000000000000000000000000000000000000000000000000000000000000000000000000000000000000000000000000000000000000000000000000000000000000000
310
00000000000000000000000000000000000000000000000000000000000000000000000000000000000000000000000000000000000000000000000000000000000000000000000000000000000000000000000000000000000000000000000000000000000000000000000000000000000000000000000000000000000000
310
00000000000000000000000000000000000000000000000000000000000000000000000000000000000000000000000000000000000000000000000000000000000000000000000000000000000000000000000000000000000000000000000000000000000000000000000000000000000000000000000000000000000000
310
00000000000000000000000000000000000000000000000000000000000000000000000000000000000000000000000000000000000000000000000000000000000000000000000000000000000000000000000000000000000000000000000000000000000000000000000000000000000000000000000000000000000000
310
00000000000000000000000000000000000000000000000000000000000000000000000000000000000000000000000000000000000000000000000000000000000000000000000000000000000000000000000000000000000000000000000000000000000000000000000000000000000000000000000000000000000000
310
00000000000000000000000000000000000000000000000000000000000000000000000000000000000000000000000000000000000000000000000000000000000000000000000000000000000000000000000000000000000000000000000000000000000000000000000000000000000000000000000000000000000000
310
00000000000000000000000000000000000000000000000000000000000000000000000000000000000000000000000000000000000000000000000000000000000000000000000000000000000000000000000000000000000000000000000000000000000000000000000000000000000000000000000000000000000000
310
00000000000000000000000000000000000000000000000000000000000000000000000000000000000000000000000000000000000000000000000000000000000000000000000000000000000000000000000000000000000000000000000000000000000000000000000000000000000000000000000000000000000000
310
00000000000000000000000000000000000000000000000000000000000000000000000000000000000000000000000000000000000000000000000000000000000000000000000000000000000000000000000000000000000000000000000000000000000000000000000000000000000000000000000000000000000000
310
00000000000000000000000000000000000000000000000000000000000000000000000000000000000000000000000000000000000000000000000000000000000000000000000000000000000000000000000000000000000000000000000000000000000000000000000000000000000000000000000000000000000000
310
00000000000000000000000000000000000000000000000000000000000000000000000000000000000000000000000000000000000000000000000000000000000000000000000000000000000000000000000000000000000000000000000000000000000000000000000000000000000000000000000000000000000000
310
00000000000000000000000000000000000000000000000000000000000000000000000000000000000000000000000000000000000000000000000000000000000000000000000000000000000000000000000000000000000000000000000000000000000000000000000000000000000000000000000000000000000000
310
00000000000000000000000000000000000000000000000000000000000000000000000000000000000000000000000000000000000000000000000000000000000000000000000000000000000000000000000000000000000000000000000000000000000000000000000000000000000000000000000000000000000000
310
00000000000000000000000000000000000000000000000000000000000000000000000000000000000000000000000000000000000000000000000000000000000000000000000000000000000000000000000000000000000000000000000000000000000000000000000000000000000000000000000000000000000000
310
00000000000000000000000000000000000000000000000000000000000000000000000000000000000000000000000000000000000000000000000000000000000000000000000000000000000000000000000000000000000000000000000000000000000000000000000000000000000000000000000000000000000000
310
00000000000000000000000000000000000000000000000000000000000000000000000000000000000000000000000000000000000000000000000000000000000000000000000000000000000000000000000000000000000000000000000000000000000000000000000000000000000000000000000000000000000000
310
00000000000000000000000000000000000000000000000000000000000000000000000000000000000000000000000000000000000000000000000000000000000000000000000000000000000000000000000000000000000000000000000000000000000000000000000000000000000000000000000000000000000000
310
00000000000000000000000000000000000000000000000000000000000000000000000000000000000000000000000000000000000000000000000000000000000000000000000000000000000000000000000000000000000000000000000000000000000000000000000000000000000000000000000000000000000000
310
00000000000000000000000000000000000000000000000000000000000000000000000000000000000000000000000000000000000000000000000000000000000000000000000000000000000000000000000000000000000000000000000000000000000000000000000000000000000000000000000000000000000000
310
00000000000000000000000000000000000000000000000000000000000000000000000000000000000000000000000000000000000000000000000000000000000000000000000000000000000000000000000000000000000000000000000000000000000000000000000000000000000000000000000000000000000000
310
00000000000000000000000000000000000000000000000000000000000000000000000000000000000000000000000000000000000000000000000000000000000000000000000000000000000000000000000000000000000000000000000000000000000000000000000000000000000000000000000000000000000000
310
00000000000000000000000000000000000000000000000000000000000000000000000000000000000000000000000000000000000000000000000000000000000000000000000000000000000000000000000000000000000000000000000000000000000000000000000000000000000000000000000000000000000000
310
00000000000000000000000000000000000000000000000000000000000000000000000000000000000000000000000000000000000000000000000000000000000000000000000000000000000000000000000000000000000000000000000000000000000000000000000000000000000000000000000000000000000000
310
00000000000000000000000000000000000000000000000000000000000000000000000000000000000000000000000000000000000000000000000000000000000000000000000000000000000000000000000000000000000000000000000000000000000000000000000000000000000000000000000000000000000000
310
00000000000000000000000000000000000000000000000000000000000000000000000000000000000000000000000000000000000000000000000000000000000000000000000000000000000000000000000000000000000000000000000000000000000000000000000000000000000000000000000000000000000000
310
00000000000000000000000000000000000000000000000000000000000000000000000000000000000000000000000000000000000000000000000000000000000000000000000000000000000000000000000000000000000000000000000000000000000000000000000000000000000000000000000000000000000000
310
00000000000000000000000000000000000000000000000000000000000000000000000000000000000000000000000000000000000000000000000000000000000000000000000000000000000000000000000000000000000000000000000000000000000000000000000000000000000000000000000000000000000000
310
00000000000000000000000000000000000000000000000000000000000000000000000000000000000000000000000000000000000000000000000000000000000000000000000000000000000000000000000000000000000000000000000000000000000000000000000000000000000000000000000000000000000000
310
00000000000000000000000000000000000000000000000000000000000000000000000000000000000000000000000000000000000000000000000000000000000000000000000000000000000000000000000000000000000000000000000000000000000000000000000000000000000000000000000000000000000000
310
00000000000000000000000000000000000000000000000000000000000000000000000000000000000000000000000000000000000000000000000000000000000000000000000000000000000000000000000000000000000000000000000000000000000000000000000000000000000000000000000000000000000000
310
00000000000000000000000000000000000000000000000000000000000000000000000000000000000000000000000000000000000000000000000000000000000000000000000000000000000000000000000000000000000000000000000000000000000000000000000000000000000000000000000000000000000000
310
00000000000000000000000000000000000000000000000000000000000000000000000000000000000000000000000000000000000000000000000000000000000000000000000000000000000000000000000000000000000000000000000000000000000000000000000000000000000000000000000000000000000000
310
00000000000000000000000000000000000000000000000000000000000000000000000000000000000000000000000000000000000000000000000000000000000000000000000000000000000000000000000000000000000000000000000000000000000000000000000000000000000000000000000000000000000000
310
00000000000000000000000000000000000000000000000000000000000000000000000000000000000000000000000000000000000000000000000000000000000000000000000000000000000000000000000000000000000000000000000000000000000000000000000000000000000000000000000000000000000000
310
00000000000000000000000000000000000000000000000000000000000000000000000000000000000000000000000000000000000000000000000000000000000000000000000000000000000000000000000000000000000000000000000000000000000000000000000000000000000000000000000000000000000000
310
00000000000000000000000000000000000000000000000000000000000000000000000000000000000000000000000000000000000000000000000000000000000000000000000000000000000000000000000000000000000000000000000000000000000000000000000000000000000000000000000000000000000000
310
00000000000000000000000000000000000000000000000000000000000000000000000000000000000000000000000000000000000000000000000000000000000000000000000000000000000000000000000000000000000000000000000000000000000000000000000000000000000000000000000000000000000000
310
00000000000000000000000000000000000000000000000000000000000000000000000000000000000000000000000000000000000000000000000000000000000000000000000000000000000000000000000000000000000000000000000000000000000000000000000000000000000000000000000000000000000000
310
00000000000000000000000000000000000000000000000000000000000000000000000000000000000000000000000000000000000000000000000000000000000000000000000000000000000000000000000000000000000000000000000000000000000000000000000000000000000000000000000000000000000000
310
00000000000000000000000000000000000000000000000000000000000000000000000000000000000000000000000000000000000000000000000000000000000000000000000000000000000000000000000000000000000000000000000000000000000000000000000000000000000000000000000000000000000000
310
00000000000000000000000000000000000000000000000000000000000000000000000000000000000000000000000000000000000000000000000000000000000000000000000000000000000000000000000000000000000000000000000000000000000000000000000000000000000000000000000000000000000000
310
00000000000000000000000000000000000000000000000000000000000000000000000000000000000000000000000000000000000000000000000000000000000000000000000000000000000000000000000000000000000000000000000000000000000000000000000000000000000000000000000000000000000000
310
00000000000000000000000000000000000000000000000000000000000000000000000000000000000000000000000000000000000000000000000000000000000000000000000000000000000000000000000000000000000000000000000000000000000000000000000000000000000000000000000000000000000000
310
00000000000000000000000000000000000000000000000000000000000000000000000000000000000000000000000000000000000000000000000000000000000000000000000000000000000000000000000000000000000000000000000000000000000000000000000000000000000000000000000000000000000000
310
00000000000000000000000000000000000000000000000000000000000000000000000000000000000000000000000000000000000000000000000000000000000000000000000000000000000000000000000000000000000000000000000000000000000000000000000000000000000000000000000000000000000000
310
00000000000000000000000000000000000000000000000000000000000000000000000000000000000000000000000000000000000000000000000000000000000000000000000000000000000000000000000000000000000000000000000000000000000000000000000000000000000000000000000000000000000000
310
00000000000000000000000000000000000000000000000000000000000000000000000000000000000000000000000000000000000000000000000000000000000000000000000000000000000000000000000000000000000000000000000000000000000000000000000000000000000000000000000000000000000000
310
00000000000000000000000000000000000000000000000000000000000000000000000000000000000000000000000000000000000000000000000000000000000000000000000000000000000000000000000000000000000000000000000000000000000000000000000000000000000000000000000000000000000000
310
00000000000000000000000000000000000000000000000000000000000000000000000000000000000000000000000000000000000000000000000000000000000000000000000000000000000000000000000000000000000000000000000000000000000000000000000000000000000000000000000000000000000000
310
00000000000000000000000000000000000000000000000000000000000000000000000000000000000000000000000000000000000000000000000000000000000000000000000000000000000000000000000000000000000000000000000000000000000000000000000000000000000000000000000000000000000000
310
00000000000000000000000000000000000000000000000000000000000000000000000000000000000000000000000000000000000000000000000000000000000000000000000000000000000000000000000000000000000000000000000000000000000000000000000000000000000000000000000000000000000000
310
00000000000000000000000000000000000000000000000000000000000000000000000000000000000000000000000000000000000000000000000000000000000000000000000000000000000000000000000000000000000000000000000000000000000000000000000000000000000000000000000000000000000000
310
00000000000000000000000000000000000000000000000000000000000000000000000000000000000000000000000000000000000000000000000000000000000000000000000000000000000000000000000000000000000000000000000000000000000000000000000000000000000000000000000000000000000000
310
00000000000000000000000000000000000000000000000000000000000000000000000000000000000000000000000000000000000000000000000000000000000000000000000000000000000000000000000000000000000000000000000000000000000000000000000000000000000000000000000000000000000000
310
00000000000000000000000000000000000000000000000000000000000000000000000000000000000000000000000000000000000000000000000000000000000000000000000000000000000000000000000000000000000000000000000000000000000000000000000000000000000000000000000000000000000000
310
00000000000000000000000000000000000000000000000000000000000000000000000000000000000000000000000000000000000000000000000000000000000000000000000000000000000000000000000000000000000000000000000000000000000000000000000000000000000000000000000000000000000000
310
00000000000000000000000000000000000000000000000000000000000000000000000000000000000000000000000000000000000000000000000000000000000000000000000000000000000000000000000000000000000000000000000000000000000000000000000000000000000000000000000000000000000000
310
00000000000000000000000000000000000000000000000000000000000000000000000000000000000000000000000000000000000000000000000000000000000000000000000000000000000000000000000000000000000000000000000000000000000000000000000000000000000000000000000000000000000000
310
00000000000000000000000000000000000000000000000000000000000000000000000000000000000000000000000000000000000000000000000000000000000000000000000000000000000000000000000000000000000000000000000000000000000000000000000000000000000000000000000000000000000000
310
00000000000000000000000000000000000000000000000000000000000000000000000000000000000000000000000000000000000000000000000000000000000000000000000000000000000000000000000000000000000000000000000000000000000000000000000000000000000000000000000000000000000000
310
00000000000000000000000000000000000000000000000000000000000000000000000000000000000000000000000000000000000000000000000000000000000000000000000000000000000000000000000000000000000000000000000000000000000000000000000000000000000000000000000000000000000000
310
00000000000000000000000000000000000000000000000000000000000000000000000000000000000000000000000000000000000000000000000000000000000000000000000000000000000000000000000000000000000000000000000000000000000000000000000000000000000000000000000000000000000000
310
00000000000000000000000000000000000000000000000000000000000000000000000000000000000000000000000000000000000000000000000000000000000000000000000000000000000000000000000000000000000000000000000000000000000000000000000000000000000000000000000000000000000000
310
00000000000000000000000000000000000000000000000000000000000000000000000000000000000000000000000000000000000000000000000000000000000000000000000000000000000000000000000000000000000000000000000000000000000000000000000000000000000000000000000000000000000000
310
00000000000000000000000000000000000000000000000000000000000000000000000000000000000000000000000000000000000000000000000000000000000000000000000000000000000000000000000000000000000000000000000000000000000000000000000000000000000000000000000000000000000000
310
00000000000000000000000000000000000000000000000000000000000000000000000000000000000000000000000000000000000000000000000000000000000000000000000000000000000000000000000000000000000000000000000000000000000000000000000000000000000000000000000000000000000000
310
00000000000000000000000000000000000000000000000000000000000000000000000000000000000000000000000000000000000000000000000000000000000000000000000000000000000000000000000000000000000000000000000000000000000000000000000000000000000000000000000000000000000000
310
00000000000000000000000000000000000000000000000000000000000000000000000000000000000000000000000000000000000000000000000000000000000000000000000000000000000000000000000000000000000000000000000000000000000000000000000000000000000000000000000000000000000000
310
00000000000000000000000000000000000000000000000000000000000000000000000000000000000000000000000000000000000000000000000000000000000000000000000000000000000000000000000000000000000000000000000000000000000000000000000000000000000000000000000000000000000000
310
00000000000000000000000000000000000000000000000000000000000000000000000000000000000000000000000000000000000000000000000000000000000000000000000000000000000000000000000000000000000000000000000000000000000000000000000000000000000000000000000000000000000000
310
00000000000000000000000000000000000000000000000000000000000000000000000000000000000000000000000000000000000000000000000000000000000000000000000000000000000000000000000000000000000000000000000000000000000000000000000000000000000000000000000000000000000000
310
00000000000000000000000000000000000000000000000000000000000000000000000000000000000000000000000000000000000000000000000000000000000000000000000000000000000000000000000000000000000000000000000000000000000000000000000000000000000000000000000000000000000000
310
00000000000000000000000000000000000000000000000000000000000000000000000000000000000000000000000000000000000000000000000000000000000000000000000000000000000000000000000000000000000000000000000000000000000000000000000000000000000000000000000000000000000000
310
00000000000000000000000000000000000000000000000000000000000000000000000000000000000000000000000000000000000000000000000000000000000000000000000000000000000000000000000000000000000000000000000000000000000000000000000000000000000000000000000000000000000000
310
00000000000000000000000000000000000000000000000000000000000000000000000000000000000000000000000000000000000000000000000000000000000000000000000000000000000000000000000000000000000000000000000000000000000000000000000000000000000000000000000000000000000000
310
00000000000000000000000000000000000000000000000000000000000000000000000000000000000000000000000000000000000000000000000000000000000000000000000000000000000000000000000000000000000000000000000000000000000000000000000000000000000000000000000000000000000000
310
00000000000000000000000000000000000000000000000000000000000000000000000000000000000000000000000000000000000000000000000000000000000000000000000000000000000000000000000000000000000000000000000000000000000000000000000000000000000000000000000000000000000000
310
00000000000000000000000000000000000000000000000000000000000000000000000000000000000000000000000000000000000000000000000000000000000000000000000000000000000000000000000000000000000000000000000000000000000000000000000000000000000000000000000000000000000000
310
00000000000000000000000000000000000000000000000000000000000000000000000000000000000000000000000000000000000000000000000000000000000000000000000000000000000000000000000000000000000000000000000000000000000000000000000000000000000000000000000000000000000000
310
00000000000000000000000000000000000000000000000000000000000000000000000000000000000000000000000000000000000000000000000000000000000000000000000000000000000000000000000000000000000000000000000000000000000000000000000000000000000000000000000000000000000000
310
00000000000000000000000000000000000000000000000000000000000000000000000000000000000000000000000000000000000000000000000000000000000000000000000000000000000000000000000000000000000000000000000000000000000000000000000000000000000000000000000000000000000000
310
00000000000000000000000000000000000000000000000000000000000000000000000000000000000000000000000000000000000000000000000000000000000000000000000000000000000000000000000000000000000000000000000000000000000000000000000000000000000000000000000000000000000000
310
00000000000000000000000000000000000000000000000000000000000000000000000000000000000000000000000000000000000000000000000000000000000000000000000000000000000000000000000000000000000000000000000000000000000000000000000000000000000000000000000000000000000000
310
00000000000000000000000000000000000000000000000000000000000000000000000000000000000000000000000000000000000000000000000000000000000000000000000000000000000000000000000000000000000000000000000000000000000000000000000000000000000000000000000000000000000000
310
00000000000000000000000000000000000000000000000000000000000000000000000000000000000000000000000000000000000000000000000000000000000000000000000000000000000000000000000000000000000000000000000000000000000000000000000000000000000000000000000000000000000000
310
00000000000000000000000000000000000000000000000000000000000000000000000000000000000000000000000000000000000000000000000000000000000000000000000000000000000000000000000000000000000000000000000000000000000000000000000000000000000000000000000000000000000000
310
00000000000000000000000000000000000000000000000000000000000000000000000000000000000000000000000000000000000000000000000000000000000000000000000000000000000000000000000000000000000000000000000000000000000000000000000000000000000000000000000000000000000000
310
00000000000000000000000000000000000000000000000000000000000000000000000000000000000000000000000000000000000000000000000000000000000000000000000000000000000000000000000000000000000000000000000000000000000000000000000000000000000000000000000000000000000000
310
00000000000000000000000000000000000000000000000000000000000000000000000000000000000000000000000000000000000000000000000000000000000000000000000000000000000000000000000000000000000000000000000000000000000000000000000000000000000000000000000000000000000000
310
00000000000000000000000000000000000000000000000000000000000000000000000000000000000000000000000000000000000000000000000000000000000000000000000000000000000000000000000000000000000000000000000000000000000000000000000000000000000000000000000000000000000000
310
00000000000000000000000000000000000000000000000000000000000000000000000000000000000000000000000000000000000000000000000000000000000000000000000000000000000000000000000000000000000000000000000000000000000000000000000000000000000000000000000000000000000000
310
00000000000000000000000000000000000000000000000000000000000000000000000000000000000000000000000000000000000000000000000000000000000000000000000000000000000000000000000000000000000000000000000000000000000000000000000000000000000000000000000000000000000000
310
00000000000000000000000000000000000000000000000000000000000000000000000000000000000000000000000000000000000000000000000000000000000000000000000000000000000000000000000000000000000000000000000000000000000000000000000000000000000000000000000000000000000000
310
00000000000000000000000000000000000000000000000000000000000000000000000000000000000000000000000000000000000000000000000000000000000000000000000000000000000000000000000000000000000000000000000000000000000000000000000000000000000000000000000000000000000000
310
00000000000000000000000000000000000000000000000000000000000000000000000000000000000000000000000000000000000000000000000000000000000000000000000000000000000000000000000000000000000000000000000000000000000000000000000000000000000000000000000000000000000000
310
00000000000000000000000000000000000000000000000000000000000000000000000000000000000000000000000000000000000000000000000000000000000000000000000000000000000000000000000000000000000000000000000000000000000000000000000000000000000000000000000000000000000000
310
00000000000000000000000000000000000000000000000000000000000000000000000000000000000000000000000000000000000000000000000000000000000000000000000000000000000000000000000000000000000000000000000000000000000000000000000000000000000000000000000000000000000000
310
00000000000000000000000000000000000000000000000000000000000000000000000000000000000000000000000000000000000000000000000000000000000000000000000000000000000000000000000000000000000000000000000000000000000000000000000000000000000000000000000000000000000000
310
00000000000000000000000000000000000000000000000000000000000000000000000000000000000000000000000000000000000000000000000000000000000000000000000000000000000000000000000000000000000000000000000000000000000000000000000000000000000000000000000000000000000000
310
00000000000000000000000000000000000000000000000000000000000000000000000000000000000000000000000000000000000000000000000000000000000000000000000000000000000000000000000000000000000000000000000000000000000000000000000000000000000000000000000000000000000000
310
00000000000000000000000000000000000000000000000000000000000000000000000000000000000000000000000000000000000000000000000000000000000000000000000000000000000000000000000000000000000000000000000000000000000000000000000000000000000000000000000000000000000000
310
00000000000000000000000000000000000000000000000000000000000000000000000000000000000000000000000000000000000000000000000000000000000000000000000000000000000000000000000000000000000000000000000000000000000000000000000000000000000000000000000000000000000000
310
00000000000000000000000000000000000000000000000000000000000000000000000000000000000000000000000000000000000000000000000000000000000000000000000000000000000000000000000000000000000000000000000000000000000000000000000000000000000000000000000000000000000000
310
00000000000000000000000000000000000000000000000000000000000000000000000000000000000000000000000000000000000000000000000000000000000000000000000000000000000000000000000000000000000000000000000000000000000000000000000000000000000000000000000000000000000000
310
00000000000000000000000000000000000000000000000000000000000000000000000000000000000000000000000000000000000000000000000000000000000000000000000000000000000000000000000000000000000000000000000000000000000000000000000000000000000000000000000000000000000000
310
00000000000000000000000000000000000000000000000000000000000000000000000000000000000000000000000000000000000000000000000000000000000000000000000000000000000000000000000000000000000000000000000000000000000000000000000000000000000000000000000000000000000000
310
00000000000000000000000000000000000000000000000000000000000000000000000000000000000000000000000000000000000000000000000000000000000000000000000000000000000000000000000000000000000000000000000000000000000000000000000000000000000000000000000000000000000000
310
00000000000000000000000000000000000000000000000000000000000000000000000000000000000000000000000000000000000000000000000000000000000000000000000000000000000000000000000000000000000000000000000000000000000000000000000000000000000000000000000000000000000000
310
00000000000000000000000000000000000000000000000000000000000000000000000000000000000000000000000000000000000000000000000000000000000000000000000000000000000000000000000000000000000000000000000000000000000000000000000000000000000000000000000000000000000000
310
00000000000000000000000000000000000000000000000000000000000000000000000000000000000000000000000000000000000000000000000000000000000000000000000000000000000000000000000000000000000000000000000000000000000000000000000000000000000000000000000000000000000000
310
00000000000000000000000000000000000000000000000000000000000000000000000000000000000000000000000000000000000000000000000000000000000000000000000000000000000000000000000000000000000000000000000000000000000000000000000000000000000000000000000000000000000000
310
00000000000000000000000000000000000000000000000000000000000000000000000000000000000000000000000000000000000000000000000000000000000000000000000000000000000000000000000000000000000000000000000000000000000000000000000000000000000000000000000000000000000000
310
00000000000000000000000000000000000000000000000000000000000000000000000000000000000000000000000000000000000000000000000000000000000000000000000000000000000000000000000000000000000000000000000000000000000000000000000000000000000000000000000000000000000000
310
00000000000000000000000000000000000000000000000000000000000000000000000000000000000000000000000000000000000000000000000000000000000000000000000000000000000000000000000000000000000000000000000000000000000000000000000000000000000000000000000000000000000000
310
00000000000000000000000000000000000000000000000000000000000000000000000000000000000000000000000000000000000000000000000000000000000000000000000000000000000000000000000000000000000000000000000000000000000000000000000000000000000000000000000000000000000000
310
00000000000000000000000000000000000000000000000000000000000000000000000000000000000000000000000000000000000000000000000000000000000000000000000000000000000000000000000000000000000000000000000000000000000000000000000000000000000000000000000000000000000000
310
00000000000000000000000000000000000000000000000000000000000000000000000000000000000000000000000000000000000000000000000000000000000000000000000000000000000000000000000000000000000000000000000000000000000000000000000000000000000000000000000000000000000000
310
00000000000000000000000000000000000000000000000000000000000000000000000000000000000000000000000000000000000000000000000000000000000000000000000000000000000000000000000000000000000000000000000000000000000000000000000000000000000000000000000000000000000000
310
00000000000000000000000000000000000000000000000000000000000000000000000000000000000000000000000000000000000000000000000000000000000000000000000000000000000000000000000000000000000000000000000000000000000000000000000000000000000000000000000000000000000000
310
00000000000000000000000000000000000000000000000000000000000000000000000000000000000000000000000000000000000000000000000000000000000000000000000000000000000000000000000000000000000000000000000000000000000000000000000000000000000000000000000000000000000000
310
00000000000000000000000000000000000000000000000000000000000000000000000000000000000000000000000000000000000000000000000000000000000000000000000000000000000000000000000000000000000000000000000000000000000000000000000000000000000000000000000000000000000000
310
00000000000000000000000000000000000000000000000000000000000000000000000000000000000000000000000000000000000000000000000000000000000000000000000000000000000000000000000000000000000000000000000000000000000000000000000000000000000000000000000000000000000000
310
00000000000000000000000000000000000000000000000000000000000000000000000000000000000000000000000000000000000000000000000000000000000000000000000000000000000000000000000000000000000000000000000000000000000000000000000000000000000000000000000000000000000000
310
00000000000000000000000000000000000000000000000000000000000000000000000000000000000000000000000000000000000000000000000000000000000000000000000000000000000000000000000000000000000000000000000000000000000000000000000000000000000000000000000000000000000000
310
00000000000000000000000000000000000000000000000000000000000000000000000000000000000000000000000000000000000000000000000000000000000000000000000000000000000000000000000000000000000000000000000000000000000000000000000000000000000000000000000000000000000000
310
00000000000000000000000000000000000000000000000000000000000000000000000000000000000000000000000000000000000000000000000000000000000000000000000000000000000000000000000000000000000000000000000000000000000000000000000000000000000000000000000000000000000000
310
00000000000000000000000000000000000000000000000000000000000000000000000000000000000000000000000000000000000000000000000000000000000000000000000000000000000000000000000000000000000000000000000000000000000000000000000000000000000000000000000000000000000000
310
00000000000000000000000000000000000000000000000000000000000000000000000000000000000000000000000000000000000000000000000000000000000000000000000000000000000000000000000000000000000000000000000000000000000000000000000000000000000000000000000000000000000000
310
00000000000000000000000000000000000000000000000000000000000000000000000000000000000000000000000000000000000000000000000000000000000000000000000000000000000000000000000000000000000000000000000000000000000000000000000000000000000000000000000000000000000000
310
00000000000000000000000000000000000000000000000000000000000000000000000000000000000000000000000000000000000000000000000000000000000000000000000000000000000000000000000000000000000000000000000000000000000000000000000000000000000000000000000000000000000000
310
00000000000000000000000000000000000000000000000000000000000000000000000000000000000000000000000000000000000000000000000000000000000000000000000000000000000000000000000000000000000000000000000000000000000000000000000000000000000000000000000000000000000000
310
00000000000000000000000000000000000000000000000000000000000000000000000000000000000000000000000000000000000000000000000000000000000000000000000000000000000000000000000000000000000000000000000000000000000000000000000000000000000000000000000000000000000000
310
00000000000000000000000000000000000000000000000000000000000000000000000000000000000000000000000000000000000000000000000000000000000000000000000000000000000000000000000000000000000000000000000000000000000000000000000000000000000000000000000000000000000000
310
00000000000000000000000000000000000000000000000000000000000000000000000000000000000000000000000000000000000000000000000000000000000000000000000000000000000000000000000000000000000000000000000000000000000000000000000000000000000000000000000000000000000000
310
00000000000000000000000000000000000000000000000000000000000000000000000000000000000000000000000000000000000000000000000000000000000000000000000000000000000000000000000000000000000000000000000000000000000000000000000000000000000000000000000000000000000000
310
00000000000000000000000000000000000000000000000000000000000000000000000000000000000000000000000000000000000000000000000000000000000000000000000000000000000000000000000000000000000000000000000000000000000000000000000000000000000000000000000000000000000000
310
00000000000000000000000000000000000000000000000000000000000000000000000000000000000000000000000000000000000000000000000000000000000000000000000000000000000000000000000000000000000000000000000000000000000000000000000000000000000000000000000000000000000000
310
00000000000000000000000000000000000000000000000000000000000000000000000000000000000000000000000000000000000000000000000000000000000000000000000000000000000000000000000000000000000000000000000000000000000000000000000000000000000000000000000000000000000000
310
00000000000000000000000000000000000000000000000000000000000000000000000000000000000000000000000000000000000000000000000000000000000000000000000000000000000000000000000000000000000000000000000000000000000000000000000000000000000000000000000000000000000000
310
00000000000000000000000000000000000000000000000000000000000000000000000000000000000000000000000000000000000000000000000000000000000000000000000000000000000000000000000000000000000000000000000000000000000000000000000000000000000000000000000000000000000000
310
00000000000000000000000000000000000000000000000000000000000000000000000000000000000000000000000000000000000000000000000000000000000000000000000000000000000000000000000000000000000000000000000000000000000000000000000000000000000000000000000000000000000000
310
00000000000000000000000000000000000000000000000000000000000000000000000000000000000000000000000000000000000000000000000000000000000000000000000000000000000000000000000000000000000000000000000000000000000000000000000000000000000000000000000000000000000000
310
00000000000000000000000000000000000000000000000000000000000000000000000000000000000000000000000000000000000000000000000000000000000000000000000000000000000000000000000000000000000000000000000000000000000000000000000000000000000000000000000000000000000000
310
00000000000000000000000000000000000000000000000000000000000000000000000000000000000000000000000000000000000000000000000000000000000000000000000000000000000000000000000000000000000000000000000000000000000000000000000000000000000000000000000000000000000000
310
00000000000000000000000000000000000000000000000000000000000000000000000000000000000000000000000000000000000000000000000000000000000000000000000000000000000000000000000000000000000000000000000000000000000000000000000000000000000000000000000000000000000000
310
00000000000000000000000000000000000000000000000000000000000000000000000000000000000000000000000000000000000000000000000000000000000000000000000000000000000000000000000000000000000000000000000000000000000000000000000000000000000000000000000000000000000000
310
00000000000000000000000000000000000000000000000000000000000000000000000000000000000000000000000000000000000000000000000000000000000000000000000000000000000000000000000000000000000000000000000000000000000000000000000000000000000000000000000000000000000000
310
00000000000000000000000000000000000000000000000000000000000000000000000000000000000000000000000000000000000000000000000000000000000000000000000000000000000000000000000000000000000000000000000000000000000000000000000000000000000000000000000000000000000000
310
00000000000000000000000000000000000000000000000000000000000000000000000000000000000000000000000000000000000000000000000000000000000000000000000000000000000000000000000000000000000000000000000000000000000000000000000000000000000000000000000000000000000000
310
00000000000000000000000000000000000000000000000000000000000000000000000000000000000000000000000000000000000000000000000000000000000000000000000000000000000000000000000000000000000000000000000000000000000000000000000000000000000000000000000000000000000000
310
00000000000000000000000000000000000000000000000000000000000000000000000000000000000000000000000000000000000000000000000000000000000000000000000000000000000000000000000000000000000000000000000000000000000000000000000000000000000000000000000000000000000000
310
00000000000000000000000000000000000000000000000000000000000000000000000000000000000000000000000000000000000000000000000000000000000000000000000000000000000000000000000000000000000000000000000000000000000000000000000000000000000000000000000000000000000000
310
00000000000000000000000000000000000000000000000000000000000000000000000000000000000000000000000000000000000000000000000000000000000000000000000000000000000000000000000000000000000000000000000000000000000000000000000000000000000000000000000000000000000000
310
00000000000000000000000000000000000000000000000000000000000000000000000000000000000000000000000000000000000000000000000000000000000000000000000000000000000000000000000000000000000000000000000000000000000000000000000000000000000000000000000000000000000000
310
00000000000000000000000000000000000000000000000000000000000000000000000000000000000000000000000000000000000000000000000000000000000000000000000000000000000000000000000000000000000000000000000000000000000000000000000000000000000000000000000000000000000000
310
00000000000000000000000000000000000000000000000000000000000000000000000000000000000000000000000000000000000000000000000000000000000000000000000000000000000000000000000000000000000000000000000000000000000000000000000000000000000000000000000000000000000000
310
00000000000000000000000000000000000000000000000000000000000000000000000000000000000000000000000000000000000000000000000000000000000000000000000000000000000000000000000000000000000000000000000000000000000000000000000000000000000000000000000000000000000000
310
00000000000000000000000000000000000000000000000000000000000000000000000000000000000000000000000000000000000000000000000000000000000000000000000000000000000000000000000000000000000000000000000000000000000000000000000000000000000000000000000000000000000000
310
00000000000000000000000000000000000000000000000000000000000000000000000000000000000000000000000000000000000000000000000000000000000000000000000000000000000000000000000000000000000000000000000000000000000000000000000000000000000000000000000000000000000000
310
00000000000000000000000000000000000000000000000000000000000000000000000000000000000000000000000000000000000000000000000000000000000000000000000000000000000000000000000000000000000000000000000000000000000000000000000000000000000000000000000000000000000000
310
00000000000000000000000000000000000000000000000000000000000000000000000000000000000000000000000000000000000000000000000000000000000000000000000000000000000000000000000000000000000000000000000000000000000000000000000000000000000000000000000000000000000000
310
00000000000000000000000000000000000000000000000000000000000000000000000000000000000000000000000000000000000000000000000000000000000000000000000000000000000000000000000000000000000000000000000000000000000000000000000000000000000000000000000000000000000000
310
00000000000000000000000000000000000000000000000000000000000000000000000000000000000000000000000000000000000000000000000000000000000000000000000000000000000000000000000000000000000000000000000000000000000000000000000000000000000000000000000000000000000000
310
00000000000000000000000000000000000000000000000000000000000000000000000000000000000000000000000000000000000000000000000000000000000000000000000000000000000000000000000000000000000000000000000000000000000000000000000000000000000000000000000000000000000000
310
00000000000000000000000000000000000000000000000000000000000000000000000000000000000000000000000000000000000000000000000000000000000000000000000000000000000000000000000000000000000000000000000000000000000000000000000000000000000000000000000000000000000000
310
00000000000000000000000000000000000000000000000000000000000000000000000000000000000000000000000000000000000000000000000000000000000000000000000000000000000000000000000000000000000000000000000000000000000000000000000000000000000000000000000000000000000000
310
00000000000000000000000000000000000000000000000000000000000000000000000000000000000000000000000000000000000000000000000000000000000000000000000000000000000000000000000000000000000000000000000000000000000000000000000000000000000000000000000000000000000000
310
00000000000000000000000000000000000000000000000000000000000000000000000000000000000000000000000000000000000000000000000000000000000000000000000000000000000000000000000000000000000000000000000000000000000000000000000000000000000000000000000000000000000000
310
00000000000000000000000000000000000000000000000000000000000000000000000000000000000000000000000000000000000000000000000000000000000000000000000000000000000000000000000000000000000000000000000000000000000000000000000000000000000000000000000000000000000000
310
00000000000000000000000000000000000000000000000000000000000000000000000000000000000000000000000000000000000000000000000000000000000000000000000000000000000000000000000000000000000000000000000000000000000000000000000000000000000000000000000000000000000000
310
00000000000000000000000000000000000000000000000000000000000000000000000000000000000000000000000000000000000000000000000000000000000000000000000000000000000000000000000000000000000000000000000000000000000000000000000000000000000000000000000000000000000000
310
00000000000000000000000000000000000000000000000000000000000000000000000000000000000000000000000000000000000000000000000000000000000000000000000000000000000000000000000000000000000000000000000000000000000000000000000000000000000000000000000000000000000000
310
00000000000000000000000000000000000000000000000000000000000000000000000000000000000000000000000000000000000000000000000000000000000000000000000000000000000000000000000000000000000000000000000000000000000000000000000000000000000000000000000000000000000000
310
00000000000000000000000000000000000000000000000000000000000000000000000000000000000000000000000000000000000000000000000000000000000000000000000000000000000000000000000000000000000000000000000000000000000000000000000000000000000000000000000000000000000000
310
00000000000000000000000000000000000000000000000000000000000000000000000000000000000000000000000000000000000000000000000000000000000000000000000000000000000000000000000000000000000000000000000000000000000000000000000000000000000000000000000000000000000000
310
00000000000000000000000000000000000000000000000000000000000000000000000000000000000000000000000000000000000000000000000000000000000000000000000000000000000000000000000000000000000000000000000000000000000000000000000000000000000000000000000000000000000000
310
00000000000000000000000000000000000000000000000000000000000000000000000000000000000000000000000000000000000000000000000000000000000000000000000000000000000000000000000000000000000000000000000000000000000000000000000000000000000000000000000000000000000000
310
00000000000000000000000000000000000000000000000000000000000000000000000000000000000000000000000000000000000000000000000000000000000000000000000000000000000000000000000000000000000000000000000000000000000000000000000000000000000000000000000000000000000000
310
00000000000000000000000000000000000000000000000000000000000000000000000000000000000000000000000000000000000000000000000000000000000000000000000000000000000000000000000000000000000000000000000000000000000000000000000000000000000000000000000000000000000000
310
00000000000000000000000000000000000000000000000000000000000000000000000000000000000000000000000000000000000000000000000000000000000000000000000000000000000000000000000000000000000000000000000000000000000000000000000000000000000000000000000000000000000000
310
00000000000000000000000000000000000000000000000000000000000000000000000000000000000000000000000000000000000000000000000000000000000000000000000000000000000000000000000000000000000000000000000000000000000000000000000000000000000000000000000000000000000000
310
00000000000000000000000000000000000000000000000000000000000000000000000000000000000000000000000000000000000000000000000000000000000000000000000000000000000000000000000000000000000000000000000000000000000000000000000000000000000000000000000000000000000000
310
00000000000000000000000000000000000000000000000000000000000000000000000000000000000000000000000000000000000000000000020202020202020202020202020202020202020202020202020202020202020202020202020202020202020202020202020202020202020202020202020202020202020202
310
02020202020202020202020202020202020202020202020202020202020202020202020202020202020202020202020202020202020202020202020202020202020202020202020202020202020202020202020202020202020202020202020202020202020202020202020202020202020202020202020202020202020202
310
02020202020202020202020202020202020202020202020202020202020202020202020202020202020202020202020202020202020202020202020202020202020202020202020202020202020202020202020202020202020202020202020202020202020202020202020202020202020202020202020202020202020202
310
02020202020202020202020202020202020202020202020202020202020202020202020202020202020202020202020202020202020202020202020202020202020202020202020202020202020202020202020202020202020202020202020202020202020202020202020202020202020202020202020202020202020202
310
02020202020202020202020202020202000000000000000000000000000000000000000000000000000000000000000000000000000000000000000000000200000000000000000000000000000000000000000000000000000000000000000000000000000000000000000000000000000000000000000000000000000000
310
00000000000000000000000000000000000000000000000000000000000000000000000000000000000000000000000000000000000000000000000000000000000000000000000000000000000000000000000000000000000000000000000000000000000000000000000000000000000000000000000000000000000000
310
00000000000000000000000000000000000000000000000000000000000000000000000000000000000002000000000000000000000000000000000000000000000000000000000000000000000000000000000000000000000000000000000000000000000000000000000000000000000000000000000000000000000000
310
00000000000000000000000000000000000000000000000000000000000000000000000002020002020202000002020202020000000000000000000000000000000000000000000000000000000000000000000000000000000000000000000000000000000000000000000000000202020202020200000000000000000000
310
00000000000000000000000000000000000000020000000000000000000000000000000000000000000000000000000000000000000000000000000000000000000002000000000000000000000000000000000000000000000000000000000000000000000000000000000000000000000000000000000000000000000000
310
00000000000000000000000000000000000000000000000000000000000000000000000000000000000000000000000000000000000000000000000000000000000000000000000000000000000000000000000000000000000000000000000000000000000000000000000000000000000000000000000000000000000000
310
00000000000000000000000000000000000000000000000000000000000000000000000000000000000000000000020000000000000000000000000000000000000000000000000000000000000000000000000000000000000000000000000000000000000000000000000000000000020202020202020202020202020202
310
02020202000202020202020202020002020202020202020000000000000000000000000000000000020202020202020202020202020200000000000000000000000000000000000000000000000000000000000000000000000000000000000000000000000000000000000000000000000002020202020202000000000000
310
00000000000000000000000000000000000000000000000200000000000000000000000000000000000000000000000000000000000000000000000000000000000000000000020000000000000000000000000000000000000000000000000000000000000000000000000000000000000000000000000000000000000000
310
00000000000000000000000000000000000000000000000000000000000000000000000000000000000000000000000000000000000000000000000000000000000000000000000000000000000000000000000000000000000000000000000000000000000000000000000000000000000000000000000000000000000000
310
00000000000000000000000000000000000000000000000000000000000000000000000000000000000000000000000200000200020000000000000000000000000000000000000000000000000000000000000000000000000000000000000000000000000000000000000000000000000000000202020202020202020202
310
02020202020202020002020202020202020202020202020202020200000000000000000000000000000000000002020000020202020202020002020000000000000000000000000000000000000000000000000000000000000000000000000000000000000000000000000000000000000000000000020202020202000202
310
02020000020202000000000000000000000000000000000000000002000000000000000000000000000000000000000000000000000000000000000000000000000000000000000000000200000000000000000000000000000000000000000000000000000000000000000000000000000000000000000000000000000000
310
00000000000000000000000000000000000000000000000000000000000000000000000000000000000000000000000000000000000000000000000000000000000000000000000000000000000000000000000000000000000000000000000000000000000000000000000000000000000000000000000000000000000000
310
00000000000000000000000000000000000000000000000000000000000000000000000000000000000000000000000000000000020202020000000000000000000000000000000000000000000000000000000000000000000000000000000000000000000000000000000000000000000000000000000002020202020202
310
02020202020202020202020200020202020202020200000202020202020200000000000000000000000000000000000000020202000202020200020200020200000000000000000000000000000000000000000000000000000000000000000000000000000000000000000000000000000000000000000000000200020202
310
02000202020202020202000000000000000000000000000000000000000000020000000000000000000000000000000000000000000000000000000000000000000000000000000000000000000002000000000000000000000000000000000000000000000000000000000000000000000000000000000000000000000000
310
00000000000000000000000000000000000000000000000000000000000000000000000000000000000000000000000000000000000000000000000000000000000000000000000000000000000000000000000000000000000000000000000000000000000000000000000000000000000000000000000000000000000000
310
00000000000000000000000000000000000000000000000000000000000000000000000000000000000303030303030303030003030303000000020000030303030300030300030003030300030303000003000000030300000000030300030003030300030303030303030303030000000000030300030300000303030303
310
03030303030303030303030303020203000203020302030203030203030303030303030303030300030303030303030303030000030202030303030302000202030300030303030303030300000003030303030000000003030303030300030303000303030000000303030300000303000303030000000000030303030003
310
02020202030003030303000002030303030303000000000000000000000000000000000200000000000000000000000000000000000000000000000000000000000000000000000000000000000000000000020000000000000000000000000000000000000000000000000000000000000000000000000000000000000000
310
00000000000000000000000000000000000000000000000000000000000000000000000000000000000000000000000000000000000000000000000000000000000000000000000000000000000000000000000000000000000000000000000000000000000000000000000000000000000000000000000000000000000000
310
00000000000000000000000000000000000000000000000000000000000000000000000000000000000000000003030303030303030303030303030000030303030303030303030303030303030303000303030303030303030303000303000303030303030303000303030303030303030300030303030003030303030303
310
00020202030303030303030303030303030303030302030303020303030303030303030303030303030303030303030303030303030303030303030303030303030000000303030303030303030303030303030303030300000000030303030303030303030303030303000003030303030300030003030303030303000303
310
03030003030000000300030303030000000303030303030000000000000000000000000000000002000000000000000000000000000000000000000000000000000000000000000000000000000000000000000000000200000000000000000000000000000000000000000000000000000000000000000000000000000000
310
00000000000000000000000000000000000000000000000000000000000000000000000000000000000000000000000000000000000000000000000000000000000000000000000000000000000000000000000000000000000000000000000000000000000000000000000000000000000000000000000000000000000000
310
00000000000000000000000000000000000000000000000000000000000000000000000000000000000000000000000000030303030303030300030300030303030303030303000303030303030303030303030003000003030303000003030303030303000303030303030003000003030303030303030003030303030303
310
03030300000000000303030300030303030303030303030303000303030003030300030303030303030303030303030303030300030303030303030303030303030303030300000003000303030303030303030303030303030303030303030303030303030303030303000303030000030303030303000300030303030303
310
03000303000300000303000003000300030003000003030303000300000000000000000000000000000000020000000000000000000000000000000000000000000000000000000000000000000000000000000000000000000002000000020202020202020202020202020202020202020202020202020202020202020202
310
02020202020202020202020202020202020202020202020202020202020202020202020202020202020202020202020202020202020202020202020202020202020202020202020202020202020202020202020202020202020202020202020202020202020202020202020202020202020202020202020202020202020202
310
02020202020202020202020202020202020202020202020202020202020202020202020202020202020202020202020202020202020303030303030303030303020303030303030303020203020203030302030203030303030303020303020303030303030303030303030203030303030303030303030303020303030303
310
03030303020302020202020203030303030303030303030303030303030203020303030303030303030303030303030303030303030303030303030303030303030303020202020303020202030302020202030303020203030303030303030202020203020203030202020203020202020202020303030303030303030302
310
02030303020202020203030202020202020203030302020202030303030303020202020202020202000000000000000200000000000000000000000000000000000000000000000000000000000000000000000000000000000000000000020000000202020202020202020000000002000000000000000000000000000000
310
00000000000000000000000000000000000000000000000000000000000000000000000000000000000000000000000000000000000000000000000000000000000000000000000000000000000000000000000000000000000000000000000000000000000000000000000000000000000000000000000000000000000000
310
00000000000000000000000000000000000000000000000000000000000000000000000000000000000000000000000000000000000000000000030303030300030300030003030303000000000000030000030300030300030303030003000303000300000000000000020003030300030303030003000303030303030000
310
00000300030303000003000000020000000303030300030300030303030203000303030003030303030303030303030303030303030303000303030303030303030300030303030202020202000202000302020202020303020200000000000303030000000000030202030202020202020202020202020003030300030303
310
03030202020000020202020202030302020002020202020302020202020203020203020202020202020202020000000000000002000000000000000000000000000000000000000000000000000000000000000000000000000000000000000000000200000002020202020202020000000000020000000000000000000000
310
00000000000000000000000000000000000000000000000000000000000000000000000000000000000000000000000000000000000000000000000000000000000000000000000000000000000000000000000000000000000000000000000000000000000000000000000000000000000000000000000000000000000000
310
00000000000000000000000000000000000000000000000000000000000000000000000000000000000000000000000000000000000000000000000000000000000000000000000000000000000000000000000000000000000000000002000200020202020202020000000000000200000000000000000000000000000000
310
02000000000000000000000000000000000200000000000000000202000202000002000000000000000200000000000000020200000000020200000000000002000000020000000002000202000002020002020002020202020200020200000000000000000000000202020202020202020000020202020200000000000000
310
00000000000002020200000202020002020202020002020000020202020200000202000200000000020200000002000200000000000000020000000000000000000000000000000000000000000000000000000000000000000000000000000000000000000002000000020202020202020202000000000200000000000000
310
00000000000000000000000000000000000000000000000000000000000000000000000000000000000000000000000000000000000000000000000000000000000000000000000000000000000000000000000000000000000000000000000000000000000000000000000000000000000000000000000000000000000000
310
00000000000000000000000000000000000000000000000000000000000000000000000000000000000000000000000000000000000000000000000000000000000000000000000000000000000000000000000000000000000000000000000000020002020202020202020202000000000002000000000000000000000000
310
00000000020000000000000000000000000000000002000000000000000002020000000000020000000000000002000000000000000000000202020200000000000000020000020200000000020000020202020202020202020202020202020202000000000000000000000002020202020202000000000202000202020200
310
00000000000000000000020202020202020200000202020000000202020202020200000002020000020000000000000000020002000000000000000200000000000000000000000000000000000000000000000000000000000000000000000000000000000000000000020000000202020202020202020000000002000000
310
00000000000000000000000000000000000000000000000000000000000000000000000000000000000000000000000000000000000000000000000000000000000000000000000000000000000000000000000000000000000000000000000000000000000000000000000000000000000000000000000000000000000000
310
00000000000000000000000000000000000000000000000000000000000000000000000000000000000000000000000000000000000000000000000000000000000000000000000000000000000000000000000000000000000000000000000000000000000200020202020202020202020000000000020000000000000000
310
00000000000000000200000000000000000000000000000000020000000000000000020200020200000200000000000000020000000000000000000002020202000000000000000200000002000000000200020202020202020202020200020202020202000000020202020202020202020200000202000202020202020000
310
02020202000202020202020202000202020202020202020000020200000202020202020202000000020200000200000000000000020000020000000000000002000000000000000000000000000000000000000000000000000000000000000000000000000000000000000000000200000002000000000000000000000000
310
02000000000000000000000000000000000000000000000000000000000000000000000000000000000000000000000000000000000000000000000000000000000000000000000000000000000000000000000000000000000000000000000000000000000000000000000000000000000000000000000000000000000000
310
00000000000000000000000000000000000000000000000000000000000000000000000000000000000000000000000000000000000000000000000000000000000000000000000000000000000000000000000000000000000000000000000000000000000000000002000202020202020202020000000000000200000000
310
00000000000000000000000002000000000000000000000000000000000200000000000000020202000202000202000000000000000200000000000000020200000002020200000000000002000000000000000002000202000000020202020200000202020202020000000000000000000000000002020002020002020202
310
02000202000202020000000000000000000202000202020200020200020202000002020000020202020000000202000000020000000000000200000200000000000000020000000000000000000000000000000000000000000000000000000000000000000000000000000000000000000002000000020202020202000202
310
02000000020000000000000000000000000000000000000000000000000000000000000000000000000000000000000000000000000000000000000000000000000000000000000000000000000000000000000000000000000000000000000000000000000000000000000000000000000000000000000000000000000000
310
00000000000000000000000000000000000000000000000000000000000000000000000000000000000000000000000000000000000000000000000000000000000000000000000000000000000000000000000000000000000000000000000000000000000000000000000000020002020202020202020202020200000002
310
00000000000000000000000000000000020000000000000000000000000000000002000000000000000202020000000002020000000000000002000000000000000202020000020202000000000000020002020202020200020002020200020200020202000002020202000202000000000000000000000000020202020200
310
02020000000002020200020200000000000000000002020002020202000202000202020200020200000202020202000002020000000200000000000200000002000000000000000200000000000000000000000000000000000000000000000000000000000000000000000000000000000000000000020000000202020202
310
02020202020202000202000000000000000000000000000000000000000000000000000000000000000000000000000000000000000000000000000000000000000000000000000000000000000000000000000000000000000000000000000000000000000000000000000000000000000000000000000000000000000000
310
00000000000000000000000000000000000000000000000000000000000000000000000000000000000000000000000000000000000000000000000000000000000000000000000000000000000000000000000000000000000000000000000000000000000000000000000000000000000200020202020202020202020202
310
00000002000000000000000000000000000000000200000000000000000000000000000000020000000000000000020200000000000200000000000000020000000000000000020202020202000000000000000200000002000000000200020202020202000202000000020202020000020200000000000000000000000002
310
02020200020202020202020202020202000000000000000000020200020202020002020202000202020202020202020002020202020200000000020000000200000000020000000000000002000000000000000000000000000000000000000000000000000000000000000000000000000000000000000000000200000002
310
02020202020202020202020002000000000000000000000000000000000000000000000000000000000000000000000000000000000000000000000000000000000000000000000000000000000000000000000000000000000000000000000000000000000000000000000000000000000000000000000000000000000000
310
00000000000000000000000000000000000000000000000000000000000000000000000000000000000000000000000000000000000000000000000000000000000000000000000000000000000000000000000000000000000000000000000000000000000000000000000000000000000000000002000202020202020200
310
02020202000000020000000000000000000000000000000002000000000000000000000200000000000200000000000000000000000000000000000000000000000200000000000000000202020202020000000000000002000000020000000002000000020200000002020000000202020200000002020000000000000000
310
00000000020202000202020202020000020200000000000000000000000202000002020200000202020000020202000202000000000202020000000000000200000002000000000200000000000000020000000000000000000000000000000000000000000000000000000000000000000000000000000000000000000002
310
00000002020202020202020202000000020000000000000000000000000000000000000000000000000000000000000000000000000000000000000000000000000000000000000000000000000000000000000000000000000000000000000000000000000000000000000000000000000000000000000000000000000000
310
00000000000000000000000000000000000000000000000000000000000000000000000000000000000000000000000000000000000000000000000000000000000000000000000000000000000000000000000000000000000000000000000000000000000000000000000000000000000000000000000000020000000000
310
00000000000000000000000200000000000000000000000000000000020202020202020202020202020202020002000000000000020202020202020202020000000000000002000000000000020202020202020000000000000000020000000200000000020000000000000000000002020202020202020002020202020200
310
00000000000000000000000000000000000000000000000000000000000000000000000000000000000000000000000000000000000000000000000000000000000000020002000000000002000000000000000200000000000000000000000000000000000000000000000000000000000000000000000000000000000000
310
00000002000000020000000000000000000000000200000000000000000000000000000000000000000000000000000000000000000000000000000000000000000000000000000000000000000000000000000000000000000000000000000000000000000000000000000000000000000000000000000000000000000000
310
00000000000000000000000000000000000000000000000000000000000000000000000000000000000000000000000000000000000000000000000000000000000000000000000000000000000000000000000000000000000000000000000000000000000000000000000000000000000000000000000000000000000200
310
00000000000000000000000000000002000000000000000000000000000000000202020202020202020202020202000000020000000000000202020202020202020200000000000000020000000000000202020200020200000000000000000200000202000000000000000000000000000000020202020202020200020202
310
02020000000000000000000000000000000000000000000000000000000000000000000000000000000000000000000000000000000000000000000000000000000000000000000200020000000000020000000000000002000000000000000000000000000000000000000000000000000000000000000000000000000000
310
00000000000000020000000200000000000000000000000002000000000000000000000000000000000000000000000000000000000000000000000000000000000000000000000000000000000000000000000000000000000000000000000000000000000000000000000000000000000000000000000000000000000000
310
00000000000000000000000000000000000000000000000000000000000000000000000000000000000000000000000000000000000000000000000000000000000000000000000000000000000000000000000000000000000000000000000000000000000000000000000000000000000000000000000000000000000000
310
00000200000000000000000000000000000000020000000000000000000000000000000002000202020202020202020202020000000200000000000002020202020202020202000000000000000200000000000000020202020202000000000000000002000000020000000002000000000000000000000202020202020202
310
00020202020200000000000000000000000000000000000000000000000000000000000000000000000000000000000000000000000000000000000000000000000000000000000000000000020000000000000200000000000000020000000000000000000000000000000000000000000000000000000000000000000000
310
00000000000000000000000200000002000000000000000000000000020000000000000000000000000000000000000000000000000000000000000000000000000000000000000000000000000000000000000000000000000000000000000000000000000000000000000000000000000000000000000000000000000000
310
00000000000000000000000000000000000000000000000000000000000000000000000000000000000000000000000000000000000000000000000000000000000000000000000000000000000000000000000000000000000000000000000000000000000000000000000000000000000000000000000000000000000000
310
00000000000002000000000000000000000000000000000200000000000000000000000000000000020000000000000000000000000000000002000000000000000000000000000000000000000000000002000000000000000000000000000000000000000000020000000000000000020000000000000000000000000000
310
00000000000000000000000000000000000000000000000000000000000000000000000000000000000000000000000000000000000000000000000000000000000000000000000000000000000000000000000000000002000000000000000200000000000000000000000000000000000000000000000000000000000000
310
00000000000000000000000000000002000000020202020202020202020202020200000000000000000000000000000000000000000000000000000000000000000000000000000000000000000000000000000000000000000000000000000000000000000000000000000000000000000000000000000000000000000000
310
00000000000000000000000000000000000000000000000000000000000000000000000000000000000000000000000000000000000000000000000000000000000000000000000000000000000000000000000000000000000000000000000000000000000000000000000000000000000000000000000000000000000000
310
000000000000000000000202020202FEFEFE02020202020202FEFEFEFE02020202020202FE02FE0202020202020202FEFEFEFE0202020202FEFE0202020202FE020202020202020202020202020202020202020202020202020202020202020202020202020202020202020202020202020202020202020202020202020202
310
02020202020202020202020202020202020202020202020202020202020202020202020202020202020202020202020202020202020202020202020202020202020202020202020202020202020202020202020202020202020202020000000000000002000000000000000000000000000000000000000000000000000000
310
00000000000000000000000000000000000000020000000200000000020000000000000002020000000000000000000000000000000000000000000000000000000000000000000000000000000000000000000000000000000000000000000000000000000000000000000000000000000000000000000000000000000000
310
00000000000000000000000000000000000000000000000000000000000000000000000000000000000000000000000000000000000000000000000000000000000000000000000000000000000000000000000000000000000000000000000000000000000000000000000000000000000000000000000000000000000000
310
000000000000000000000000000002000000FEFEFEFEFE000002000000FEFEFEFE00000002000000FEFEFEFEFE000002000000FEFEFEFE0000000200FEFEFEFEFEFE00FEFE02000000000000000000000200000000000000000000000000000000000000000000000000020000000000000000000000000000000000000000
310
00000000000002020202020202020002020202020202020202000002020000000000000000000000000000000000000000000000000000000200000000000000000000000000000000000000000000000000000000000000000000000000000200000000000000020000000000000000000000000000000000000000000000
310
00000000000000000000000000000000000000000000000200000002000000000200000000000000020000000000000000000000000000000000000000000000000000000000000000000000000000000000000000000000000000000000000000000000000000000000000000000000000000000000000000000000000000
310
00000000000000000000000000000000000000000000000000000000000000000000000000000000000000000000000000000000000000000000000000000000000000000000000000000000000000000000000000000000000000000000000000000000000000000000000000000000000000000000000000000000000000
310
00000000000000000000000000000000000002000000FEFEFEFE00000002000000FEFEFEFEFE000002000000FEFEFEFEFE000002000000FEFEFEFE0000000200FEFEFEFEFEFEFEFEFE020000000000000000000002000202020202020000020002020200000200000200000000000200000000000000000000000000000000
310
00000000000000000000020200000002020202020202020200000002020002020000000000000000000000000000000000000000000000000000000002000000000000000000000000000000000002020202000000000000000000000000000000000002000000000000000200000000000000000000000000000000000000
310
00000000000000000000000000000000000000000000000000000002000000020000000002000000000000000200000000000000000000000000000000000000000000000000000000000000000000000000000000000000000000000000000000000000000000000000000000000000000000000000000000000000000000
310
00000000000000000000000000000000000000000000000000000000000000000000000000000000000000000000000000000000000000000000000000000000000000000000000000000000000000000000000000000000000000000000000000000000000000000000000000000000000000000000000000000000000000
310
0000000000000000000000000000000000000000000002000000FEFEFEFE00000002000000FEFEFEFE00000002000000FEFEFEFE00000002000000FEFEFEFE0000000200FEFEFEFEFEFEFEFEFE0200000000000000000000020002020202020200020202020202000202020002000000000002000000000000000000000000
310
00000000000000000000000000000202000000020202020202020202000000020202020200000000000000000000000000000000000000000000000000000000020000000000000000000000000000000000020202020000000000000000000000000000000000020000000000000002000000000000000000000000000000
310
00000000000000000000000000000000000000000000000000000000000000020000000200000000020000000000000002000000000000000000000000000000000000000000000000000000000000000000000000000000000000000000000000000000000000000000000000000000000000000000000000000000000000
310
00000000000000000000000000000000000000000000000000000000000000000000000000000000000000000000000000000000000000000000000000000000000000000000000000000000000000000000000000000000000000000000000000000000000000000000000000000000000000000000000000000000000000
310
000000000000000000000000000000000000000000000000000002000000FEFEFEFEFE000002000000FEFEFEFE00000002000000FEFEFEFE00000002000000FEFEFEFEFE00000200FEFEFEFEFEFEFEFEFE02000000000000000000000200020200020200000200020202000002000202020000000000020000000000000000
310
00000000000000000000000000000000000002020000000202020202000202020202020202020202020000000000000000000000000000000000000000000000000000000200000000000000000000000000000000000000000000000000000000000000000000000000000200000000000000020000000000000000000000
310
00000000000000000000000000000000000000000000000000000000000000000000000200000002000000000200000000000000020000000000000000000000000000000000000000000000000000000000000000000000000000000000000000000000000000000000000000000000000000000000000000000000000000
310
00000000000000000000000000000000000000000000000000000000000000000000000000000000000000000000000000000000000000000000000000000000000000000000000000000000000000000000000000000000000000000000000000000000000000000000000000000000000000000000000000000000000000
310
00000000000000000000000000000000000000000000000000000000000002000000FEFEFEFEFE000002000000FEFEFEFE00000002000000FEFEFEFE00000002000000FEFEFEFEFE000002000000FEFEFEFE000000020000000000000000000002000002020202000002000202020000020002020200000000000200000000
310
00000000000000000000000000000000000000000000020200000002020202000002020202020202020000020200000000000000000000000000000000000000000000000000000002000000000000000000000000000000000000000000000000000000000000000000000000000002000000000000000200000000000000
310
00000000000000000000000000000000000000000000000000000000000000000000000000000002000000020202020202020202020202020200000000000000000000000000000000000000000000000000000000000000000000000000000000000000000000000000000000000000000000000000000000000000000000
310
00000000000000000000000000000000000000000000000000000000000000000000000000000000000000000000000000000000000000000000000000000000000000000000000000000000000000000000000000000000000000000000000000000000000000000000000000000000000000000000000000000000000000
310
0000000000000000000000000000000000000000000000000000000000000000000002000000FEFEFEFE00000002000000FEFEFEFE00000002000000FEFEFEFE00000002000000FEFEFEFEFE000002000000FEFEFEFE0000000200000000000000000000020002020202020000020002020200000200020202000000000002
310
00000000000000000000000000000000000000000000000000000202000000020202020000020202000000020200000202000000000000000000000000000000000000000000000000000000020000000000000000000000000000000000000000000000000000000000000000000000000000020000000000000002000000
310
00000000000000000000000000000000000000000000000000000000000000000000000000000000000000020000000200000000020000000000000002000000000000000000000000000000000000000000000000000000000000000000000000000000000000000000000000000000000000000000000000000000000000
310
00000000000000000000000000000000000000000000000000000000000000000000000000000000000000000000000000000000000000000000000000000000000000000000000000000000000000000000000000000000000000000000000000000000000000000000000000000000000000000000000000000000000000
310
000000000000000000000000000000000000000000000000000000000000000000000000000002000000FEFEFEFE00000002000000FEFEFEFEFE000002000000FEFEFEFEFE000002000000FEFEFEFEFE000002000000FEFEFEFE00000002000000000000000000000200020202020200000202020202000002020202020000
310
00000002000000000000000000000000000000000000000000000000000002020000020202020000000202020202020202020202020000000000000000000000000000000000000000000000000000000202020202020202020202020202000002020202020202020200000202020202020202000000000200000000000000
310
02000000000000000000000000000000000000000000000000000000000000000000000000000000000000000000000200000002000000000200000000000000020200000000000000000000000000000000000000000000000000000000000000000000000000000000000000000000000000000000000000000000000000
310
00000000000000000000000000000000000000000000000000000000000000000000000000000000000000000000000000000000000000000000000000000000000000000000000000000000000000000000000000000000000000000000000000000000000000000000000000000000000000000000000000000000000000
310
00000000000000000000000000000000000000000000000000000000000000000000000000000000000002020202FEFEFEFE02020202020202FEFEFEFEFE0202020000000000FE000000000202020200FE000000000002020202FEFEFEFE000000020002020200000000000002000000000000000000000000000000000000
310
00000000000000020000000000000000000000000000000000000000000000000000020200000202020200000002020202020202020202020200000000000000000000000000000000000000000000000000000002020202020202020202020202020000020202020202020200000002020202020202020000000002000000
310
00000000020000000000000000000000000000000000000000000000000000000000000000000000000000000000000000000002000000020000000002000000000000000200000000000000000000000000000000000000000000000000000000000000000000000000000000000000000000000000000000000000000000
310
00000000000000000000000000000000000000000000000000000000000000000000000000000000000000000000000000000000000000000000000000000000000000000000000000000000000000000000000000000000000000000000000000000000000000000000000000000000000000000000000000000000000000
310
00000000000000000000000000000000000000000000000000000000000000000000000000000000000000000000020202020202020202020202020202020202020202020200000000000000000000020202020000000000000002020202FEFEFEFEFE00000200020202000000000000020000000000000000000000000000
310
00000000000000000000000200000000000000000000000000000000000000000000000000000000000000000000000000000000000000000000000000000000000000000000000000000000000000000000000000000000020202020202020202020202020200020202020202020202000000020202020202020200000000
310
02000000000000000200000000000000000000000000000000000000000000000000000000000000000000000000000000000000000000020000000200000000020000000000000002000000000000000000000000000000000000000000000000000000000000000000000000000000000000000000000000000000000000
310
00000000000000000000000000000000000000000000000000000000000000000000000000000000000000000000000000000000000000000000000000000000000000000000000000000000000000000000000000000000000000000000000000000000000000000000000000000000000000000000000000000000000000
310
0000000000000000000000000000000000000000000000000000000000000000000000000000000000000000000000000000020202020202020202020202020202020202020202020202020202020202020202020202020202020202020202020202FEFEFEFEFE020202000202020202020202000200000000000000000202
310
02020202020200000000000000000002000000000000000000000200020202020200000202020202020202020000000000000000000000000000000000000000000000000000000000000000000000000000000000000000000000000202000202020202020002020202020000000000000000000000000000000000000000
310
00000000020000000000000002000000000000000000000000000000000000000000000000000000000000000000000000000000000000000000000200000002000000000200000000000000020000000000000000000000000000000000000000000000000000000000000000000000000000000000000000000000000000
310
00000000000000000000000000000000000000000000000000000000000000000000000000000000000000000000000000000000000000000000000000000000000000000000000000000000000000000000000000000000000000000000000000000000000000000000000000000000000000000000000000000000000000
310
000000000000000000000000000000000000000000000000000000000000000000000000000000000000000000000000000000000000020202020202020202020002020202020202000000000202020202020202020202020202020202020202020202020202FEFEFEFE020202020002020202020202020002000000000000
310
00000202020202020202000000000000000000020000000000000000000002020202020202000002020202020202020200000000000000000000000000000000000000000000000000000000000000000000000000000000000000000000000002020202020202020200020002020200000000000000000000000000000000
310
00000000000000000200000000000000020000000000000000000000000000000000000000000000000000000000000000000000000000000000000000000002000000020000000002000000000000000200000000000000000000000000000000000000000000000000000000000000000000000000000000000000000000
310
00000000000000000000000000000000000000000000000000000000000000000000000000000000000000000000000000000000000000000000000000000000000000000000000000000000000000000000000000000000000000000000000000000000000000000000000000000000000000000000000000000000000000
310
00000000000000000000000000000000000000000000000000000000000000000000000000000000000000000000000000000000000000000000020202020202020202020202020202020202000000000202020202020202020202020202020202020202020202020202020202020202020200020202020202020200020000
310
00000000000002020002020202020000000000000000000200000000000000000000020202020202020200020200020202020202000000000000000000000000000000000000000000000000000000000000000000000000000000000000000000000000020202020202020202000202020202000000000000000000000000
310
00000000000000000000000002000000000000000200000000000000000000000000000000000000000000000000000000000000000000000000000000000000000000020000000202020202020202020202020202000000000000000000000000000000000000000000000000000000000000000000000000000000000000
310
00000000000000000000000000000000000000000000000000000000000000000000000000000000000000000000000000000000000000000000000000000000000000000000000000000000000000000000000000000000000000000000000000000000000000000000000000000000000000000000000000000000000000
310
00000000000000000000000000000000000000000000000000000000000000000000000000000000000000000000000000000000000000000000000000000200000000000000000000020000000000000000000002000000000000000000000200000000000000000000020000000000000000000002000000000000000000
310
00020000000000000000000000000000000000000000000000000002000000000000000000000000000000000000000000000000000000000000000000000000000000000000000000000000000000000000000000000000000000000000000000000000000000000200000000000000000000000000000000000000000000
310
00000000000000000000000000000000020000000000000002000000000000000000000000000000000000000000000000000000000000000000000000000000000000000000000200000002000000000200000000000000020200000000000000000000000000000000000000000000000000000000000000000000000000
310
00000000000000000000000000000000000000000000000000000000000000000000000000000000000000000000000000000000000000000000000000000000000000000000000000000000000000000000000000000000000000000000000000000000000000000000000000000000000000000000000000000000000000
310
00000000000000000000000000000000000000000000000000000000000000000000000000000000000000000000000000000000000000000000000000000000000002020202020202020202020202020202020202020202020202020202020202020202020202020202020202020202020202020202020202020202020202
310
02020202020202020202020202020202020202020202020202020202020202020202020202020202020202020202020202020202020202020202020202020202020202020202020202020202020202020202020202020202020202020202020202020202020202020202020202020202020202020202020202020202020202
310
02020202020202020202020202020202020202020200000000000000020000000000000000000000000000000000000000000000000000000000000000000000000000000000000000000002000000020000000002000000000000000200000000000000000000000000000000000000000000000000000000000000000000
310
00000000000000000000000000000000000000000000000000000000000000000000000000000000000000000000000000000000000000000000000000000000000000000000000000000000000000000000000000000000000000000000000000000000000000000000000000000000000000000000000000000000000000
310
00000000000000000000000000000000000000000000000000000000000000000000000000000000000000000000000000000000000000000000000000000000000000000000020202020202000202020202020202020002020200000200000000000000000000000000000000000000000000000000000000000000000202
310
02020202020200020202000000000000020000000000020000000000000200000000000200000000000200000000000002000000000002000000000000020000000000020000000000000200000000000000000000000000000000000000000000000000000000000000000000000000020000000000000000000000000000
310
00000000000000000000000000000000000000000000000002000000000000000200000000000000000000000000000000000000000000000000000000000000000000000000000000000000000000020000000200000000020000000000000002000000000000000000000000000000000000000000000000000000000000
310
00000000000000000000000000000000000000000000000000000000000000000000000000000000000000000000000000000000000000000000000000000000000000000000000000000000000000000000000000000000000000000000000000000000000000000000000000000000000000000000000000000000000000
310
00000000000000000000000000000000000000000000000000000000000000000000000000000000000000000000000000000000000000000000000000000000000000000000000000000202020202020002020202020200020200020200000002000000000000000000020202000200000000020000020202000000000000
310
00000202020202020202020202020000000000000000000000000200000000000000000000000002000000000000000000000000020000000000000000000000000200000000000000000000000002000000000000000000000000000000000000000000000000000000000000000000000000000200000000000000000000
310
00020202020202020002020202020202020000000000000000000000020000000000000002000000000000000000000000000000000000000000000000000000000000000000000000000000000000000000000200000002000000000200000000000000020000000000000000000000000000000000000000000000000000
310
00000000000000000000000000000000000000000000000000000000000000000000000000000000000000000000000000000000000000000000000000000000000000000000000000000000000000000000000000000000000000000000000000000000000000000000000000000000000000000000000000000000000000
310
00000000000000000000000000000000000000000000000000000000000000000000000000000000000000000000000000000000000000000000000000000000000000000000000000000000000002020202020200000202020202000202000202000000020000000000000000000202020002000000000200020202020000
310
00000000000002000000000000000000000000000000000000000000000000000000000000000000000000000000000000000000000000000000000000000000000000000000000000000000000000000000020000000000000000000000000000000000000000000000000000000000000000000000000002000000000000
310
00000000000200020202020202020202000202000202000000000000000000000200000000000000020000000000000000000000000000000000000000000000000000000000000000000000000000000000000000000002000000020000000002000000000000000200000000000000000000000000000000000000000000
310
00000000000000000000000000000000000000000000000000000000000000000000000000000000000000000000000000000000000000000000000000000000000000000000000000000000000000000000000000000000000000000000000000000000000000000000000000000000000000000000000000000000000000
310
00000000000000000000000000000000000000000000000000000000000000000000000000000000000000000000000000000000000000000000000000000000000000000000000000000000000000000000020000000000000000000000000000000000000000000200000000000000000202000200000000000002000202
310
02020000000000000000020000000200000000000002000000000000000000000000000000000000000000000202020202020002020202020200020202020202000000000000000000000000000000000000000000000200000000000000000000020202020200020202020202020202020200000000000000000000020000
310
00000000000000000002020202020202020202020002020002020000000000000000000002000000000000000200000000000000000000000000000000000000000000000000000000000000000000000000000000000000000000020000000200000000020000000000000002000000000000000000000000000000000000
310
00000000000000000000000000000000000000000000000000000000000000000000000000000000000000000000000000000000000000000000000000000000000000000000000000000000000000000000000000000000000000000000000000000000000000000000000000000000000000000000000000000000000000
310
00000000000000000000000000000000000000000000000000000000000000000000000000000000000000000000000000000000000000000000000000000000000000000000000000000000000000000000000000000200000000000200000000000000000000000000000002000000000000000002020002000000000000
310
02000002020200000000000000000200000002000000000000020000000000000000000000000000000000000000000002020202020200020202020202000202020202020000000000000000000000000000000000000000000002000000000000000000000202020202000202020202020202020202000000000000000000
310
00020000000000000000000000020202020202020202020202020202020000000000000000000000020000000000000002000000000000000000000000000000000000000000000000000000000000000000000000000000000000000000000200000002020202020202020202020202020000000000000000000000000000
310
00000000000000000000000000000000000000000000000000000000000000000000000000000000000000000000000000000000000000000000000000000000000000000000000000000000000000000000000000000000000000000000000000000000000000000000000000000000000000000000000000000000000000
310
00000000000000000000000000000000000000000000000000000000000000000000000000000000000000000000000000000000000000000000000000000000000000000000000000000000000000000000000000000000000002000000000002020000000000000000020202020200020000000000000000020202020000
310
00000002020002020202000000000000000002000000000000000000000200000000000000000000000000000000000000000000000000000000000000000000000000000000000000000000000000000000000000000000000000000000020000000000000000000000000000000000000000000000000000000000000000
310
00000000000200000000000000000000000202020202020200020202020202020200000000000000000000000200000000000000020000000000000000000000000000000000000000000000000000000000000000000000000000000000000000000002000000020000000002000000000000000202000000000000000000
310
00000000000000000000000000000000000000000000000000000000000000000000000000000000000000000000000000000000000000000000000000000000000000000000000000000000000000000000000000000000000000000000000000000000000000000000000000000000000000000000000000000000000000
310
00000000000000000000000000000000000000000000000000000000000000000000000000000000000000000000000000000000000000000000000000000000000000000000000000000000000000000000000000000000000000000000020000000002020002000002020202020000000002000200000000000000000002
310
02020000000000000200000202020000000000000000020000000000000000000002000000000000000000000000000000000000000000000000000000000000000000000000000000000000000000000000000000000000000000000000000000000200000000000000000000000000000000000000000000000000000000
310
00000000000000000002000000000000000000000000000000000000000000000000000000000000000000000000000002000000000000000200000000000000000000000000000000000000000000000000000000000000000000000000000000000000000000020000000200000000020000000000000002000000000000
310
00000000000000000000000000000000000000000000000000000000000000000000000000000000000000000000000000000000000000000000000000000000000000000000000000000000000000000000000000000000000000000000000000000000000000000000000000000000000000000000000000000000000000
310
00000000000000000000000000000000000000000000000000000000000000000000000000000000000000000000000000000000000000000000000000000000000000000000000000000000000000000000000000000000000000000000000000000200000002000202020000020000000000000000020002000000000000
310
00000000000000000000000000000000000000000000000000000200000000000000000000020000000000000000000000000000000000000000000000000000000000000000000000000000000000000000000000000000000000000000000000000000000002000000000000000000000000000000000000000000000000
310
00000000000000000000000000020000000000000000000000000000000000000000000000000000000000000000000000000000020000000000000002000000000000000000000000000000000000000000000000000000000000000000000000000000000000000000000200000002000000000200000000000000020000
310
00000000000000000000000000000000000000000000000000000000000000000000000000000000000000000000000000000000000000000000000000000000000000000000000000000000000000000000000000000000000000000000000000000000000000000000000000000000000000000000000000000000000000
310
00000000000000000000000000000000000000000000000000000000000000000000000000000000000000000000000000000000000000000000000000000000000000000000000000000000000000000000000000000000000000000000000000000000000002000202020202020202020202020202020202020202020000
310
00000000000000000000000000000000000000020000000000000000000002000000000000000000000200000000000000000000000000000002020202020202000002020202020200020202020202020202020000000000000000000000000000000000000000000000020000000000000000020200020202020200020202
310
02020002020200000000000000000000000200000000000000000002020202020202020202020202020200000000000000000000000000000200000000000000020000000000000000000000000000000000000000000000000000000000000000000000000000000000000000000002000000020000000002000000000000
310
00020000000000000000000000000000000000000000000000000000000000000000000000000000000000000000000000000000000000000000000000000000000000000000000000000000000000000000000000000000000000000000000000000000000000000000000000000000000000000000000000000000000000
310
00000000000000000000000000000000000000000000000000000000000000000000000000000000000000000000000000000000000000000000000000000000000000000000000000000000000000000000000000000000000000000000000000000000000000000000020000000002020202000002020202020000000002
310
00020000000000000000000002020202020202020202020202020000000000000000020000000000000000000002000000000000000000000000000000020202020202020000020202020202020002020202020202020200000000000000000000000000000000000000000000000200000000000000020202020202020200
310
00020202020202020202000000000000000000000002000000000000000000020202020202020202020202020200000000000000000000000000000002000000000000000200000000000000000000000000000000000000000000000000000000000000000000000000000000000000000000020000000200000000020000
310
00000000000200000000000000000000000000000000000000000000000000000000000000000000000000000000000000000000000000000000000000000000000000000000000000000000000000000000000000000000000000000000000000000000000000000000000000000000000000000000000000000000000000
310
00000000000000000000000000000000000000000000000000000000000000000000000000000000000000000000000000000000000000000000000000000000000000000000000000000000000000000000000000000000000000000000000000000000000000000000000000000200000000000200000000000000000002
310
02020202000200000000000000000000020202020202020202020202020200000000000000000200000000000000000000020000000000000000000000000000000202020202020202000202020202020202020202020202020202000000000000000000000000000000000000000000000002000000000000000202020202
310
02020200000202020202020202020000000000000000000000020000000000000000000202020202020202020202020202000000000000000000000000000000020000000000000002000000000000000000000000000000000000000000000000000000000000000000000000000000000000000000000200000002020202
310
02020202020202020202000000000000000000000000000000000000000000000000000000000000000000000000000000000000000000000000000000000000000000000000000000000000000000000000000000000000000000000000000000000000000000000000000000000000000000000000000000000000000000
310
00000000000000000000000000000000000000000000000000000000000000000000000000000000000000000000000000000000000000000000000000000000000000000000000000000000000000000000000000000000000000000000000000000000000000000000000000000000000002000000000002000000000000
310
00000000000000000002000000000000000000000202000202020202020200000202000000000000000002000000000000000000000200000000000000000000000000000000000000000000000000000000000000000000000000000000000000000000000000000000000000000000000000000000020000000000000000
310
00000000000000000000000000000000000000000000000000000000000200000000000000000000000000000000000000000000000000000000000000000000000000000200000000000000020000000000000000000000000000000000000000000000000000000000000000000000000000000000000000000002000000
310
02000000000200000000000000020200000000000000000000000000000000000000000000000000000000000000000000000000000000000000000000000000000000000000000000000000000000000000000000000000000000000000000000000000000000000000000000000000000000000000000000000000000000
310
00000000000000000000000000000000000000000000000000000000000000000000000000000000000000000000000000000000000000000000000000000000000000000000000000000000000000000000000000000000000000000000000000000000000000000000000000000000000000000000020202020202020202
310
02020202020202020202020202020202020202020202020202020202020202020202020202020202020202020202020202020202020202020202020202020202020202020202020202020202020202020202020202020202020202020202020202020202020202020202020202020202020202020202020202020202020202
310
02020202020202020202020202020202020202020202020202020202020202020202020202020202020202020202020202020202020202020202020202020202020202020202020202000000000000000200000000000000000000000000000000000000000000000000000000000000000000000000000000000000000000
310
02000000020000000002000000000000000200000000000000000000000000000000000000000000000000000000000000000000000000000000000000000000000000000000000000000000000000000000000000000000000000000000000000000000000000000000000000000000000000000000000000000000000000
310
00000000000000000000000000000000000000000000000000000000000000000000000000000000000000000000000000000000000000000000000000000000000000000000000000000000000000000000000000000000000000000000000000000000000000000000000000000000000000000000000000000202000202
310
02020202000000000202000202000200020202020202020202020202020200000000020202020200020002020202020202020202020202020002020202020200020202020002020202020000020002020000000000000000000000000000000000000000000000000000000000000000000000000000000000000000000002
310
00020202020202020200020200020200020000000000000002000000020200000202000000020202020202000202020202020202020202020000000000000002000000000000000000000000020000000000000002000000000000000000000000000000000000000000000000000000000000000000000000000000000000
310
00000000020000000200000000020000000000000002000000000000000000000000000000000000000000000000000000000000000000000000000000000000000000000000000000000000000000000000000000000000000000000000000000000000000000000000000000000000000000000000000000000000000000
310
00000000000000000000000000000000000000000000000000000000000000000000000000000000000000000000000000000000000000000000000000000000000000000000000000000000000000000000000000000000000000000000000000000000000000000000000000000000000000000000000000000000000002
310
02020002020202020000000002020202020200020202020202020202020202020202000000000202020202020202020202020202020202020202020200020202020002000202020202020202020200000202020200000000000000000000000000000000000000000000000000000000000000000000000000000000000000
310
00000002000202020202000202020202020202000200000202020000020000000202020002020000000202020202020202020202020202020202020200000000000000020000020200020200000000000200000000000000020000000000000000000000000000000000000000000000000000000000000000000000000000
310
00000000000000000200000002000000000200000000000000020000000000000000000000000000000000000000000000000000000000000000000000000000000000000000000000000000000000000000000000000000000000000000000000000000000000000000000000000000000000000000000000000000000000
310
00000000000000000000000000000000000000000000000000000000000000000000000000000000000000000000000000000000000000000000000000000000000000000000000000000000000000000000000000000000000000000000000000000000000000000000000000000000000000000000000000000000000000
310
00000002000200020202020200020202020202000202000202020202020202020200020200020202020202000200020202020202020202020202020002020202020202020200020002000202020202020200000002020000000000000000000000000000000000000000000000000000000000000000000000000000000000
310
00000000000000020002020202020000020202020202020002000002020200000200000002020202020200000002020202020202020202020202020202020202000000000000000200000202020202000000000002000000000000000200000000000000000000000000000000000000000000000000000000000000000000
310
00000000000000000000000002000000020000000002000000000000000200000000000000000000000000000000000000000000000000000000000000000000000000000000000000000000000000000000000000000000000000000000000000000000000000000000000000000000000000000000000000000000000000
310
00000000000000000000000000000000000000000000000000000000000000000000000000000000000000000000000000000000000000000000000000000000000000000000000000000000000000000000000000000000000000000000000000000000000000000000000000000000000000000000000000000000000000
310
00000000000000020200020202020202020000000000020002020200020202020202020202020202020200000000020202000202000202020202020202020202020000020202020202020202020002020202020202020000000200000000000000000000000000000000000000000000000000000000000000000000000000
310
00000000000000000000000200020202020202020202000200020200020000000202000002000000020202020202000000020002000000000000000202020000020200000000000000000002000002020202020200000000020000000000000002000000000000000000000000000000000000000000000000000000000000
310
00000000000000000000000000000000020000000200000000020000000000000002000000000000000000000000000000000000000000000000000000000000000000000000000000000000000000000000000000000000000000000000000000000000000000000000000000000000000000000000000000000000000000
310
00000000000000000000000000000000000000000000000000000000000000000000000000000000000000000000000000000000000000000000000000000000000000000000000000000000000000000000000000000000000000000000000000000000000000000000000000000000000000000000000000000000000000
310
00000000000000000000000200000000000000000000000000000000000000000000000000000000000000000000000000000000000000000000000000000000000000000000000000000000000000000000000000000000000000000000000000000000000000000000000000000000000000000000000000000000000000
310
00000000000000000000000000000002000202020002020200020002000202000200000000000000020000000000000000000000000200000000000000000000000000000000000000000000000000020000000000000000000000000200000000000000020000000000000000000000000000000000000000000000000000
310
00000000000000000000000000000000000000000200000002020202020202020202020202020000000000000000000000000000000000000000000000000000000000000000000000000000000000000000000000000000000000000000000000000000000000000000000000000000000000000000000000000000000000
310
00000000000000000000000000000000000000000000000000000000000000000000000000000000000000000000000000000000000000000000000000000000000000000000000000000000000000000000000000000000000000000000000000000000000000000000000000000000000000000000000000000000000000
310
00000000000000000000000000000002000000000000000000000000000000000000000000000000000000000000000000000000000000000000000000000000000000000000000000000000000000000000000000000000000000000000000000000000000000000000000000000000000000000000000000000000000000
310
00000000000000000000000000000000000000020000000000000000000000000000000002000000000000000200000000000000000000000002000000000000000000000000000000000000000000000000000200000000000000000000000002000000000000000200000000000000000000000000000000000000000000
310
00000000000000000000000000000000000000000000000002000000020000000002000000000000000202000000000000000000000000000000000000000000000000000000000000000000000000000000000000000000000000000000000000000000000000000000000000000000000000000000000000000000000000
310
00000000000000000000000000000000000000000000000000000000000000000000000000000000000000000000000000000000000000000000000000000000000000000000000000000000000000000000000000000000000000000000000000000000000000000000000000000000000000000000000000000000000000
310
00000000000000000000000000000000000000020202020202020202020202020202020202020202020202020202020202020202020202020202020202020202020202020202020202020202020202020202020202020202020202020202020202020202020202020202020202020202020202020202020202020202020202
310
0202020202020202020202020202020202020202020202020202020202020202020202020202020202020202020202020202020202020202020202020202FEFE02FEFEFEFE020202FEFEFEFEFEFEFEFEFEFEFEFEFEFEFE02020202020202020202020202020000000000000002000000000000000000000000000000000000
310
00000000000000000000000000000000000000000000000000000000020000000200000000020000000000000002000000000000000000000000000000000000000000000000000000000000000000000000000000000000000000000000000000000000000000000000000000000000000000000000000000000000000000
310
00000000000000000000000000000000000000000000000000000000000000000000000000000000000000000000000000000000000000000000000000000000000000000000000000000000000000000000000000000000000000000000000000000000000000000000000000000000000000000000000000000000000000
310
00000000000000000000000000000000000000000000000000000000000000000000000000000000000000000000000000000000000000000000000000000000000000000000000000000000000000000000000000000000000000000000000000000000000000000000000000000000000000000000000000000000000000
310
000000000000000000000000000000000000000000000000000000000000000000000000000000000000000000000000000000000000000000000000000000000002FEFE00FEFEFEFE000000FEFEFEFEFEFEFEFEFEFEFEFEFEFEFE020000000000000000000000000200000000000000020000000000000000000000000000
310
00000000000000000000000000000000000000000000000000000000000000000200000002000000000200000000000000020000000000000000000000000000000000000000000000000000000000000000000000000000000000000000000000000000000000000000000000000000000000000000000000000000000000
310
00000000000000000000000000000000000000000000000000000000000000000000000000000000000000000000000000000000000000000000000000000000000000000000000000000000000000000000000000000000000000000000000000000000000000000000000000000000000000000000000000000000000000
310
00000000000000000000000000000000000000000000000000000000000000000000000000000000000000000000000000000000000000000000000000000000000000000000000000000000000000000000000000000000000000000000000000000000000000000000000000000000000000000000000000000000000000
310
00000000000000000000000000000000000000000000000000000000000000000000000000000000000000000000000000000000000000000000000000000000000000000002FEFEFEFEFEFE00FEFEFEFEFEFE00FEFEFEFEFEFE00FEFEFEFE0200000000000000000000000002000000000000000200000000000000000000
310
00000000000000000000000000000000000000000000000000000000000000000000000002000000020000000002000000000000000200000000000000000000000000000000000000000000000000000000000000000000000000000000000000000000000000000000000000000000000000000000000000000000000000
310
00000000000000000000000000000000000000000000000000000000000000000000000000000000000000000000000000000000000000000000000000000000000000000000000000000000000000000000000000000000000000000000000000000000000000000000000000000000000000000000000000000000000000
310
00000000000000000000000000000000000000000000000000000000000000000000000000000000000000000000000000000000000000000000000000000000000000000000000000000000000000000000000000000000000000000000000000000000000000000000000000000000000000000000000000000000000000
310
0000000000000000000000000000000000000000000000000000000000000000000000000000000000000000000000000000000000000000000000000000000000000000000000000002FEFEFEFEFEFE00FEFEFEFEFEFE00FEFEFEFEFEFE00FEFEFEFE02000000000000000000000000020000000000000002000000000000
310
00000000000000000000000000000000000000000000000000000000000000000000000000000000020000000200000000020000000000000002000000000000000000000000000000000000000000000000000000000000000000000000000000000000000000000000000000000000000000000000000000000000000000
310
00000000000000000000000000000000000000000000000000000000000000000000000000000000000000000000000000000000000000000000000000000000000000000000000000000000000000000000000000000000000000000000000000000000000000000000000000000000000000000000000000000000000000
310
00000000000000000000000000000000000000000000000000000000000000000000000000000000000000000000000000000000000000000000000000000000000000000000000000000000000000000000000000000000000000000000000000000000000000000000000000000000000000000000000000000000000000
310
000000000000000000000000000000000000000000000000000000000000000000000000000000000000000000000000000000000000000000000000000000000000000000000000000000000002FEFEFEFEFEFE00000000FEFEFEFEFEFEFEFEFEFEFEFEFEFEFE020000000000000000000000000200000000000000020000
310
00000000000000000000000000000000000000000000000000000000000000000000000000000000000000000200000002000000000200000000000000020000000000000000000000000000000000000000000000000000000000000000000000000000000000000000000000000000000000000000000000000000000000
310
00000000000000000000000000000000000000000000000000000000000000000000000000000000000000000000000000000000000000000000000000000000000000000000000000000000000000000000000000000000000000000000000000000000000000000000000000000000000000000000000000000000000000
310
00000000000000000000000000000000000000000000000000000000000000000000000000000000000000000000000000000000000000000000000000000000000000000000000000000000000000000000000000000000000000000000000000000000000000000000000000000000000000000000000000000000000000
310
00000000000000000000000000000000000000000000000000000000000000000000000000000000000000000000000000000000000000000000000000000000000000000000000000000000000000000002FEFEFEFEFEFE0000000000FE00FE00FEFEFEFE00FEFEFEFEFE0200000000000000000000000002000000000000
310
00020000000000000000000000000000000000000000000000000000000000000000000000000000000000000000000002000000020202020202020202020202020200000000000000000000000000000000000000000000000000000000000000000000000000000000000000000000000000000000000000000000000000
310
00000000000000000000000000000000000000000000000000000000000000000000000000000000000000000000000000000000000000000000000000000000000000000000000000000000000000000000000000000000000000000000000000000000000000000000000000000000000000000000000000000000000000
310
00000000000000000000000000000000000000000000000000000000000000000000000000000000000000000000000000000000000000000000000000000000000000000000000000000000000000000000000000000000000000000000000000000000000000000000000000000000000000000000000000000000000000
310
00000000000000000000000000000000000000000000000000000000000000000000000000000000000000000000000000000000000000000000000000000000000000000000000000000000000000000000000000020000000000000000000000000000000000000000000000000002000000000002020000000000020000
310
00000000000200000000000000000000000000000000000000000000000000000000000000000000000000000000000000000000020000000200000000020000000000000002020000000000000000000000000000000000000000000000000000000000000000000000000000000000000000000000000000000000000000
310
00000000000000000000000000000000000000000000000000000000000000000000000000000000000000000000000000000000000000000000000000000000000000000000000000000000000000000000000000000000000000000000000000000000000000000000000000000000000000000000000000000000000000
310
00000000000000000000000000000000000000000000000000000000000000000000000000000000000000000000000000000000000000000000000000000000000000000000000000000000000000000000000000000000000000000000000000000000000000000000000000000000000000000000000000000000000000
310
00000000000000000000000000000000000000000000000000000000000000000000000000000000000000000000000000000000000000000000000000000000000000000000000000000000000000000000000000000000000202020202020202020202020202020202020202020202020202020202020202020202020202
310
02020000000000000002000000000000000000000000000000000000000000000000000000000000000000000000000000000000000000000200000002000000000200000000000000020000000000000000000000000000000000000000000000000000000000000000000000000000000000000000000000000000000000
310
00000000000000000000000000000000000000000000000000000000000000000000000000000000000000000000000000000000000000000000000000000000000000000000000000000000000000000000000000000000000000000000000000000000000000000000000000000000000000000000000000000000000000
310
00000000000000000000000000000000000000000000000000000000000000000000000000000000000000000000000000000000000000000000000000000000000000000000000000000000000000000000000000000000000000000000000000000000000000000000000000000000000000000000000000000000000000
310
00000000000000000000000000000000000000000000000000000000000000000000000000000000000000000000000000000000000000000000000000000000000000000000000000000000000000000000000000000000000000000002000000000000000000000000000000000000000000000000000200000000000000
310
00000000000200000000000000020000000000000000000000000000000000000000000000000000000000000000000000000000000000000000000002000000020000000002000000000000000200000000000000000000000000000000000000000000000000000000000000000000000000000000000000000000000000
310
00000000000000000000000000000000000000000000000000000000000000000000000000000000000000000000000000000000000000000000000000000000000000000000000000000000000000000000000000000000000000000000000000000000000000000000000000000000000000000000000000000000000000
310
00000000000000000000000000000000000000000000000000000000000000000000000000000000000000000000000000000000000000000000000000000000000000000000000000000000000000000000000000000000000000000000000000000000000000000000000000000000000000000000000000000000000000
310
00000000000000070700000000000000000000000000000000000000000000000000000000000000000000000000000000000000000000000000000000000000000000000000000000000000000000000000000000000000000000000000000000020000000000000000000000000000000000000000000000000002000000
310
00000000000000000002000000000000000200000000000000000000000000000000000000000000000000000000000000000000000000000000000000000000020000000200000000020000000000000002000000000000000000000000000000000000000000000000000000000000000000000000000000000000000000
310
00000000000000000000000000000000000000000000000000000000000000000000000000000000000000000000000000000000000000000000000000000000000000000000000000000000000000000000000000000000000000000000000000000000000000000000000000000000000000000000000000000000000000
310
00000000000000000000000000000000000000000000000000000000000000000000000000000000000000000000000000000000000000000000000000000000000000000000000000000000000000000000000000000000000000000000000000000000000000000000000000000000000000000007000707070707070707
310
07070007000007070707000707070707000707000707070707000007070700000000000000000000000000000000000000000000000000000000000000000000000000000000000000000000000000000000000000000000000000000000000000000000000200000000000000000000000000000000000000000000000000
310
02000000000000000000000000020000000000000002000000000000000000000000000000000000000000000000000000000000000000000000000000000000000000000200000002000000000200000000000000020000000000000000000000000000000000000000000000000000000000000000000000000000000000
310
00000000000000000000000000000000000000000000000000000000000000000000000000000000000000000000000000000000000000000000000000000000000000000000000000000000000000000000000000000000000000000000000000000000000000000000000000000000000000000000000000000000000000
310
00000000000000000000000000000000000000000000000000000000000000000000000000000000000000000000000000000000000000000000000000000000000000000000000000000000000000000000000000000000000000000000000000000000000000000000000000000000000000000000000000070007070707
310
07070000070700070000070700070707070707070707070707070707070007070707000000000000000000000000000000000000000000000000000000000000000000000000000000000000000000000000000000000000000000000000000000000000000000000002000000000000000000000000000000000000000000
310
00000000020000000000000000000000000200000000000000020000000000000000000000000000000000000000000000000000000000000000000000000000000000000000000002000000020202020202020202020202020200000000000000000000000000000000000000000000000000000000000000000000000000
310
00000000000000000000000000000000000000000000000000000000000000000000000000000000000000000000000000000000000000000000000000000000000000000000000000000000000000000000000000000000000000000000000000000000000000000000000000000000000000000000000000000000000000
310
00000000000000000000000000000000000000000000000000000000000000000000000000000000000000000000000000000000000000000000000000000000000000000000000000000000000000000000000000000000000000000000000000000000000000000000000000000000000000000000000000000000070700
310
07070700070707070707000707070707070707070707070707000007070007070000070700070000000000000000000000000000000000000000000000000000000000000000000000000000000000000000000000000000000000000000000000000000000000000000000000020000000000000000000000000000000000
310
00000000000000000200000000000000000000000002000000000000000200000000000000000000000000000000000000000000000000000000000000000000000000000000000000000000020000000200000000020000000000000002020000000000000000000000000000000000000000000000000000000000000000
310
00000000000000000000000000000000000000000000000000000000000000000000000000000000000000000000000000000000000000000000000000000000000000000000000000000000000000000000000000000000000000000000000000000000000000000000000000000000000000000000000000000000000000
310
00000000000000000000000000000000000000000000000000000000000000000000000000000000000000000000000000000000000000000000000000000000000000000000000000000000000000000000000000000000000000000000000000000000000000000000000000000000000000000000000000000000000000
310
00000707070707070707070707070707070707070707070707070707070000070700070700000707070700000000000000000000000000000000000000000000000000000000000000000000000000000000000000000000000000000000000000000000000000000000000000000000000202020202020202020202020202
310
02020202020202020202020202020202020202020202020202020000000000000002000000000000000000000000000000000000000000000000000000000000000000000000000000000000000000000200000002000000000200000000000000020000000000000000000000000000000000000000000000000000000000
310
00000000000000000000000000000000000000000000000000000000000000000000000000000000000000000000000000000000000000000000000000000000000000000000000000000000000000000000000000000000000000000000000000000000000000000000000000000000000000000000000000000000000000
310
00000000000000000000000000000000000000000000000000000000000000000000000000000000000000000000000000000000000000000000000000000000000000000000000000000000000000000000000000000000000000000000000000000000000000000000000000000000000000000000000000000000000000
310
00000000000707070707070707070707070707070007070707000707070707070707070707000700000007070707000000000000000000000000000000000000000000000000000000000000000000000000000000000000000000000000000000000000000000000000000000000000000000000002000200000000000000
310
00000000000000000002020202020202020000000000020200000000000200000000000000020000000000000000000000000000000000000000000000000000000000000000000000000000000000000000000002000000020000000002000000000000000200000000000000000000000000000000000000000000000000
310
00000000000000000000000000000000000000000000000000000000000000000000000000000000000000000000000000000000000000000000000000000000000000000000000000000000000000000000000000000000000000000000000000000000000000000000000000000000000000000000000000000000000000
310
00000000000000000000000000000000000000000000000000000000000000000000000000000000000000000000000000000000000000000000000000000000000000000000000000000000000000000000000000000000000000000000000000000000000000000000000000000000000000000000000000000000000000
310
00000000000000000007070707070707070700070007070700000707070707070707070707070707070707000000000707070000000000000000000000000000000000000000000000000000000000000000000000000000000000000000000000000000000000000000000000000000000000000000000000020000000000
310
00000000000000000000000000000200000002000200000000000000000000000002000000000000000200000000000000000000000000000000000000000000000000000000000000000000000000000000000000000000020000000200000000020000000000000002000000000000000000000000000000000000000000
310
00000000000000000000000000000000000000000000000000000000000000000000000000000000000000000000000000000000000000000000000000000000000000000000000000000000000000000000000000000000000000000000000000000000000000000000000000000000000000000000000000000000000000
310
00000000000000000000000000000000000000000000000000000000000000000000000000000000000000000000000000000000000000000000000000000000000000000000000000000000000000000000000000000000000000000000000000000000000000000000000000000000000000000000000000000000000000
310
00000000000000000000000000000707070007000007000000000007070000070007070707070700000000000000000000000000000000000000000000000000000000000000000000000000000000000000000000000000000000000000000000000000000000000000000000000000000000000000000000000000000200
310
00000000000000000000000000000000000002000000020002000000000000000000000000020000000000000002000000000000000000000000000000000000000000000000000000000000000000000000000000000000000000000200000002000000000200000000000000020000000000000000000000000000000000
310
00000000000000000000000000000000000000000000000000000000000000000000000000000000000000000000000000000000000000000000000000000000000000000000000000000000000000000000000000000000000000000000000000000000000000000000000000000000000000000000000000000000000000
310
00000000000000000000000000000000000000000000000000000000000000000000000000000000000000000000000000000000000000000000000000000000000000000000000000000000000000000000000000000000000000000000000000000000000000000000000000000000000000000000000000000000000000
310
00000000000000000000000000000000000000000000000000000000000000000000000000000000000000000000000000000000000000000000000000000000000000000000000000000000000000000000000000000000000000000000000000000000000000000000000000000000000000000000000000000000000000
310
00000200000000000000000000000000000000000000000200020000020000000000000000000000000200000000000000020000000000000000000000000000000000000000000000000000000000000000000000000000000000000000000002000000020000000002000000000000000200000000000000000000000000
310
00000000000000000000000000000000000000000000000000000000000000000000000000000000000000000000000000000000000000000000000000000000000000000000000000000000000000000000000000000000000000000000000000000000000000000000000000000000000000000000000000000000000000
310
00000000000000000000000000000000000000000000000000000000000000000000000000000000000000000000000000000000000000000000000000000000000000000000000000000000000000000000000000000000000000000000000000000000000000000000000000000000000000000000000000000000000000
310
00000000000000000000000000000000000000000000000000000000000000000000000000000000000000000000000000000000000000000000000000000000000000000000000000000000000000000000000000000000000000000000000000000000000000000000000000000000000000000000000000000000000000
310
00000000000002000000000000000000000000000000000000000002000200000200000000000000000000000002000000000000000200000000000000000000000000000000000000000000000000000000000000000000000000000000000000000000020000000202020202020202020202020202000000000000000000
310
00000000000000000000000000000000000000000000000000000000000000000000000000000000000000000000000000000000000000000000000000000000000000000000000000000000000000000000000000000000000000000000000000000000000000000000000000000000000000000000000000000000000000
310
00000000000000000000000000000000000000000000000000000000000000000000000000000000000000000000000000000000000000000000000000000000000000000000000000000000000000000000000000000000000000000000000000000000000000000000000000000000000000000000000000000000000000
310
00000000000000000000000000000000000000000000000000000000000000000000000000000000000000000000000000000000000000000000000000000000000000000000000000000000000000000000000000000000000000000000000000000000000000000000000000000000000000000000000000000000000000
310
00000000000000000000020000000000000000000000000000000000000000000200000002000000000000000000000000020000000000000002000000000000000000000000000000000000000000000000000000000000000000000000000000000000000000000200000002000000000200000000000000020200000000
310
00000000000000000000000000000000000000000000000000000000000000000000000000000000000000000000000000000000000000000000000000000000000000000000000000000000000000000000000000000000000000000000000000000000000000000000000000000000000000000000000000000000000000
310
00000000000000000000000000000000000000000000000000000000000000000000000000000000000000000000000000000000000000000000000000000000000000000000000000000000000000000000000000000000000000000000000000000000000000000000000000000000000000000000000000000000000000
310
00000000000000000000000000000000000000000000000000000000000000000003000000000000000000000000000000000000000003000000000000000000030000000000000000000000000000000000000000000000030000000000000000000000000000000000000000000000000000000000000000000000000000
310
00000000000000000000000000000202020202020202020202020202020202020202020202020202020202020202020202020202020200000000000000020000000000000000000000000000000000000000000000000000000000000000000000000000000000000000000002000000020000000002000000000000000200
310
00000000000000000000000000000000000000000000000000000000000000000000000000000000000000000000000000000000000000000000000000000000000000000000000000000000000000000000000000000000000000000000000000000000000000000000000000000000000000000000000000000000000000
310
00000000000000000000000000000000000000000000000000000000000000000000000000000000000000000000000000000000000000000000000000000000000000000000000000000000000000000000000000000000000000000000000000000000000000000000000000000000000000000000000000000000000000
310
00000000000000000000000000000000000000000000000000000000000000000000000003000300000000000000000000000000000000000003030000000000000000030003000000000000000000000000000000000000000000000003000000000000000000000000000000000000000000000000000000000000000000
310
00000000000000000000000000000000000002000000000000000000000000000000000000000000000000000200000000000000000000000002000000000000000200000000000000000000000000000000000000000000000000000000000000000000000000000000000000000000020000000200000000020000000000
310
00000200000000000000000000000000000000000000000000000000000000000000000000000000000000000000000000000000000000000000000000000000000000000000000000000000000000000000000000000000000000000000000000000000000000000000000000000000000000000000000000000000000000
310
00000000000000000000000000000000000000000000000000000000000000000000000000000000000000000000000000000000000000000000000000000000000000000000000000000000000000000000000000000000000000000000000000000000000000000000000000000000000000000000000000000000000000
310
00000000000000000000000000000000000000000000000000000000000000000000000000000000030003000000000000000000000000000000000000030000000000000000030000030000000000000000000000000000000000000000000000030000000000000000000000000000000000000000000000000000000000
310
00000000000000000000000000000000000000000000020000000000000000000000000000000000000000000000000002000000000000000000000000020000000000000002000000000000000000000000000000000000000000000000000000000000000000000000000000000000000000000200000002000000000200
310
00000000000002000000000000000000000000000000000000000000000000000000000000000000000000000000000000000000000000000000000000000000000000000000000000000000000000000000000000000000000000000000000000000000000000000000000000000000000000000000000000000000000000
310
00000000000000000000000000000000000000000000000000000000000000000000000000000000000000000000000000000000000000000000000000000000000000000000000000000000000000000000000000000000000000000000000000000000000000000000000000000000000000000000000000000000000000
310
00000000000000000000000000000000000000000000000000000000000000000000000000000000000000030303030303000003000303030303030303030000000300000000000000030303030303000003030303030303030303000303030000000000000303000000000000000000000000000000000000000000000000
310
00000000000000000000000000000000000000000000000000000200000000000000000000000000000000000000000000000000020000000000000000000000000200000000000000020000000000000000000000000000000000000000000000000000000000000000000000000000000000000000000002000000020000
310
00000200000000000000020000000000000000000000000000000000000000000000000000000000000000000000000000000000000000000000000000000000000000000000000000000000000000000000000000000000000000000000000000000000000000000000000000000000000000000000000000000000000000
310
00000000000000000000000000000000000000000000000000000000000000000000000000000000000000000000000000000000000000000000000000000000000000000000000000000000000000000000000000000000000000000000000000000000000000000000000000000000000000000000000000000000000000
310
00000000000000000000000000000000000000000000000000000000000000000000000000000000000000000000000000000000030000030303030303030303030300000003000000000000000000000000030000030303030303030300000003030300000000000003030000000000000000000000000000000000000000
310
00000000000000000000000000000000000000000000000000000000000002000000000000000000000000000000000000000000000000000200000000000000000000000002000000000000000200000000000000000000000000000000000000000000000000000000000000000000000000000000000000000000020000
310
00020000000002000000000000000200000000000000000000000000000000000000000000000000000000000000000000000000000000000000000000000000000000000000000000000000000000000000000000000000000000000000000000000000000000000000000000000000000000000000000000000000000000
310
00000000000000000000000000000000000000000000000000000000000000000000000000000000000000000000000000000000000000000000000000000000000000000000000000000000000000000000000000000000000000000000000000000000000000000000000000000000000000000000000000000000000000
310
00000000000000000000000000000000000000000000000000000000000000000000000000000000000000000000000000000000000000000003000303030303030303030303000000030000000000000000000000000003000303030303030303000000030303000000000000030300000000000000000000000000000000
310
00000000000000000000000000000000000000000000000000000000000000000000020000000000000000000000000000000000000000000000000002000000000000000000000000020000000000000002000000000000000000000000000000000000000000000000000000000000000000000000000000000000000000
310
00020000000202020202020202020202020202000000000000000000000000000000000000000000000000000000000000000000000000000000000000000000000000000000000000000000000000000000000000000000000000000000000000000000000000000000000000000000000000000000000000000000000000
310
00000000000000000000000000000000000000000000000000000000000000000000000000000000000000000000000000000000000000000000000000000000000000000000000000000000000000000000000000000000000000000000000000000000000000000000000000000000000000000000000000000000000000
310
00000000000000000000000000000000000000000000000000000000000000000000000000000000000000000000000000000000000000000000000000030003030300000303030303030000000300000000000000000000000000000303030300000003030000000303030000000000000300000000000000000000000000
310
00000000000000000000000000000000000000000000000000000000000000000000000000000200020000000000000000000000000000000000000200000000020000000000020200000000000200000000000000020000000000000000000000000000000000000000000000000000000000000000000000000000000000
310
00000000000200000002000000000200000000000000020200000000000000000000000000000000000000000000000000000000000000000000000000000000000000000000000000000000000000000000000000000000000000000000000000000000000000000000000000000000000000000000000000000000000000
310
00000000000000000000000000000000000000000000000000000000000000000000000000000000000000000000000000000000000000000000000000000000000000000000000000000000000000000000000000000000000000000000000000000000000000000000000000000000000000000000000000000000000000
310
00000000000000000000000000000000000000000000000000000000000000000000000000000000000000000000000000000000000000000000000000000000000003000000000000000000000000000003030000000000000000000000000003000000000000000000000000000000000000000003000000000000000000
310
00000000000000000000000000000000000000000000000000000000000000000000000000000000000002020202020202020202020202020202020202020202020202020202020202020202020202020202000000000000000200000000000000000000000000000000000000000000000000000000000000000000000000
310
00000000000000000002000000020000000002000000000000000200000000000000000000000000000000000000000000000000000000000000000000000000000000000000000000000000000000000000000000000000000000000000000000000000000000000000000000000000000000000000000000000000000000
310
00000000000000000000000000000000000000000000000000000000000000000000000000000000000000000000000000000000000000000000000000000000000000000000000000000000000000000000000000000000000000000000000000000000000000000000000000000000000000000000000000000000000000
310
00000000000000000000000000000000000000000000000000000000000000000000000000000000000000000000000000000000000000000000000000000000000000000000000303030303030303030303030303000300000000000000000000000000000303030303030303030303030303030303000003030000000000
310
00000000000000000000000000000000000000000000000000000000000000000000000000000000000000000000020000000000000000000000000000000000000200000000020002000000000000000000000000020000000000000002000000000000000000000000000000000000000000000000000000000000000000
310
00000000000000000000000000020000000200000000020000000000000002000000000000000000000000000000000000000000000000000000000000000000000000000000000000000000000000000000000000000000000000000000000000000000000000000000000000000000000000000000000000000000000000
310
00000000000000000000000000000000000000000000000000000000000000000000000000000000000000000000000000000000000000000000000000000000000000000000000000000000000000000000000000000000000000000000000000000000000000000000000000000000000000000000000000000000000000
310
00000000000000000000000000000000000000000000000000000000000000000000000000000000000000000000000000000000000000000000000000000000000000000000000000000000000000000000000000000000000003000000000000000000000000000000000000000000030303000000000000000000030000
310
00000000000000000000000000000000000000000000000000000000000000000000000000000000000000000000000000000200000000000000000000000000000000000000020000000200020000000000000000000000000200000000000000020000000000000000000000000000000000000000000000000000000000
310
00000000000000000000000000000000000200000002000000000200000000000000020000000000000000000000000000000000000000000000000000000000000000000000000000000000000000000000000000000000000000000000000000000000000000000000000000000000000000000000000000000000000000
310
00000000000000000000000000000000000000000000000000000000000000000000000000000000000000000000000000000000000000000000000000000000000000000000000000000000000000000000000000000000000000000000000000000000000000000000000000000000000000000000000000000000000000
310
00000000000000000000000000000000000000000000000000000000000000000000000000000000000000000000000000000000000000000000000000000000000000000000000000000000000000000000000000000000000000000000000000000000000000000000000000000000000000000303030000000000000000
310
00000000000000000000000000000000000000000000000000000000000000000000000000000000000000000000000000000000000002000000000000000000000000000000000000000200000200000200000000000000000000000002000000000000000200000000000000000000000000000000000000000000000000
310
00000000000000000000000000000000000000000002000000020000000002000000000000000200000000000000000000000000000000000000000000000000000000000000000000000000000000000000000000000000000000000000000000000000000000000000000000000000000000000000000000000000000000
310
00000000000000000000000000000000000000000000000000000000000000000000000000000000000000000000000000000000000000000000000000000000000000000000000000000000000000000000000000000000000000000000000000000000000000000000000000000000000000000000000000000000000000
310
00000000000000000000000000000000000000000000000000000000000000000000000000000000000000000000000000000000000000000000000000000000000000000000000000000000000000000000000000000000000000000000000000000000000000000000000000000000000000000000000003030300000000
310
00000000000000000000000000000000000000000000000000000000000000000000000000000000000000000000000000000000000000000000020000000000000000000000000000000000000000020002000002000000000000000000000000020000000000000002000000000000000000000000000000000000000000
310
00000000000000000000000000000000000000000000000000020000000202020202020202020202020202000000000000000000000000000000000000000000000000000000000000000000000000000000000000000000000000000000000000000000000000000000000000000000000000000000000000000000000000
310
00000000000000000000000000000000000000000000000000000000000000000000000000000000000000000000000000000000000000000000000000000000000000000000000000000000000000000000000000000000000000000000000000000000000000000000000000000000000000000000000000000000000000
310
00000000000000000000000000000000000000000000000000000000000000000000000000000000000000000000000000000000000000000000000000000000000000000000000000000000000000000000000000000000000000000000000000000000000000000000000000000000000000000000000000000000000300
310
00000000000000000000000000000000000000000000000000000000000000000000000000000000000000000000000000000000000000000000000000000200000000000000000000000000000000000000000202000000020000000000000000000000000200000000000000020000000000000000000000000000000000
310
00000000000000000000000000000000000000000000000000000000000200000000000000000000000000000000020200000000000000000000000000000000000000000000000000000000000000000000000000000000000000000000000000000000000000000000000000000000000000000000000000000000000000
310
00000000000000000000000000000000000000000000000000000000000000000000000000000000000000000000000000000000000000000000000000000000000000000000000000000000000000000000000000000000000000000000000000000000000000000000000000000000000000000000000000000000000000
310
00000000000000000000000000000000000000000000000000000000000000000000000000000000000000000000000000000000000000000000000000000000000000000000000000000000000000000000000000000000000000000000000000000000000000000000000000000000000000000000000000000000000000
310
00000000000000000000000000000000000000000000000000000000000000000000000000000000000000000000000000000000000000000000000000000000000002020202020202020202020202020202020202020202020202020202020202020202020202020202000000000000000200000000000000000000000000
310
00000000000000000000000000000000000000000000000000000000000000000002000000000000000000000000000000000200000000000000000000000000000000000000000000000000000000000000000000000000000000000000000000000000000000000000000000000000000000000000000000000000000000
310
00000000000000000000000000000000000000000000000000000000000000000000000000000000000000000000000000000000000000000000000000000000000000000000000000000000000000000000000000000000000000000000000000000000000000000000000000000000000000000000000000000000000000
310
00000000000000000000000000000000000000000000000000000000000000000000000000000000000000000000000000000000000000000000000000000000000000000000000000000000000000000000000000000000000000000000000000000000000000000000000000000000000000000000000000000000000000
310
00000000000000000000000000000000000000000000000000000000000000000000000000000000000000000000000000000000000000000000000000000000000000000000000000000000000000000000000000000000000000000000000000000000000000000000000000020000000000000002000000000000000000
310
00000000000000000000000000000000000000000000000000000000000000000000000000020000000000000000000000000000000002000000000000000000000000000000000000000000000000000000000000000000000000000000000000000000000000000000000000000000000000000000000000000000000000
310
00000000000000000000000000000000000000000000000000000000000000000000000000000000000000000000000000000000000000000000000000000000000000000000000000000000000000000000000000000000000000000000000000000000000000000000000000000000000000000000000000000000000000
310
00000000000000000000000000000000000000000000000000000000000000000000000000000000000000000000000000000000000000000000000000000000000000000000000000000000000000000000000000000000000000000000000000000000000000000000000000000000000000000000000000000000000000
310
00000000000000000000000000000000000000000000000000000000000000000000000000000000000000000000000000000000000000000000000000000000000000000000000000000000000000000000000000000000000000000000000000000000000000000000000000000000000200000000000000020000000000
310
00000000000000000000000000000000000000000000000000000000000000000000000000000000000200000000000000000000000000000000020000000000000000000000000000000000000000000000000000000000000000000000000000000000000000000000000000000000000000000000000000000000000000
310
00000000000000000000000000000000000000000000000000000000000000000000000000000000000000000000000000000000000000000000000000000000000000000000000000000000000000000000000000000000000000000000000000000000000000000000000000000000000000000000000000000000000000
310
00000000000000000000000000000000000000000000000000000000000000000000000000000000000000000000000000000000000000000000000000000000000000000000000000000000000000000000000000000000000000000000000000000000000000000000000000000000000000000000000000000000000000
310
00000000000000000000000000000000000000000000000000000000000000000000000000000000000000000000000000000000000000000000000000000000000000000000000000000000000000000000000000000000000000000000000000000000000000000000000000000000000000000002000000000000000200
310
00000000000000000000000000000000000000000000000000000000000000000000000000000000000000000002000000000000000000000000000000000200000000000000000000000000000000000000000000000000000000000000000000000000000000000000000000000000000000000000000000000000000000
310
00000000000000000000000000000000000000000000000000000000000000000000000000000000000000000000000000000000000000000000000000000000000000000000000000000000000000000000000000000000000000000000000000000000000000000000000000000000000000000000000000000000000000
310
00000000000000000000000000000000000000000000000000000000000000000000000000000000000000000000000000000000000000000000000000000000000000000000000000000000000000000000000000000000000000000000000000000000000000000000000000000000000000000000000000000000000000
310
00000000000000000000000000000000000000000000000000000000000000000000000000000000000000000000000000000000000000000000000000000000000000000000000000000000000000000000000000000000000000000000000000000000000000000000000000000000000000000000000000020000000000
310
00000200000000000000000000000000000000000000000000000000000000000000000000000000000000000000000000020000000000000000000000000000000002000000000000000000000000000000000000000000000000000000000000000000000000000000000000000000000000000000000000000000000000
310
00000000000000000000000000000000000000000000000000000000000000000000000000000000000000000000000000000000000000000000000000000000000000000000000000000000000000000000000000000000000000000000000000000000000000000000000000000000000000000000000000000000000000
310
00000000000000000000000000000000000000000000000000000000000000000000000000000000000000000000000000000000000000000000000000000000000000000000000000000000000000000000000000000000000000000000000000000000000000000000000000000000000000000000000000000000000000
310
00000000000000000000000000000000000000000000000000000000000000000000000000000000000000000000000000000000000000000000000000000000000000000000000000000000000000000000000000000000000000000000000000000000000000000000000000000000000000000000000000000000000200
310
00000000000002000000000000000000000000000000000000000000000000000000000000000000000000000000000000000000000200000000000000000000000000000000020000000000000000000000000000000000000000000000000000000000000000000000000000000000000000000000000000000000000000
310
00000000000000000000000000000000000000000000000000000000000000000000000000000000000000000000000000000000000000000000000000000000000000000000000000000000000000000000000000000000000000000000000000000000000000000000000000000000000000000000000000000000000000
310
00000000000000000000000000000000000000000000000000000000000000000000000000000000000000000000000000000000000000000000000000000000000000000000000000000000000000000000000000000000000000000000000000000000000000000000000000000000000000000000000000000000000000
310
00000000000000000000000000000000000000000000000000000000000000000000000000000000000000000000000000000000000000000000000000000000000000000000000000000000000000000000000000000000000000000000000000000000000000000000000000000000000000000000000000000000000000
310
00000200000000000000020000000000000000000000000000000000000000000000000000000000000000000000000000000000000000000002000000000000000000000000000000000202000000000000000000000000000000000000000000000000000000000000000000000000000000000000000000000000000000
310
00000000000000000000000000000000000000000000000000000000000000000000000000000000000000000000000000000000000000000000000000000000000000000000000000000000000000000000000000000000000000000000000000000000000000000000000000000000000000000000000000000000000000
310
00000000000000000000000000000000000000000000000000000000000000000000000000000000000000000000000000000000000000000000000000000000000000000000000000000000000000000000000000000000000000000000000000000000000000000000000000000000000000000000000000000000000000
310
00000000000000000000000000000000000000000000000000000000000000000000000000000000000000000000000000000000000000000000000000000000000000000000000000000000000000000000000000000000000000000000000000000000000000000000000000000000000000000000000000000000000000
310
00000000000202000000000000000200000000000000000000000000000000000000000000000000000000000000000000000000000000000000000000020000000000000000000000000000000002000000000000000000000000000000000000000000000000000000000000000000000000000000000000000000000000
310
00000000000000000000000000000000000000000000000000000000000000000000000000000000000000000000000000000000000000000000000000000000000000000000000000000000000000000000000000000000000000000000000000000000000000000000000000000000000000000000000000000000000000
310
00000000000000000000000000000000000000000000000000000000000000000000000000000000000000000000000000000000000000000000000000000000000000000000000000000000000000000000000000000000000000000000000000000000000000000000000000000000000000000000000000000000000000
310
00000000000000000000000000000000000000000000000000000000000000000000000000000000000000000000000000000000000000000000000000000000000000000000000000000000000000000000000000000000000000000000000000000000000000000000000000000000000000000008080808080008080808
310
00000000000000000000020000000000000002000000000000000000000000000000000000000000000000000000000000000000000000000000000000000000000200000000000000000000000000000000020000000000000000000000000000000000000000000000000000000000000000000000000000000000000000
310
00000000000000000000000000000000000000000000000000000000000000000000000000000000000000000000000000000000000000000000000000000000000000000000000000000000000000000000000000000000000000000000000000000000000000000000000000000000000000000000000000000000000000
310
00000000000000000000000000000000000000000000000000000000000000000000000000000000000000000000000000000000000000000000000000000000000000000000000000000000000000000000000000000000000000000000000000000000000000000000000000000000000000000000000000000000000000
310
00000000000000000000000000000000000000000000000000000000000000000000000000000000000000000000000000000000000000000000000000000000000000000000000000000000000000000000000000000000000000000000000000000000000000000000000000000000000000000000080808000000000000
310
00000000080808000000000000000200000000000000020000000000000000000000000000000000000000000000000000000000000000000000000000000000000000000002000000000000000000000000000000000200000000000000000000000000000000000000000000000000000000000000000000000000000000
310
00000000000000000000000000000000000000000000000000000000000000000000000000000000000000000000000000000000000000000000000000000000000000000000000000000000000000000000000000000000000000000000000000000000000000000000000000000000000000000000000000000000000000
310
00000000000000000000000000000000000000000000000000000000000000000000000000000000000000000000000000000000000000000000000000000000000000000000000000000000000000000000000000000000000000000000000000000000000000000000000000000000000000000000000000000000000000
310
00000000000000000000000000000000000000000000000000000000000000000000000000000000000000000000000000000000000000000000000000000000000000000000000000000000000000000000000000000000000000000000000000000000000000000000000000000000000000000000000000080000000000
310
00000000000000000000000808000000000002000000000000000200000000000000000000000000000000000000000000000000000000000000000000000000000000000000000000020000000000000000000000000000000002000000000000000000000000000000000000000000000000000000000000000000000000
310
00000000000000000000000000000000000000000000000000000000000000000000000000000000000000000000000000000000000000000000000000000000000000000000000000000000000000000000000000000000000000000000000000000000000000000000000000000400000000000000000000000000000000
310
00000000000000000000000000000000000000000000000000000000000000000000000000000000000000000000000000000000000000000000000000000000000000000000000000000000000000000000000000000000000000000000000000000000000000000000000000000000000000000000000000000000000000
310
00000000000000000000000000000000000000000000000000000000000000000000000000000000000000000000000000000000000000000000000000000000000000000000000000000000000000000000000000000000000000000000000000000000000000000000000000000000000000000000000000000808000000
310
00000000000000000000000000000000000808000000020000000000000002000000000000000000000000000000000000000000000000000000000000000000000000000000000000000000000200000000000000000000000000000000020000000000000000000000000000000000000000000000000000000000000000
310
00000000000000000000000000000000000000000000000000000000000000000000000000000000000000000000000000000000000000000000000000000000000000000000000000000000000000000000000000000000000000000000000000000000000000000000000000000004040004000404000000000000000000
310
00000000000000000000000000000000000000000000000000000000000000000000000000000000000000000000000000000000000000000000000000000000000000000000000000000000000000000000000000000000000000000000000000000000000000000000000000000000000000000000000000000000000000
310
00000000040000000000000400000000000000000000000000000000000000000000000000000000000000000000000000000000000000000000000000000000000000000000000000000000000000000000000000000000000000000000000000000000000000000000000000000000000000000000000000000000000800
310
00000000000000000000000000000000000000000000000800000200000000000000020000000000000000000000000000000000000000000000000000000000000000000000000000000000000000000002000000000000000000000000000000000200000000000000000000000000000000000000000000000000000000
310
00000000000000000000000000000000000000000000000000000000000000000000000000000000000000000000000000000000000000000000000000000000000000000000000000000000000000000000000000000000000000000000000000000000000000000000000000000000040404040404040404040404040000
310
00000000000000000000000000000000000000000000000000000000000000000000000000000000000000000000000000000000000000000000000000000000000000000000000000000000000000000000000000000000000000000000000000000000000000000000000000000000000000000000000000000000000000
310
00000000000404000400000000000004000404000000000000000000000000000000000000000000000000000000000000000000000000000000000000000000000000000000000000000000000000000000000000000000000000000000000000000000000000000000000000000000000000000000000000000000000000
310
08080000000000000000000000000000000000000000000000000000080802000000000000000200000000000000000000000000000000000000000000000000000000000000000000000000000000000000000000020000000000000000000000000000000002020000000000000000000000000000000000000000000000
310
00000000000000000000000000000000000000000000000000000000000000000000000000000000000000000000000000000000000000000000000000000000000000000000000000000000000000000000000000000000000000000000000000000000000000000000000000040404040404040000000404000400040400
310
00000404040404040400000000000000000000000000000000000000000000000000000000000000000000000000000000000000000000000000000000000000000000000000000000000000000000000000000000000000040404040404040404040404040404040404040404040404040404040404000000000000000000
310
00000000000004040404040404040404040404040404040404040404040404040404040404040404040404040404040404000000000000000000000000000000000000000000000000000000000000000000000000000000000000000000000000000000000000000000000000000000000000000000000000000000000000
310
00000008080000000000000000000000000000000000000000000000000000000008020000000000000002000000000000000000000000000000000000000000000000000000000000000000000000000000000000000000000200000000000000000000000000000000020000000000000000000000000000000000000000
310
00000000000000000000000000000000000000000000000000000000000000000000000000000000000000000000000000000000000000000000000000000000000000000000000000000000000000000000000000000000000000000000000000000000000000000000000004040404040000000000000000000000000004
310
00000000000000000000000000040404040400040000000000000000000000000000000000000000000000000000000000000000000000000000000000000000000000000000000000000000000000000000000000000000000000000000000400040000000000000000000000000000000000000000000000000404000000
310
00000000000000000000000000000000040000000000000400000000000000040000000000000000000404000400040404000004000000000000000000000000000000000000000000000000000000000000000000000000000000000000000000000000000000000000000000000000000000000000000000000000000000
310
00000000000000080000000000000000000000000000000000000000000000000000000000000800000000000000020000000000000000000000000000000000000000000000000000000000000000000000000000000000000000000002000000000000000000000000000000000200000000000000000000000000000000
310
00000000000000000000000000000000000000000000000000000000000000000000000000000000000000000000000000000000000000000000000000000000000000000000000000000000000000000000000000000000000000000000000000000000000000000000000000040404000000000000000000000000000000
310
00000004000000000000000000000000000000000000040404000000000000000000000000000000000000000000000000000000000000000000000000000000000000000000000000000000000000000000000000000000000000000000000000000004000400000000000000000000000000000000000000000000000000
310
00040000000000000000000000000000000000000400000000000004000000000000000004000004040404040400040004000400040000040000000000000000000000000000000000000000000000000000000000000000000000000000000000000000000000000000000000000000000000000000000000000000000000
310
00000000000000000000080000000000000000000000000000000000000000000000000000000000000002080000000000000200000000000000000000000000000000000000000000000000000000000000000000000000000000000000000000020000000000000000000000000000000002000000000000000000000000
310
00000000000000000000000000000000000000000000000000000000000000000000000000000000000000000000000000000000000000000000000000000000000000000000000000000000000000000000000000000000000000000000000000000000000000000000000000040404040000000000000000000000000000
310
00000000000000040000000000000000000000000000000000000000000404040400000000000000000000000000000000000000000000000000000000000000000000000000000000000000000000000000000000000000000000000000000000000000000004000000040000000000000000000000000000000000000000
310
00000000000004000000000000000000000000000000000004000000000000040000000000000000040000000004000004000004000004000400000400000000000000000000000000000000000000000000000000000000000000000000000000000000000000000000000000000000000000000000000000000000000000
310
00000000000000000000000000080000080808080808080000000000000000080000000000080808080000000000020808000000000002000000000000000000000000000000000000000000000000000000000000000000000000000000000000000000000200000000000000000000000000000000020000000000000000
310
00000000000000000000000000000000000000000000000000000000000000000000000000000000000000000000000000000000000000000000000000000000000000000000000000000000000000000000000000000000000000000000000000000000000000000000000000000404040000000000000000000000000000
310
00000000000000000000000400000000000000000000000000000000000000000000000000040404000000000000000000000000000000000000000000000000000000000000000000000000000000000000000000000000000000000000000000000000000000000004000000000400000000000000000000000000000000
310
00000000000000000000000404000000000000000000000000000000040000000000000400000000000000000004000404040404040004000000040004000404000000000000000000000000000000000000000000000000000000000000000000000000000000000000000000000000000000000000000000000000000000
310
00000000000000000000000000000000080800080800080808080808080000080800000800000008000808080808000000000200080800000000020000000000000000000000000000000000000000000000000000000000000000000000000000000000000000000002000000000000000000000000000000000200000000
310
00000000000000000000000000000000000000000000000000000000000000000000000000000000000000000000000000000000000000000000000000000000000000000000000000000000000000000000000000000000000000000000000000000000000000000000000000000000040404040000000000000000000000
310
00000000000000000000000000000004000000000000000000000000000000000000000000000004000004000404040000000000000000000000000000000000000000000000000000000000000000000000000000000000000000000000000000000000000000000000000000040000000000040000000000000000000000
310
00000000000000000000000000000000000400000000000000000000000000000400000000000004000000000000000000040000000400000004040000000404040004040000000000000000000000000000000000000000000000000000000000000000000000000000000000000000000000000000000000000000000000
310
00000000000000000000000000000000000000000800000808000808080808000808080008080008000808080808080800080000000002000008000000000200000000000000000000000000000000000000000000000000000000000000000000000000000000000000000000020000000000000000000000000000000002
310
02000000000000000000000000000000000000000000000000000000000000000000000000000000000000000000000000000000000000000000000000000000000000000000000000000000000000000000000000000000000000000000000000000000000000000000000000000000000004040004000004000000000000
310
00000000000000000000000000000000000000040000000000000000000000000000000000000000000000040404040004040404040000000000000000000000000000000000000000000000000000000000000000000000000000000000000000000000000000000000000000000000040404040404040404000000000000
310
00000000000000000000000000000000000000000000040000000000000000000000000004000000000000040000000000000404040404000000000000000000000000000000000000000000000000000000000000000000000000000000000000000000000000000000000000000000000000000000000000000000000000
310
00000000000000000000000000000000000000000000000800000008000808080808080000080800000808080808000808080808000800000002020000080800000002000000000000000000000000000000000000000000000000000000000000000000000000000000000000000000000200000000000000000000000000
310
00000002000000000000000000000000000000000000000000000000000000000000000000000000000000000000000000000000000000000000000000000000000000000000000000000000000000000000000000000000000000000000000000000000000000000000000000000000000000000404040000040000040000
310
00000000000000000000000000000000000000000000000400000000000000000000000000000000000000000000000004040400000000040004040000000000000000000000000000000000000000000000000000000000000000000000000000000000000000000000000000000000000000000000000000000000040000
310
00000000000400040004000400040000000000000000000000000004040000000000000000000000040000000000000400000000000000000000000000000000000000000000000000000000000000000000000000000000000000000000000000000000000000000000000000000000000000000000000000000000000000
310
00000000000000000000000000000000000000000000000000000008000000080808080808080800000808000000000808000008080808080008000000000200000008000000020000000000000000000000000000000000000000000000000000000000000000000000000000000000000000000002000000000000000000
310
00000000000000020000000000000000000000000000000000000000000000000000000000000000000000000000000000000000000000000000000000000000000000000000000000000000000000000000000000000000000000000000000000000000000000000000000000000000000000000000040400000404040004
310
04040404040000000000000000000000000000000000000000000004000000000000000000000000000000000000000000000000040400040000000400000004040000000000000000000000000000000000000000000000000000000000000000000000000000000000000000000000000000000000000000000000000000
310
00000400000000000000000000000000000000000000000000000000000000000004000000000000000000000400000000000004000000000000000000000000000000000000000000000000000000000000000000000000000000000000000000000000000000000000000000000000000000000000000000000000000000
310
00000000000000000000000000000000000000000000000000000000000000000000000008080808080808000808080000080808080808080808080808080000000002000000080000000200000000000000000000000000000000000000000000000000000000000000000000000000000000000000000000020000000000
310
00000000000000000000000200000000000000000000000000000000000000000000000000000000000000000000000000000000000000000000000000000000000000000000000000000000000000000000000000000000000000000000000000000000000000000000000000000000000000000000000404040000040404
310
04000004000004040000000000000000000000000000000000000000000000040000000000000000000000000000000000000000000000000400000404040404000000000004040000000000000000000000000000000000000000000000000000000000000000000000000000000000000000000000000000000000000000
310
00000000000000040000000000040004000400040004000000000000000000000000000000000404000000000000000004000000000000040000000000000000000000000000000000000000000000000000000000000000000000000000000000000000000000000000000000000000000000000000000000000000000000
310
00000000000000000000000000000000000000000000000000000000000000000000080800000000080008080808080000000800000000000000000000000000080008000000020000000800000002000000000000000000000000000000000000000000000000000000000000000000000000000000000000000000000200
310
00000000000000000000000000000002000000000000000000000000000000000000000000000000000000000000000000000000000000000000000000000000000000000000000000000000000000000000000000000000000000000000000000000000000000000000000000000000000000000000000000000404000000
310
00000404040000000404000000000000000000000000000000000000000000000000000400000000000000000000000000000000000000000000000000000004040000000000000000000004040000000000000000000000000000000000000000000000000000000000000000000000000000000000000000000000000000
310
00000000000000000000000400000000000404040404040404040000000000000000000000000000000000000400000000000000040000000000000400000000000000000000040404040404040404040404000000000000000000000000000000000000000000000000000000000000000000000000000000000000000000
310
00000000000000000000000000000000000000000000000000000000000000000000000000000800000808080000000808080808000808080800000008080808000008080000080808080200000000080000020000000000000000000000000000000000000000000000000000000000000000000000000000000000000000
310
00000200000000000000000000000000000000020000000000000000000000000000000000000000000000000000000000000000000000000000000000000000000000000000000000000000000000000000000000000000000000000000000000000000000000000000000000000000000000000000000000000000040400
310
00000000000000000404000000000000000000000000000000000000000000000000000000000004000000000000000000000000000000000000000000000000000000000004040400000000000000000004000000000000000000000000000000000000000000000000000000000000000000000000000000000000000000
310
00000000000000000000000000000000040000000004040404040404040400000000000000000000000000000000000000040000000000000400000000000004040000000000000000000400000000000000000000040000000000000000000000000000000000000000000000000000000000000000000000000000000000
310
00000000000000000000000000000000000000000000000000000000000000000000000000000000000008000000080808000808000000080800000008080000000008080000080808080808080802000000000800000200000000000000000000000000000000000000000000000000000000000000000000000000000000
310
00000000000002000000000000000000000000000000000200000000000000000000000000000000000000000000000000000000000000000000000000000000000000000000000000000000000000000000000000000000000000000000000000000000000000000000000000000000000000000000000000000000000000
310
04000000000000000000000000000000000000000000000000000000000000000000000000000000000000040000000000000000000000000000000000000000000000000000000000000404000000000000000000000400000000000000000000000000000000000000000000000000000000000000000000000000000000
310
00000000000000000000000000000000000000000400000000000000000000000000000000000000000000000000000000000000000004040000000004000000000000040404000000000000000004000000000000000000000400000000000000000000000000000000000000000000000000000000000000000000000000
310
00000000000000000000000000000000000000000000000000000000000000000000000000000000000000000000080000000008080808000000000808080000000808080000000808000808000008000808020000000008000002000000000000000000000000000000000000000000000000000000000000000000000000
310
00000000000000000000020000000000000000000000000000000002020000000000000000000000000000000000000000000000000000000000000000000000000000000000000000000000000000000000000000000000000000000000000000000000000000000000000000000000000000000000000000000000000000
310
00000404000000000000000000000000000000000000000000000000000000000000000000000000000000000000000400000000000000000000000000000000000000000000000000000000000000000000000000000000000000040400000000000000000000000000000000000000000000000000000000000000000000
310
00000000000000000000000000000000000000000000000000040404040404040404040404040404040404040000000000000000000000000000000004000000040000000000000404040400000000000000040000000004000000000004000000000000000000000000000000000000000000000000000000000000000000
310
00000000000000000000000000000000000000000000000000000000000000000000000000000000000000000000000000000800000000000808080008080808080000000000080800000000080808080808080008080200000000080000020000000000000000000000000000000000000000000000000000000000000000
310
00000000000000000000000000000200000000000000000000000000000000020000000000000000000000000000000000000000000000000000000000000000000000000000000000000000000000000000000000000000000000000000000000000000000000000000000000000000000000000000000000000000000000
310
00000000000400000000000000000000000000000000000000000000000000000000000000000000000000000000000000000004000000000000000000000000000000000000000000000000000000000000000000000000000000000000000000040000000000000000000000000000000000000000000000000000000000
310
00000000000000000000000000000000000000000000000000000000000000000000000000000000000000000000000000000000000000000000000000000000000404000400000000000004040404040000000000000400000000040000000000040000000000000000000000000000000000000000000000000000000000
310
00000000000000000000000000000000000000000000000000000000000000000000000000000000000000000000000000000000000808000000000000080800000808000808000800000008000000000808080808080800080802000000000800000200000000000000000000000000000000000000000000000000000000
310
00000000000000000000000000000000000002000000000000000000000000000000000200000000000000000000000000000000000000000000000000000000000000000000000000000000000000000000000000000000000000000000000000000000000000000000000000000000000000000000000000000000000000
310
00000000000000000400000000000000000000000000000000000000000000000000000000000000000000000000000000000000000000040000000000000000000000000000000000000000000000000000000000000000000000000000000000000000000004000000000000000000000000000000000000000000000000
310
00000000000000000000000000000000000000000000000000000000000000000000000000040000000000000000000000000000000000000000000000000000000000000004040404000000000000040404040404000000000004000000000400000000000400000000000000000000000000000000000000000000000000
310
00000000000000000000000000000000000000000000000000000000000000000000000000000000000000000000000000000000000000000008000000000808080808080008080808080808080000000808080808080808000008000808020000000008000002000000000000000000000000000000000000000000000000
310
00000000000000000000000000000000000000000000020000000000000000000000000000000002000000000000000000000000000000000000000000000000000000000000000000000000000000000000000000000000000000000000000000000000000000000000000000000000000000000000000000000000000000
310
00000000000000000000000400000000000000000000000000000000000000000000000000000000000000000000000000000000000000000000000400000000000000000000000000000000000000000000000000000000000000000000000000000000000000000000000400000000000000000000000000000000000000
310
00000000000000000000000000000000000000000000000000000000000000000000000000000000000400000000000000000000000000000000000000000000000000000000000000000004040000000000000404040404040404040404040000000004040000000004000000000000000000000000000000000000000000
310
00000000000000000000000000000000000000000000000000000000000000000000000000000000000000000000000000000000000000000000000000000800000008080808080800000808080808000000000008080808080808080808080808080200000000080000020000000000000000000000000000000000000000
310
00000000000000000000000000000000000000000000000000000200000000000000000000000000000000020000000000000000000000000000000000000000000000000000000000000000000000000000000000000000000000000000000000000000000000000000000000000000000000000000000000000000000000
310
00000000000000000000000000000400000000000000000000000000000000000000000000000000000000000000000000000000000000000000000000000004000000000000000000000000000000000000000000000000000000000000000000000000000000000000000000000000040000000000000000000000000000
310
00000000000000000000000000000000000000000000000000000000000000000000000000000000000000000004040000000000000000000000000000000000000000000000000000000000000000000400000000000004040404040000000000000400000004000400000000040000000000000000000000000000000000
310
00000000000000000000000000000000000000000000000000000000000000000000000000000000000000000000000000000000000000000000000000000000000008000000000000000000000008080000000000000000000000000808080008080000000002000000000800000200000000000000000000000000000000
310
00000000000000000000000000000000000000000000000000000000000002000000000000000000000000000000000200000000000000000000000000000000000000000000000000000000000000000000000000000000000000000000000000000000000000000000000000000000000000000000000000000000000000
310
00000000000000000000000000000000040400000000000000000000000000000000000000000000000000000000000000000000000000000000000000000000000000040000000000000000000000000000000000000000000000000000000000000000000000000000000000000000000000000004040000000000000000
310
00000000000000000000000000000000000000000000000000000000000000000000000000000000000000000000000000040400000000000000000000000000000000000000000000000000000000000000000004000000000000040404040000000000000004000000040404000000000400000000000000000000000000
310
00000000000000000000000000000000000000000000000000000000000000000000000000000000000000000000000000000000000000000000000000000000000000000000080000000000000000000008000000000808080800000000080000080800000000000000020000000008000002000000000000000000000000
310
00000000000000000000000000000000000000000000000000000000000000000000020000000000000000000000000000000002020000000000000000000000000000000000000000000000000000000000000000000000000000000000000000000000000000000000000000000000000000000000000000000000000000
310
00000000000000000000000000000000000400040000000000000000000000000000000000000000000000000000000000000000000000000000000000000000000000000000000400000000000000000000000000000000000000000000000000000000000000000000000000000000000000000000000000000004000400
310
00000000000000000000000000000000000000000000000000000000000000000000000000000000000000000000000000000000000404000000000000000000000000000000000000000000000000000000000000000000040000000000000404040000000000000000040000000000000000000004000000000000000000
310
00000000000000000000000000000000000000000000000000000000000000000000000000000000000000000000000000000000000000000000000000000000000000000000000000000800000000000000000000080000080808080808080808080800000000000000000000020200000000080000020000000000000000
310
00000000000000000000000000000000000000000000000000000000000000000000000000000200000000000000000000000000000000020000000000000000000000000000000000000000000000000000000000000000000000000000000000000000000000000000000000000000000000000000000000000000000000
310
00000000000000000000000000000000000004000004040000000000000000000000000000000000000000000000000000000000000000000000000000000000000000000000000000000004000000000000000000000000000000000000000000000000000000000000000000000000000000000000000000000000000000
310
00040400040000000000000000000000000000000000000000000000000404040404040404040404040404040404040404040404040404040404040404040404040404040404040404040404040400000000000000000000000000000400000000000004040000000000000000000400000000000000000000040000000000
310
00000000000000000000000000000000000000000000000000000000000000000000000000000000000000000000000000000000000000000000000000000000000000000000000000000000000008000000000000000000000800000800080808080800080808000000000000000000000002000000000800000200000000
310
00000000000000000000000000000000000000000000000000000000000000000000000000000000000002000000000000000000000000000000000200000000000000000000000000000000000000000000000000000000000000000000000000000000000000000000000000000000000000000000000000000000000000
310
00000000000000000000000000000000000000000000000404040000000000000000000000000000000000000000000000000000000000000000000000000000000000000000000000000000000000040000000000000000000000000000000000000000000000000000000000000000000000000000000000000000000000
310
00000000000004040000000000000000000000000000000000000000000000000004000000000000000000000400000000000000000000000000000000000000000000000000040000000000000000000004000000000000000000000000000004000000000000040000000000000000000004040404040404040404040400
310
00000000000000000000000000000000000000000000000000000000000000000000000000000000000000000000000000000000000000000000000000000000000000000000000000000000000000000000000800000000000000000008000008000808080808080808080000000000000000000000020000000808000002
310
00000000000000000000000000000000000000000000000000000000000000000000000000000000000000000000020000000000000000000000000000000002000000000000000000000000000000000000000000000000000000000000000000000000000000000000000000000000000000000000000000000000000000
310
00000000000000000000000000000000000000000000000000000000040000000000000000000000000000000000000000000000000000000000000000000000000000000000000000000000000000000000000400000000000000000000000000000000000000000000000000000000000000000000000000000000000000
310
00000000000000000000040400000000000000000000000000000000000000000000000000040004000000000000000004000000000000000000000000000000000000000000000000000400000000000000000000040000000000000000000000000000040000000000000400000000000000000000000000000000000000
310
00000000000000000000000000000000000000000000000000000000000000000000000000000000000000000000000000000000000000000000000000000000000000000000000000000000000000000000000000000008000000000000000000080800080008080808080808000800000000000000000000000200000000
310
00000002000000000000000000000000000000000000000000000000000000000000000000000000000000000000000000000200000000000000000000000000000000020000000000000000000000000000000000000000000000000000000000000000000000000000000000000000000000000000000000000000000000
310
00000000000000000000000000000000000000000000000000000000000000000004000000000000000000000000000000000000000000000000000000000000000000000000000000000000000000000000000000000004000000000000000000000000000000000000000000000000000000000000000000000000000000
310
00000000000000000000000000040000000000000000000000000000000000000000000000000000000400040000000000000000040004040404040400000404040004040404040404000000000004000000040000040000000400000000000000000000000000000400000000000004000000000000000000000000000000
310
00000000000000000000000000000000000000000000000000000000000000000000000000000000000000000000000000000000000000000000000000000000000000000000000000000000000000000000000000000000000000080000000000000000000808080808080808080800080008000000000000000000000002
310
00000008000000020000000000000000000000000000000000000000000000000000000000000000000000000000000000000000000002000000000000000000000000000000000200000000000000000000000000000000000000000000000000000000000000000000000000000000000000000000000000000000000000
310
00000000000000000000000000000000000000000000000000000000000000000000000000000400000000000000000000000000000000000000000000000000000000000000000000000000000000000000000000000000000000040000000000000000000000000000000000000000000000000000000000000000000000
310
00000000000000000000000000000000040000000000000000000000000000000000000000000000000000000004000400000000000000000400040404040000000404000404040004040400040000000000040000000404040000000004000000000000000000000000000004000000000000040000000000000000000000
310
00000000000000000000000000000000000000000000000000000000000000000000000000000000000000000000000000000000000000000000000000000000000000000000000000000000000000000000000000000000000000000000000808000800000000000008080008000808080808080808080000000000000000
310
00000002000008080000000200000000000000000000000000000000000000000000000000000000000000000000000000000000000000000000020000000000000000000000000000000002000000000000000000000000000000000000000000000000000000000000000000000000000000000000000000000000000000
310
00000000000000000000000000000000000000000000000000000000000000000000000000000000000000040000000000000000000000000000000000000000000000000000000000000000000000000000000000000000000000000000000400000000000000000000000000000000000000000000000000000000000000
310
00000000000000000000000000000000000000040000000000000000000000000000000000000000000000000000000000040004040000000000000004000404000400000004040004040400040404040400000000000400000004040400000000040000000000000000000000040400040000000000000404000000000000
310
00000000000000000000000000000000000000000000000000000000000000000000000000000000000000000000000000000000000000000000000000000000000000000000000000000000000000000000000000000000000000000000000000000000080008000000000000080800080008080808080808080800000000
310
00000000000000020000080000000002000000000000000000000000000000000000000000000000000000000000000000000000000000000000000000000200000000000000000000000000000000020200000000000000000000000000000000000000000000000000000000000000000000000000000000000000000000
310
00000000000000000000000000000000000000000000000000000000000000000000000000000000000000000000000004000000000000000000000000000000000000000000000000000000000000000000000000000000000000000000000000000004000000000000000000000000000000000000000000000000000000
310
00000000000000000000000000000000000000000000040000000000000000000000000000000000000000000000000000000000000400040400000000000000040004040404000000040404040404040404040404000000000004000000040404000000000404040404040404040404040404040400000000000004040404
310
00000000000000000000000000000000000000000000000000000000000000000000000000000000000000000000000000000000000000000000000000000000000000000000000000000000000000000000000000000000000000000000000000000000000000000808000800000000000808000800080808080808080808
310
00000000000000000000020200080800000000020000000000000000000000000000000000000000000000000000000000000000000000000000000000000000000002000000000000000000000000000000000200000000000000000000000000000000000000000000000000000000000000000000000000000000000000
310
00000000000000000000000000000000000000000000000000000000000000000000000000000000000000000000000000000000000400000000000000000000000000000000000000000000000000000000000000000000000000000000000000000000000000040000000000000000000000000000000000000000000000
310
00000000000000000000000000000000000000000000000000040000000000000000000000000000000000000000000000000000000000000004000000000000000000000400000404040000000004040400040404040404040000000000040000000004040000000004000000000000000000000004040004000000000000
310
04040400000000000000000000000000000000000000000000000000000000000000000000000000000000000000000000000000000000000000000000000000000000000000000000000000000000000000000000000000000000000000000000000000000000000000000000080808000000000000000000000000000000
310
00000000000000000000000000000002080000000000000200000000000000000000000000000000000000000000000000000000000000000000000000000000000000000000020000000000000000000000000000000002000000000000000000000000000000000000000000000000000000000000000000000000000000
310
00000000000000000000000000000000000000000000000000000000000000000000000000000000000000000000000000000000000000000000040000000000000000000000000000000000000000000000000000000000000000000000000000000000000000000000000400000000000000000000000000000000000000
310
00000000000000000000000000000000000000000000000000000000040000000000000000000000000000000000000000000000000000000000000000040000000000000000000004000000000000000000000000000000000000000000000000000400000000000000000000040000000000000000000000000000040000
310
00000000040004040000000000000000000000000000000000000000000000000000000000000000000000000000000000000000000000000000000000000000000000000000000000000000000000000000000000000000000000000000000000000000000000000000000000000000000008000000000000000000000000
310
00000000000000000000000000000000000000020800000000000002000000000000000000000000000000000000000000000000000000000000000000000000000000000000000000000200000000000000000000000000000000020000000000000000000000000000000000000000000000000000000000000000000000
310
00000000000000000000000000000000000000000000000000000000000000000000000000000000000000000000000000000000000000000000000000000004000000000000000000000000000000000000000000000000000000000000000000000000000000000000000000000004000000000000000000000000000000
310
00000000000000000000000000000000000000000000000000000000000000040000000000000000000000000000000000000000000000000000000000000000000400000000000000000000040000000000000000000000000000000000000000000000000004000000000000000000000400000000000000000000000000
310
00040000000000000400000004000000000000000000000000000000000000000000000000000000000000000000000000000000000000000000000000000000000000000000000000000000000000000000000000000000000000000000000000000000000000000000000000000000000000000000000800000000000000
310
00000000000000000000000000000000000000000000000800000000000000020000000000000000000000000000000000000000000000000000000000000000000000000000000000000000000002000000000000000000000000000000000200000000000000000000000000000000000000000000000000000000000000
310
00000000000000000000000000000000000000000000000000000000000000000000000000000000000000000000000000000000000000000000000000000000000000000400000000000000000000000000000000000000000000000000000000000000000000000000000000000000000000080000000000000000000000
310
00000000000000000000000000000000000000000000000000000000000000000000040000000000000000000000000000000000000000000000000000000000000000000004000000000000000000000400000000000000000000000000000000000000000000000000040000000000000000000004000000000000000000
310
00000000000400000000000004000000000400000000000000000000000000000000000000000000000000000000000000000000000000000000000000000000000000000000000000000000000000000000000000000000000000000000000000000000000000000000000000000000000000000000000000000000080000
310
00000000000000000000000000000000000000000000000000000808000000000000000200000000000000000000000000000000000000000000000000000000000000000000000000000000000000000000020000000000000000000000000000000002000000000000000000000000000000000000000000000000000000
310
00000000000000000000000000000000000000000000000000000000000000000000000000000000000000000000000000000000000000000000000000000000000000000000000000040000000000000000000000000000000000000000000000000000000000000000000000000000000000000000000800000000000000
310
00000000000000000000000000000000000000000000000000000000000000000000000000040000000000000000000000000000000000000000000000000000000000000000000000040404040404040404040404040404040404040404040404040404040404040404040404040404040404040404040404040000000000
310
00000000000000000004000000000000040000000000040000000000000000000000000000000000000000000000000000000000000000000000000000000000000000000000000000000000000000000000000000000000000000000000000000000000000000000000000000000000000000000000000000000000000000
310
00080800000000000000000000000000000000000000000000000000000808020000000000000002000000000000000000000000000000000000000000000000000000000000000000000000000000000000000000000200000000000000000000000000000000020000000000000000000000000000000000000000000000
310
00000000000000000000000000000000000000000000000000000000000000000000000000000000000000000000000000000000000000000000000000000000000000000000000000000000000004000000000000000000000000000000000000000000000000000000000000000000000000000000000000000008000000
310
00000000000000000000000000000000000000000000000000000000000000000000000000000000040000000000000000000000000000000000000000000000000000000000000000000000000000000000000000000000000000000000000000000000000000000000000000000000000000000000000000000000000000
310
00000000000000000000000000040000000000000400000000000004000000000000000000000000000000000000000000000000000000000000000000000000000000000000000000000000000000000000000000000000000000000000000000000000000000000000000000000000000000000000000000000000000000
310
00000000000000080000000000000000000000000000000000000000000000000800000200000000000000020000000000000000000000000000000000000000000000000000000000000000000000000000000000000000000002000000000000000000000000000000000202000000000000000000000000000000000000
310
00000000000000000000000000000000000000000000000000000000000000000000000000000000000000000000000000000000000000000000000000000000000000000000000000000000000000000000000400000000000000000000000000000000000000000000000000000000000000000000000000000000000000
310
08000000000000000000000000000000000000000000000000000000000000000000000000000000000000040000000000000000000000000000000000000000000000000000000000000000000000000000000000000000000000000000000000000000000000000000000000000000000000000000000000000000000000
310
00000000000000000000000000000000000400000000000004000000000000000404000000000000000000000000000000000000000000000000000000000000000000000000000000000000000000000000000000000000000000000000000000000000000000000000000000000000000000000000000000000000000000
310
00000000000000000000000008080000000000000000000000000000000000000000080800000202000000000000000200000000000000000000000000000000000000000000000000000000000000000000000000000000000000000000020000000000000000000000000000000002000000000000000000000000000000
310
00000000000000000000000000000000000000000000000000000000000000000000000000000000000000000000000000000000000000000000000000000000000000000000000000000000000000000000000000000000040000000000000000000000000000000000000000000000000000000000000000000000000000
310
00000000080000000000000000000000000000000000000000000000000000000000000000000000000000000000040000000000000000000000000000000000000000000000000000000000000000000000000000000000000000000000000000000000000000000000000000000000000000000000000000000000000000
310
00000000000000000000000000000000000000000004000000000000040000000000000000000400000000000000000000000000000000000000000000000000000000000000000000000000000000000000000000000000000000000000000000000000000000000000000000000000000000000000000000000000000000
310
00000000000000000000000000000000000008080000000000000000000000000000000008000000000000020000000000000002000000000000000000000000000000000000000000000000000000000000000000000000000000000000000000000200000000000000000000000000000000020000000000000000000000
310
00000000000000000000000000000000000000000000000000000000000000000000000000000000000000000000000000000000000000000000000000000000000000000000000000000000000000000000000000000000000000000004000000000000000000000000000000000000000000000000000000000000000000
310
00000000000007070807070707070000000000000000000000000000000000000000000000000000000000000000000000000400000000000000000000000000000000000000000000000000000000000000000000000000000000000000000000000000000000000000000000000000000000000000000000000404040404
310
04040404040404040404040404040404040404040404040404040707070707070400000000000000000000040000000000000000000000000000000000000000000000000000000000000000000000000000000000000000000000000000000000000000000000000000000000000000000000000000000000000000000000
310
00000000000000000000000000000000000000000000000008080800000000000000000000080808000000000000000200000000000000020000000000000000000000000000000000000000000000000000000000000000000000000000000000000000000002000000000000000000000000000000000200000000000000
310
00000000000000000000000000000000000000000000000000000000000000000000000000000000000000000000000000000000000000000000000000000000000000000000000000000000000000000000000000000000000000000000000000000400000000000000000000000000000000000000000000000000000000
310
00000707070707070707000008000000000007070707000000000000000000000000000000000000000000000000000000000000000400000000000000000000000000000000000000000000000000000000000000000000000000000000000000000000000000000000000000000000000000000000000000000000000000
310
00040000000000000000000000000000000000000000000000000000000700000000000007000000000000000000000004000000000000000000000000000000000000000000000000000000000000000000000000000000000000000000000000000000000000000000000000000000000000000000000000000000000000
310
00000000000000000000000000000000000000000000000000000000000000080808080808080808080000000000000000000002000000000000000200000000000000000000000000000000000000000000000000000000000000000000000000000000000000000000020000000000000000000000000000000002000000
310
00000000000000000000000000000000000000000000000000000000000000000000000000000000000000000000000000000000000000000000000000000000000000000000000000000000000000000000000000000000000000000000000000000000000000040000000000000000000000000000000000000000000000
310
00000000070700000000000000000000080000000000000000000707070700000000000000000000000000000000000000000000000000000400000000000000000000000000000000000000000000000000000000000000000000000000000000000000000000000000000000000000000000000000000000000000000000
310
00000000040404000000000000000000000000000000000000000000000000000007000000000000070000000000000000000000000400000000000000000000000000000000000000000000000000000000000000000000000000000000000000000000000000000000000000000000000000000000000000000000000000
310
00000000000000000000000000000000000000000000000000000000000000000000000000000000000000000000000000000000000000020000000000000002000000000000000000000000000000000000000000000000000000000000000000000000000000000000000000000200000000000000000000000000000000
310
02000000000000000000000000000000000000000000000000000000000000000000000000000000000000000000000000000000000000000000000000000000000000000000000000000000000000000000000000000000000000000000000000000000000000000000000004000000000000000000000000000000000000
310
00000000000007070000000000000000000000000800000000000000000000000000070700000000000000000000000000000000000000000000000400000000000000000000000000000000000000000000000000000000000000000000000000000000000000000000000000000000000000000000000000000000000000
310
00000000000000000404040000000000000000000000000000000000000000000000000000070000000000000700000000000000000000000000040000000000000000000000000000000000000000000000000000000000000000000000000000000000000000000000000000000000000000000000000000000000000000
310
00000000000000000000000000000000000000000000000000000000000000000000000000000000000000000000000000000000000000000000000200000000000000020000000000000000000000000000000000000000000000000000000000000000000000000000000000000000000002000000000000000000000000
310
00000000020200000000000000000000000000000000000000000000000000000000000000000000000000000000000000000000000000000000000000000000000000000000000000000000000000000000000000000000000000000000000000000000000000000000000000000000000400000000000000000000000000
310
00000000000000070707000000000000000000000000000008000000000000000000000000000000070700000000000000000000000000000000000000000400000000000000000000000000000000000000000000000000000000000000000000000000000000000000000000000000000000000000000000000000000000
310
00000000000000000000000000040000000000000000000000000000000000000000000000000000000700000000000007000000000000000000000000000004000000000000000000000000000000000000000000000000000000000000000000000000000000000000000000000000000000000000000000000000000000
310
00000000000000000000000000000000000000000000000000000000000000000000000000000000000000000000000000000000000000000000000000000202000000000000000200000000000000000000000000000000000000000000000000000000000000000000000000000000000000000000020000000000000000
310
00000000000000000200000000000000000000000000000000000000000000000000000000000000000000000000000000000000000000000000000000000000000000000000000000000000000000000000000000000000000000000000000000000000000000000000000000000000000000000000040000000000000000
310
00000000000000000007070000000000000000000000000000000000080000000000000000000000000000000000070700000000000000000000000000000000000400000000000000000000000000000000000000000000000000000000000000000000000000000000000000000000000000000000000000000000000000
310
00000000000000000000000000000000000400000000000000000000000000000000000000000000000000000007000000000000070000000000000000000000000000000400000000000000000000000000000000000000000000000000000000000000000000000000000000000000000000000000000000000000000000
310
00000000000000000000000000000000000000000000000000000000000000000000000000000000000000000000000000000000000000000000000000000000000000020000000000000002000000000000000000000000000000000000000000000000000000000000000000000000000000000000000000000200000000
310
00000000000000000000000002000000000000000000000000000000000000000000000000000000000000000000000000000000000000000000000000000000000000000000000000000000000000000000000000000000000000000000000000000000000000000000000000000000000000000000000000000004000000
310
00000000000000000000000707000000000000000000000000000000000000000800000000000000000000000000000000000000070700000000000000000000000000000400000000000000000000000000000000000000000000000000000000000000000000000000000000000000000000000000000000000000000000
310
00000000000000000000000000000000000000000004000000000000000000000000000000000000000000000000000000070000000000000700000000000000000000000000000000040000000000000000000000000000000000000000000000000000000000000000000000000000000000000000000000000000000000
310
00000000000000000000000000000000000000000000000000000000000000000000000000000000000000000000000000000000000000000000000000000000000000000000000200000000000000020000000000000000000000000000000000000000000000000000000000000000000000000000000000000000000002
310
00000000000000000000000000000000020000000000000000000000000000000000000000000000000000000000000000000000000000000000000000000000000000000000000000000000000000000000000000000000000000000000000000000000000000000000000000000000000000000000000000000000000000
310
00040000000000000000000000070700000000000000000000000000000000000000000008000000000000000000000000000000000000000000070700000000000000000000000400000000000000000000000000000000000000000000000000000000000000000000000000000000000000000000000000000000000000
310
00000000000000000000000000000000000000000000000000040000000000000000000000000000000000000000000000000000000700000000000007000000000000000000000000000000000004040404040404040404040404040404040404040404040404040404040404040400000000000000000000000000000000
310
00000000000000000000000000000000000000000000000000000000000000000000000000000000000000000000000000000000000000000000000000000000000000000000000000000002000000000000000200000000000000000000000000000000000000000000000000000000000000000000000000000000000000
310
00000002000000000000000000000000000000000200000000000000000000000000000000000000000000000000000000000000000000000000000000000000000000000000000000000000000000000000000000000000000000000000000000000000000000000000000000000000000000000000000000000000000000
310
00000000000004000000000000000000070000000000000000000000000000000000000000000000080000000000000000000000000000000000000000000000070700000000000000000400000000000000000000000000000000000000000000000000000000000000000000000000000000000000000000000000000000
310
00000000000000000000000000000000000000000000000000000000000400000000000000000000000000000000000000000000000000000007000000000000070000000000000000000000000000000000000000000004000400000000000000000000000000000000000000000000000000000000000000000000000000
310
00000000000000000000000000000000000000000000000000000000000000000000000000000000000000000000000000000000000000000000000000000000000000000000000000000000000000020000000000000002000000000000000000000000000000000000000000000000000000000000000000000000000000
310
00000000000000020000000000000000000000000000000002000000000000000000000000000000000000000000000000000000000000000000000000000000000000000000000000000000000000000000000000000000000000000000000000000000000000000000000000000000000000000000000000000000000000
310
00000000000000000000000400000000000000070000000000000000000000000000000000000000000000000800000000000000000000000000000000000000000000000000070000000000000400000000000000000000000000000000000000000000000000000000000000000000000000000000000000000000000000
310
00000000000000000000000000000000000000000000000000000000000000000004000000000000000000000000000000000000000000000000000000070000000000000700000000000000000000000000000000000000000000040004000000000000000000000000000000000000000000000000000000000000000000
310
00000000000000000000000000000000000000000000000000000000000000000000000000000000000000000000000000000000000000000000000000000000000000000000000000000000000000000000000200000000000000020000000000000000000000000000000000000000000000000000000000000000000000
310
00000000000000000000000200000000000000000000000000000000020000000000000000000000000000000000000000000000000000000000000000000000000000000000000000000000000000000000000000000000000000000000000000000000000000000000000000000000000000000000000000000000000000
310
00000000000000000000000000000000040000000007070000000000000000000000000000000000000000000000000000000000000000000000000000000000000000000000000000000007000000000400000000000000000000000000000000000000000000000000000000000000000000000000000000000000000000
310
00000000000000000000000000000000000000000000000000000000000000000000000000040000000000000000000000000000000000000000000000000000000700000000000007000000000000000000000000000000000000000000040000000400000000000000000000000000000000000000000000000000000000
310
00000000000000000000000000000000000000000000000000000000000000000000000000000000000000000000000000000000000000000000000000000000000000000000000000000000000000000000000000000002000000000000000200000000000000000000000000000000000000000000000000000000000000
310
00000000000000000000000000000002000000000000000000000000000000000202000000000000000000000000000000000000000000000000000000000000000000000000000000000000000000000000000000000000000000000000000000000000000000000000000000000000000000000000000000000000000000
310
00000000000000000000000000000000000000000004000007000000000000000000000000000000000000000000000808080808080808080808000000000000000000000000000000000000000000000700000400000000000000000000000000000000000000000000000000000000000000000000000000000000000000
310
00000000000000000000000000000000000000000000000000000000000000000000000000000000000400000000000000000000000000000000000000000000000000000007000000000000070000000000000000000000000000000000000000040000000004000000000000000000000000000000000000000000000000
310
00000000000000000000000000000000000000000000000000000000000000000000000000000000000000000000000000000000000000000000000000000000000000000000000000000000000000000000000000000000000000020000000000000002000000000000000000000000000000000000000000000000000000
310
00000000000000000000000000000000000000020000000000000000000000000000000002000000000000000000000000000000000000000000000000000000000000000000000000000000000000000000000000000000000000000000000000000000000000000000000000000000000000000000000000000000000000
310
00000000000000000000000000000000000000000000000000000407000000000000000000000000000000000000000808080800000000000800000000000800080800000000000000000000000000000000000000070400000000000000000000000000000000000000000000000000000000000000000000000000000000
310
00000000000000000000000000000000000000000000000000000000000000000000000000000000000000000004000000000000000000000000000000000000000000000000000000070000000000000700000000000000000000000000000000000000000400000000000400000000000000000000000000000000000000
310
00000000000000000000000000000000000000000000000000000000000000000000000000000000000000000000000000000000000000000000000000000000000000000000000000000000000000000000000000000000000000000000000200000000000000020000000000000000000000000000000000000000000000
310
00000000000000000000000000000000000000000000000200000000000000000000000000000000020000000000000000000000000000000000000000000000000000000000000000000000000000000000000000000000000000000000000000000000000000000000000000000000000000000000000000000000000000
310
00000000000000000000000000000000000000000000000000000000000700040000000000000000000000000000000008080800000000000000000008000000000000000000080808000000000000000000000000000000000407000000000000000000000000000000000000000000000000000000000000000000000000
310
00000000000000000000000000000000000000000000000000000000000000000000000000000000000000000000000000040000000000000000000000000000000000000000000000000000000700000000000007000000000000000000000000000000000000000404040404040404000000000000000000000000000000
310
00000000000000000000000000000000000000000000000000000000000000000000000000000000000000000000000000000000000000000000000000000000000000000000000000000000000000000000000000000000000000000000000000000002000000000000000200000000000000000000000000000000000000
310
00000000000000000000000000000000000000000000000000000002000000000000000000000000000000000200000000000000000000000000000000000000000000000000000000000000000000000000000000000000000000000000000000000000000000000000000000000000000000000000000000000000000000
310
00000000000000000000000000000000000000000000000000000000000000000700000004000000000000000000000000000808000000000000000000000000080000000000000000000000000808000000000000000000000000000400000700000000000000000000000000000000000000000000000000000000000000
310
00000000000000000000000000000000000000000000000000000000000000000000000000000000000000000000000000000000000400000000000000000000000000000000000000000000000000000007000000000000070000000000000000000000000000000000000000000000000000000400000000000000000000
310
00000000000000000000000000000000000000000000000000000000000000000000000000000000000000000000000000000000000000000000000000000000000000000000000000000000000000000000000000000000000000000000000000000000000000020000000000000002000000000000000000000000000000
310
00000000000000000000000000000000000000000000000000000000000000020000000000000000000000000000000002000000000000000000000000000000000000000000000000000000000000000000000000000000000000000000000000000000000000000000000000000000000000000000000000000000000000
310
00000000000000000000000000000000000000000000000000000000000000000000000007000000000800000000070700000000080800000000000000000000000000000800000000000000000000000000000808000000000007000000000800000000070000000000000000000000000000000000000000000000000000
310
00000000000000000000000000000000000000000000000000000000000000000000000000000000000000000000000000000000000000000004000000000000000000000000000000000000000000000000000000070707070707070700000000000000000000000000000000000000000000000000000004000000000000
310
00040004000404040404000000000000000000000000000000000000000000000000000000000000000000000000000000000000000000000000000000000000000000000000000000000000000000000000000000000000000000000000000000000000000000000000000200000000000000020000000000000000000000
310
00000000000000000000000000000000000000000000000000000000000000000000000200000000000000000000000000000000020000000000000000000000000000000000000000000000000000000000000000000000000000000000000000000000000000000000000000000000000000000000000000000000000000
310
00000000000000000000000000000000000000000000000000000000000000000000000000000007000000000000080007070000070700080800000000000000000000000000000008000000000000000000000000000000000800000707000707000800000000000007000000000000000000000000000000000000000000
310
00000000000000000000000000000000000000000000000000000000000000000000000000000000000000000000000000000000000000000000000000040000000000000000000000000000000000000000000000000000000700000000000007000000000000000000000000000000000000000000000000000000000400
310
00000000000400040004000404000000000000000000000000000000000000000000000000000000000000000000000000000000000000000000000000000000000000000000000000000000000000000000000000000000000000000000000000000000000000000000000000000002000000000000000200000000000000
310
00000000000000000000000000000000000000000000000000000000000000000000000000000002000000000000000000000000000000000200000000000000000000000000000000000000000000000000000000000000000000000000000000000000000000000000000000000000000000000000000000000000000000
310
00000000000000000000000000000000000000000000000000000000000000000000000000000000000007000000000000000008000000000008080000000000000000000000000000000000080000000000000000000000000000000000080800000000000800000000000000000700000000000000000000000000000000
310
00000000000000000000000000000000000000000000000000000000000000000000000000000000000000000000000000000000000000000000000000000000000400000000000000000000000000000000000000000000000000000007000000000000070000000000000000000000000000000000000000000000000000
310
00000400000000000004000400040004040400000000000000000000000000000000000000000000000000000000000000000000000000000000000000000000000000000000000000000000000000000000000000000000000000000000000000000000000000000000000000000000000000020000000000000002000000
310
00000000000000000000000000000000000000000000000000000000000000000000000000000000000000020000000000000000000000000000000002020000000000000000000000000000000000000000000000000000000000000000000000000000000000000000000000000000000000000000000000000000000000
310
00000000000000000000000000000000000000000000000000000000000000000000000000000000000000000000070000000000000007000800000008000700000000000000000000000000000000000800000000000000000000000000000000000708080000000800070000000000000000070000000000000000000000
310
00000000000000000000000000000000000000000000000000000000000000000000000000000000000000000000000000000000000000000000000000000000000000000004000000000000000000000000000000000000000000000000000000070000000000000700000000000000000000000000000000000000000000
310
00000000000000040000000004040404040404040404000000000000000000000000000000000000000000000000000000000000000000000000000000000000000000000000000000000000000000000000000000000000000000000000000000000000000000000000000000000000000000000000000200000000000000
310
02000000000000000000000000000000000000000000000000000000000000000000000000000000000000000000000200000000000000000000000000000000020000000000000000000000000000000000000000000000000000000000000000000000000000000000000000000000000000000000000000000000000000
310
00000000000000000000000000000000000000000000000000000000000000000000000000000000000000000000000000070000000000000000070000080008000000070000000000000000000000000000000008000000000000000000000000000000000700000008000800000700000000000000000700000000000000
310
00000000000000000000000000000000000000000000000000000000000000000000000000000000000000000000000000000000000000000000000000000000000000000000000000040000000000000000000000000000000000000000000000000000000700000000000007000000000000000000000000000000000000
310
00000000000000000000000400000000040404040404040404040000000000000000000000000000000000000000000000000000000000000000000000000000000000000000000000000000000000000000000000000000000000000000000000000000000000000000000000000000000000000000000000000002000000
310
00000000020000000000000000000000000000000000000000000000000000000000000000000000000000000000000000000002000000000000000000000000000000000200000000000000000000000000000000000000000000000000000000000000000000000000000000000000000000000000000000000000000000
310
00000000000000000000000000000000000000000000000000000000000000000000000000000000000000000000000000000000000700000000000000070000000008000000000700000000000000000000000000000000080000000000000000000000000000000007000000000800000000070000000000000000070000
310
00000000000000000000000000000000000000000000000000000000000000000000000000000000000000000000000000000000000000000000000000000000000000000000000000000000000400000000000000000000000000000000000000000008080808080808080808080808080808080808000000000000000000
310
00000000000000000000000000000000040404040404040404040404040404040404040400000000000000000000000000000000000000000000000000000000000000000000000000000000000000000000000000000000000000000000000000000000000000000000000000000000000000000000000000000000000000
310
02000000000000000200000000000000000000000000000000000000000000000000000000000000000000000000000000000000000000020000000000000000000000000000000002000000000000000000000000000000000000000000000000000000000000000000000000000000000000000000000000000000000000
310
00000000000000000000000000000000000000000000000000000000000000000000000000000000000000000000000000000000000000000700000000000000000007000008000800000007000000000000000000000000000000000800000000000000000000000000000000070000080800080000000700000000000000
310
00070000000000000000000000000000000000000000000000000000000000000000000000000000000000000000000000000000000000000000000000000000000000000000000000000000000000000004000000000000000000000000000000000000000000000000000000070000000000000700000000000000000000
310
00000000000000000000000000000000000000000000000000000000000000000000000000000000000000000000000000000000000000000000000000000000000000000000000000000000000000000000000000000000000000000000000000000000000000000000000000000000000000000000000000000000000000
310
00000000020000000000000002000000000000000000000000000000000000000000000000000000000000000000000000000000000000000000000200000000000000000000000000000000020000000000000000000000000000000000000000000000000000000000000000000000000000000000000000000000000000
310
00000000000000000000000000000000000000000000000000000000000000000000000000000000000000000000000000000000000000000000000700000000000000000000070008000000080000070000000000000000000000000000000008000000000000000000000000000000000007080000000808000700000000
310
00000000000007000000000000000000000000000000000000000000000000000000000000000000000000000000000000000000000000000000000000000000000000000000000000000000000000000000000000040000000000000000000000000000000000000000000000000000000700000000000007000000000000
310
00000000000000000000000000000000000000000000000000000000000400000000000000000000000000000000000000000000000000000000000000000000000000000000000000000000000000000000000000000000000000000000000000000000000000000000000000000000000000000000000000000000000000
310
00000000000000000200000000000000020000000000000000000000000000000000000000000000000000000000000000000000000000000000000000000002000000000000000000000000000000000200000000000000000000000000000000000000000000000000000000000000000000000000000000000000000000
310
00000000000000000000000000000000000000000000000000000000000000000000000000000000000000000000000000000000000000000000000000000007000000000000000000000008000000000008070000000000000000000000000007070707080707070707000000000000000000000000080000000000080007
310
00000000000000000000070000000000000000000000000000000000000000000000000000000000000000000000000000000000000000000000000000000000000000000000000000000000000000000000000000000000000400000000000000000000000000000000000000000000000000000007070707070707070000
310
00000000000000000000000000000000000000000000000000000000000000000004000000000000000000000000000000000000000000000000000000000000000000000000000000000000000000000000000000000000000000000000000000000000000000000000000000000000000000000000000000000000000000
310
00000000000000000000000002000000000000000200000000000000000000000000000000000000000000000000000000000000000000000000000000000000000000020000000000000000000000000000000002020000000000000000000000000000000000000000000000000000000000000000000000000000000000
310
00000000000000000000000000000000000000000000000000000000000000000000000000000000000000000000000000000000000000000000000000000000000007000000000000000000000000080700000007070800000000000000000000000707000000000800000000000707000000000000000000000807000000
310
00070800000000000000000000000700000000000000000000000000000000000000000000000000000000000000000000000000000000000000000000000000000000000000000000000000000000000000000000000000000000000004000000000000000000000000000000000000000000000000000000070000000000
310
00070000000000000000000000000000000000000000000000000000000000000000000000040000000000000000000000000000000000000000000000000000000000000000000000000000000000000000000000000000000000000000000000000000000000000000000000000000000000000000000000000000000000
310
00000000000000000000000000000000020000000000000002000000000000000000000000000000000000000000000000000000000000000000000000000000000000000000000200000000000000000000000200000000020000000000000000000000000000000000000000000000000000000000000000000000000000
310
00000000000000000000000000000000000000000000000000000000000000000000000000000000000000000000000000000000000000000000000000000000000000000000070000000000000000000000080000070707000000080000000000000000070700000000000008000000000000000707000000000000000800
310
00070707070000080000000000000000000000070000000000000000000000000000000000000000000000000000000000000000000000000000000000000000000000000000000000000000000000000000000000000000000000000000000000040000000000000000000000000000000000000000000000000000000707
310
07070707070700000000000000000000000000000000000000000000000000000000000000000000000400000000000000000000000000000000000000000000000000000000000000000000000000000000000000000000000000000000000000000000000000000000000000000000000000000000000000000000000000
310
00000000000000000000000000000000000000000200000002000000020000000000000000000000000000000000000000000000000000000000000000000000000000000000000000000002000000000000000000000000020200000200000000000000000000000000000000000000000000000000000000000000000000
310
00000000000000000000000000000000000000000000000000000000000000000000000000000000000000000000000000000000000000000000000000000000000000000000000000070000000000000000000000080800000000000000000008000000000007070000000000000000080000000000000000000707000000
310
00080000000000000000000808000000000000000000000700000000000000000000000000000000000000000000000000000000000000000000000000000000000000000000000000000000000000000000000000000000000000000000000000000000000400000000000000000000000000000000000000000000000000
310
00000700000000000007000000000000000000000000000000000000000000000000000000000000000000000404000000000000000000000000000000000000000000000000000000000000000000000000000000000000000000000000000000000000000000000000000000000000000000000000000000000000000000
310
00000000000000000000000000000000000000000000000002000002000000000200000000000000000000000000000000000000000000000000000000000000000000000000000000000000000000020000000000000202020202020202020002000000000000000000000000000000000000000000000000000000000000
310
00000000000000000000000000000000000000000000000000000000000000000000000000000000000000000000000000000000000000000000000000000000000000000000000000000000000700000000000000000000000800000000000000000000000800000707000000000000000000000800000000000000000000
310
00070000080000000000000000000000080000000000000000000000070000000000000000000000000000000000000000000000000000000000000000000000000000000000000000000000000000000000000000000000000000000000000000000000000000000004000000000000000000000000000000000000000000
310
00000000000007000000000000070000000000000000000000000000000000000000000000000000000000000000000000040000000000000000000000000000000000000000000000000000000000000000000000000000000000000000000000000000000000000000000000000000000000000000000000000000000000
310
00000000000000000000000000000000000000000000000000000000020002020202020202000000000000000000000000000000000000000000000000000000000000000000000000000000000000000000000200000000000000000000000002020000020000000000000000000000000000000000000000000000000000
310
00000000000000000000000000000000000000000000000000000000000000000000000000000000000000000000000000000000000000000000000000000000000000000000000000000000000000000007000000000000000000000800000000000000000000000000000700000000000000000000000008000000000000
310
00000000000007000000000000000000000000000808000000000000000000000700000000000000000000000000000000000000000000000000000000000000000000000000000000000000000000000000000000000000000000000000000000000000000000000000000000040000000000000000000000000000000000
310
00000000000000000000070000000000000700000000000000000000000000000000000000000000000000000000000000000000000000000000000000000000000000000000000000000000000000000000000000000000000000000000000000000000000000000000000000000000000000000000000000000000000000
310
00000000000000000000000000000000000000000000000000000202020202020200000200000000020000000000000000000000000000000000000000000000000000000000000000000000000000000000000000000002000000000000000000000002000000000200000000000000000000000000000000000000000000
310
00000000000000000000000000000000000000000000000000000000000000000000000000000000000000000000000000000000000000000000000000000000000000000000000000000000000000000000000007000000000404000400000008000000000000000000000000000700000000000000000000000000080000
310
00000000000000000000070000000000000000000000000000080000000000000000000000070000000000000000000000000000000000000000000000040404000000000000000000000000000000000000000000000000000000000000000000000000000000000000000000000000000400000000000000000000000000
310
00000000000000000000000000000700000000000007000000000000000000000000000000000000000000000000000000000000000000000000000000000000000000000000000000000000000000000000000000000000000000000000000000000000000000000000000000000000000000000000000000000000000000
310
00000000000000000000000000000000000000000000000000000000000002020202020202000000020000000200000000000000000000000000000000000000000000000000000000000000000000000000000000000000000000020000000000000000000000000000000002000000000000000000000000000000000000
310
00000000000000000000000000000000000000000000000000000000000000000000000000000000000000000000000000000000000000000000000000000000000000000000000000000000000000000000000000000000070000000000000404040400000000000000000000000000000700000000000000000000000000
310
00080000000000000000000000000007000000000000000000000000000808000000000000000000000700000000000000000000000000000000000004040404040404000000000000000000000000000000000000000000000000000000000000000000000000000000000000000000000000000004000000000000000000
310
00000000000000000000000000000000000007000000000000070000000000000000000000000000000000000000000000000000000000000000000000000000000000000000000000000000000000000000000000000000000000000000000000000000000000000000000000000000000000000000000000000000000000
310
00000000000000000000000000000000000000000000000000000000000000000000000002020202020000000000000002000000000000000000000000000000000000000000000000000000000000000000000000000000000000000000000200000000000000000000000000000000020200000000000000000000000000
310
00000000000000000000000000000000000000000000000000000000000000000000000000000000000000000000000000000000000000000000000000000000000000000000000000000000000000000000000000000000000000000700000000000000040404040400000000000000000000000007000000000000000000
310
00000000000800000000000000000000000000000700000000000000000000000000080000000000000000000007000000000000000000000000000404040404040400000404000000000000000000000000000000000000000000000000000000000000000000000000000000000000000000000000000000040000000000
310
00000000000000000000000000000000000000000000070000000000000700000000000000000000000000000000000000000000000000000000000000000000000000000000000000000000000000000000000000000000000000000000000000000000000000000000000000000000000000000000000000000000000000
310
00000000000000000000000000000000000000000000000000000000000000000000000000000000000000020200000000000000020000000000000000000000000000000000000000000000000000000000000000000000000000000000000000000002000000000000000000000000000000000200000000000000000000
310
00000000000000000000000000000000000000000000000000000000000000000000000000000000000000000000000000000000000000000000000000000000000000000000000000000000000000000000000000000000000000000000000700000000000000000000000800040400000000000000000007000000000000
310
00000000000000000008000000000000000000000000000000070000000000000000000000000800000000000000000000070000000000000000040404040400000404000004040404040000000000000000000000000000000000000000000000000000000000000000000000000000000000000000000000000000000400
310
00000000000000000000000000000000000000000000000000000700000000000007000000000000000000000000000000000000000000000000000000000000000000000000000000000000000000000000000000000000000000000000000000000000000000000000000000000000000000000000000000000000000000
310
00000000000000000000000000000000000000000000000000000000000000000000000000000000000000000202020202000000000000000200000000000000000000000000000000000000000000000000000000000000000000000000000000000000000000020000000000000000000000000000000002000000000000
310
00000000000000000000000000000000000000000000000000000000000000000000000000000000000000000000000000000000000000000000000000000000000000000000000000000000000000000000000000000000000000000000000000000007000000000000000000000800000000040404000000000007000000
310
00000000000000000000000000000000000000000000000000000000000700000000000000000000000008080000000000000000000700000000040404040000040400000404000400000404040404040000000000000000000000000000000000000000000000000000000000000000000000000000000000000000000000
310
00000400000000000000000000000000000000000000000000000000000007000000000000070000000000000000000000000000000000000000000000000000000000000000000000000000000000000000000000000000000000000000000000000000000000000000000000000000000000000000000000000000000000
310
00000000000000000000000000000000000000000000000000000000000000000000000000000000000000000000020202020202020000000000000002000000000000000000000000000000000000000000000000000000000000000000000000000000000000000000000200000000000000000000000000000000020000
310
00000000000000000000000000000000000000000000000000000000000000000000000000000000000000000000000000000000000000000000000000000000000000000000000000000000000000000000000000000000000000000000000000000000000000070000000000000000000008000000000000000404040007
310
00000000000000000000000000000000000800000000000000000000000000000000070000000000000000000000000800000000000000000004040404040000000000040000040004000004000400040000040400000000000000000000000000000000000000000000000000000000000000000000000000000000000000
310
00000000000004000000000000000000000000000000000000000000000000000000070000000000000700000000000000000000000000000000000000000000000000000000000000000000000000000000000000000000000000000000000000000000000000000000000000000000000000000000000000000000000000
310
00000000000000000000000000000000000000000000000000000000000000000000000000000000000000000002020202020202020202020200000000000000020000000000000000000000000000000000000000000000000000000000000000000000000000000000000000000002000000000000000000000000000000
310
00020000000000000000000000000000000000000000000000000000000000000000000000000000000000000000000000000000000000000000000000000000000000000000000000000000000000000000000000000000000000000000000000000000000000000000070000000000000000000000080000000000000000
310
00000404000000000000000000000000000000000008000000000000000000000000000000000700000000000000000000000008000000000404040404000700000000000000000400000004000000040004040404040000000000000000000000000000000000000000000000000000000000000000000000000000000000
310
00000000000000000000040000000000000000000000000000000000000000000000000000000700000000000007000000000000000000000000000000000000000000000000000000000000000000000000000000000000000000000000000000000000000000000000000000000000000000000000000000000000000000
310
00000000000000000000000000000000000000000000000000000000000000000000000000000000000000000000000000020000000002020202000202000000000000000200000000000000000000000000000000000000000000000000000000000000000000000000000000000000000000020000000000000000000000
310
00000000000200000000000000000000000000000000000000000000000000000000000000000000000000000000000000000000000000000000000000000000000000000000000000000000000000000000000000000000000000000000000000000000000000000000000000000700000000000000000000080800000000
310
00000000000000070404040000000000000000000000000000080000000000000000000000000000000007000000000000000000000000040404040400000000000007000000000000000000000404000404040000040000040400000000000000000000000000000000000000000000000000000000000000000000000000
310
00000000000000000000040404000400000000000000000000000000000000000000000000000000000007000000000000070000000000000000000000000000000000000000000000000000000000000000000000000000000000000000000000000000000000000000000000000000000000000000000000000000000000
310
00000000000000000000000000000000000000000000000000000000000000000000000000000000000000000000000000000000000200000000020202020202020000000000000002000000000000000000000000000000000000000000000000000000000000000000000000000000000000000000000200000000000000
310
00000000000000000002000000000000000000000000000000000000000000000000000000000000000000000000000000000000000000000000000000000000000000000000000000000000000000000000000000000000000000000000000000000000000000000000000000000000000007000000000000000000000800
310
00000000000000000000000700000004040400000000000000000000000800000000000000000000000000000000000700000404000004040404040008000000000000000000070000000000000000000000040004000004000000000000000000000000000000000000000000000000000000000000000000000000000000
310
00000000000000000000000000040004040004000000000000000000000000000000000000000000000000000000070000000000000700000000000000000000000000000000000000000000000000000000000000000000000000000000000000000000000000000000000000000000000000000000000000000000000000
310
00000000000000000000000000000000000000000000000000000000000000000000000000000000000000000000000000000000000000000002000000000202020202020200000000000000020000000000000000000000000000000000000000000000000000000000000000000000000000000000000000000002000000
310
00000000000000000000000000020000000000000000000000000000000000000000000000000000000000000000000000000000000000000000000000000000000000000000000000000000000000000000000000000000000000000000000000000000000000000000000000000000000000000000070000000000000000
310
00000800000000000000000000000700000000000000040400000000000000000008000000000000000000000000000000000404040404040404000000000000080000000000000000000700000000000000000004040404000404000000000000000000000000000000000000000000000000000000000000000000000000
310
00000000000000000000000000000000000404000400040000000000000000000000000000000000000000000000000000000700000000000007000000000000000000000000000000000000000000000000000000000000000000000000000000000000000000000000000000000000000000000000000000000000000000
310
00000000000000000000000000000000000000000000000000000000000000000000000000000000000000000000000000000000000000000000000000020002000000020202020202000000000000000200000000000000000000000000000000000000000000000000000000000000000000000000000000000000000000
310
02000000000000000000000000000000000200000000000000000000000000000000000000000000000000000000000000000000000000000000000000000000000000000000000000000000000000000000000000000000000000000000000000000000000000000000000000000000000000000000000000000700000000
310
00000000000008000000000000000000000007000000000000000000040404000000000000080000000000000000000000040404040400070000000000000000000000000800000000000000000007000000000000000000000000000000000000000000000000000000000000000000000000000000000000000000000000
310
00000000000000000000000000000000000000000004040404000400000000000000000000000000000000000000000000000000000007000000000000070000000000000000000000000000000000000000000000000000000000000000000000000000000000000000000000000000000000000000000000000000000000
310
00000000000000000000000000000000000000000000000000000000000000000000000000000000000000000000000000000000000000000000000000000000000202020202020202020202020000000000000002000000000000000000000000000000000000000000000000000000000000000000000000000000000000
310
00000000020000000000000000000000000000000002000000000000000000000000000000000000000000000000000000000000000000000000000000000000000000000000000000000000000000000000000000000000000000000000000000000000000000000000000000000000000000000000000000000000000007
310
00000000000000000000000000000000000000000000070000000000000000000000000404040000000800000000000000040404040000000000000700000000000000000000000008000000000000000000000700000000000000000000000000000000000000000000000000000000000000000000000000000000000000
310
00000000000000000000000000000000000000000000000004000000000004000000000000000000000000000000000000000000000000000000070000000000000700000000000000000000000000000000000000000000000000000000000000000000000000000000000000000000000000000000000000000000000000
310
00000000000000000000000000000000000000000000000000000000000000000000000000000000000000000000000000000000000000000000000000000000000000000002020202020202020202020200000000000000020000000000000000000000000000000000000000000000000000000000000000000000000000
310
00000000000000000200000000000000000000000000000000020000000000000000000000000000000000000000000000000000000000000000000000000000000000000000000000000000000000000000000000000000000000000000000000000000000000000000000000000000000000000000000000000000000000
310
00000007000000000000000000000800000000000000000000000700000000000000000000000000000004040008000004040404040000000000000000000000070000000000000000000000080000000000000000000007000000000000000000000000000000000000000000000000000000000000000000000000000000
310
00000000000000000000000000000000000000000000000000000000040000000404040000000000000000000000000000000000000000000000000000000700000000000007000000000000000000000000000000000000000000000000000000000000000000000000000000000000000000000000000000000000000000
310
00000000000000000000000000000000000000000000000000000000000000000000000000000000000000000000000000000000000000000000000000000000000000000000000000020202020200020202020202020000000000000200000000000000000000000000000000000000000000000000000000000000000000
310
00000000000000000000000002000000000000000000000000000000000200000000000000000000000000000000000000000000000000000000000000000000000000000000000000000000000000000000000000000000000000000000000000000000000000000000000000000000000000000000000000000000000000
310
00080808080808080808080808080808080008080808080808080808080808080808080808080808000808080808080404040404080808080808000808080808080808080708080808080808080808080800080808080808080808080808080808000000000000000000000000000000000000000000000000000000000000
310
00000000000000000000000000000000000000000000000000000000000000000400040400000400000000000000000000000000000000000000000008080808080808080808080808080808080808000000000000000000000000000000000000000000000000000000000000000000000000000000000000000000000000
310
00000000000000000000000000000000000000000000000000000000000000000000000000000000000000000000000000000000000000000000000000000000000000000000000000000000000202020202020202020202020200000000000002000000000000000000000000000000000000000000000000000000000000
310
00000000000000000000000000000000020000000000000000000000000000000002000000000000000000000000000000000000000000000000000000000000000000000000000000000000000000000000000000000000000000000000000000000000000000000000000000000000000000000000000000000000000000
310
00000000000000000000000700000000000000000000080000000000000000000000070000000000000000000000040404040400000800040400000000000000000000000000000007000000000000000000000008000000000000000000000700000000000000000000000000000000000000000000000000000000000000
310
00000000000000000000000000000000000000000000000000000000000000000000000004040000000004000000000000000000000000000000000000000000000000000000070000000000000700000000000000000000000000000000000000000000000000000000000000000000000000000000000000000000000000
310
00000000000000000000000000000000000000000000000000000000000000000000000000000000000000000000000000000000000000000000000000000000000000000000000000000000000000000002020202020202020202020200000000000000020000000000000000000000000000000000000000000000000000
310
00000000000000000000000000000000000000000200000000000000000000000000000000020000000000000000000000000000000000000000000000000000000000000000000000000000000000000000000000000000000000000000000000000000000000000000000000000000000000000000000000000000000000
310
00000000000000000000000000000007000000000000000000000800000000000000000000000700000000000000040404040000000000000008000000040404000000000000000000000000070000000000000000000000080000000000000000000007000000000000000000000000000000000000000000000000000000
310
00000000000000000000000000000000000000000000000000000000000000000000000000000000000000000000040000000000000000000000000000000000000000000000000000000700000000000007000000000000000000000000000000000000000000000000000000000000000000000000000000000000000000
310
00000000000000000000000000000000000000000000000000000000000000000000000000000000000000000000000000000000000000000000000000000000000000000000000000000000000000000000000000020202020202020202020202000000000000000200000000000000000000000000000000000000000000
310
00000000000000000000000000000000000000000000000002000000000000000000000000000000000200000000000000000000000000000000000000000000000000000000000000000000000000000000000000000000000000000000000000000000000000000000000000000000000000000000000000000000000000
310
00000000000000000000000000000000000000070000000000000000000008000000000000000000000007000004040404040000000000000000000000080000000000000404040000000000000000070000000000000000000000000800000000000000000000070000000000000000000000000000000000000000000000
310
00000000000000000000000000000000000000000000000000000000000000000000000000000000000000000004040404000400000000000000000000000000000000000000000000000000000007000000000000070000000000000000000000000000000000000000000000000000000000000000000000000000000000
310
00000000000000000000000000000000000000000000000000000000000000000000000000000000000000000000000000000000000000000000000000000000000000000000000000000000000000000000000000000000000200000000020202020202020200000000000002000000000000000000000000000000000000
310
00000000000000000000000000000000000000000000000000000000020000000000000000000000000000000002000000000000000000000000000000000000000000000000000000000000000000000000000000000000000000000000000000000000000000000000000000000000000000000000000000000000000000
310
00000000000000000000000000000000000000000000000700000000000000000000080000000000000004040404040404000000000000000000000000000000000800000000000000000004040000000000000700000000000000000000000008000000000000000000070000000000000000000000000000000000000000
310
00000000000000000000000000000000000000000000000000000000000000000000000000000000000000000000000004000400000404000000000000000000000000000000000000000000000000000000070000000000000700000000000000000000000000000000000000000000000000000000000000000000000000
310
00000000000000000000000000000000000000000000000000000000000000000000000000000000000000000000000000000000000000000000000000000000000000000000000000000000000000000000000000000000000000000002020202020202020202020202000000000000020000000000000000000000000000
310
00000000000000000000000000000000000000000000000000000000000000000200000000000000000000000000000000020000000000000000000000000000000000000000000000000000000000000000000000000000000000000000000000000000000000000000000000000000000000000000000000000000000000
310
00000000000000000000000000000000000000000000000000000007000000000000000000000800000000000404000404000007000000000000000000000000000000000008000000000000000000000004040400000007000000000000000000000008080000000000000000000700000000000000000000000000000000
310
00000000000000000000000000000000000000000000000000000000000000000000000000000000000000000000000000000000040004000004040000000000000000000000000000000000000000000000000000000700000000000007000000000000000000000000000000000000000000000000000000000000000000
310
00000000000000000000000000000000000000000000000000000000000000000000000000000000000000000000000000000000000000000000000000000000000000000000000000000000000000000000000000000000000000000000000000020202020200020202020202000000000000000200000000000000000000
310
00000000000000000000000000000000000000000000000000000000000000000000000002000000000000000000000000000000000200000000000000000000000000000000000000000000000000000000000000000000000000000000000000000000000000000000000000000000000000000000000000000000000000
310
00000000000000000000000000000000000000000000000000000000000000070000000000000000000000080000000000000000000000070000000000000000000000000000000000080000000000000000000000000000040404070000000000000000000000080000000000000000000007000000000000000000000000
310
00000000000000000000000000000000000000000000000000000000000000000000000000000000000000000000000000000000000000000404000404000400000000000000000000000000000000000000000000000000000007000000000000070000000000000000000000000000000000000000000000000000000000
310
00000000000000000000000000000000000000000000000000000000000000000000000000000000000000000000000000000000000000000000000000000000000000000000000000000000000000000000000000000000000000000000000000000000000202020202020202020202020000000000000002000000000000
310
00000000000000000000000000000000000000000000000000000000000000000000000000000000020000000000000000000000000000000002000000000000000000000000000000000000000000000000000000000000000000000000000000000000000000000000000000000000000000000000000000000000000000
310
00000000000000000000000000000000000000000000000000000000000000000000000700000000000000000000000800000000000000000000000700000000000000000000000000000000000800000000000000000000000000000000070404000000000000000000000000000000000000000000070000000000000000
310
00000000000000000000000000000000000000000000000000000000000000000000000000000000000000000000000000000000000000000000000000000000000004000000000000000000000000000000000000000000000000000000070000000000000700000000000000000000000000000000000000000000000000
310
00000000000000000000000000000000000000000000000000000000000000000000000000000000000000000000000000000000000000000000000000000000000000000000000000000000000000000000000000000000000000000000000000000000000000000002020202020202020202020202000000000000020000
310
00000000000000000000000000000000000000000000000000000000000000000000000000000000000000000200000000000000000000000000000000020000000000000000000000000000000000000000000000000000000000000000000000000000000000000000000000000000000000000000000000000000000000
310
00000000000000000000000000000000000000000000000000000000000000000000000000000000070000000000000000000008000000000000000000000007000000000000000000000000000000000008000000000000000000000000000000000700000404040000000000000008000000000000000000000700000000
310
00000000000000000000000000000000000000000000000000000000000000000000000000000000000000000000000000000000000000000000000000000000000000000000040000000000000000000000000000000000000000000000000000000700000000000007000000000000000000000000000000000000000000
310
00000000000000000000000000000000000000000000000000000000000000000000000000000000000000000000000000000000000000000000000000000000000000000000000000000000000000000000000000000000000000000000000000000000000000000000000000020202020202020202020202000000000000
310
00020000000000000000000000000000000000000000000000000000000000000000000000000000000000000000000002000000000000000000000000000000000200000000000000000000000000000000000000000000000000000000000000000000000000000000000000000000000000000000000000000000000000
310
00000000000000000000000000000000000000000000000000000000000000000000000000000000000000000700000000000000000000080000000000000000000000000700000000000000000000000000000000000000000000000000000000000000000700000000000004040400000000080000000000000000000007
310
00000000000000000000000000000000000000000000000000000000000000000000000000000000000000000000000000000000000000000000000000000000000000000000000000000400000000000000000000000000000000000000000000000000000007000000000000070000000000000000000000000000000000
310
00000000000000000000000000000000000000000000000000000000000000000000000000000000000000000000000000000000000000000000000000000000000000000000000000000000000000000000000000000000000000000000000000000000000000000000000000000000000200020000000000020002020000
310
00000000000200000000000000000000000000000000000000000000000000000000000000000000000000000000000000000000020000000000000000000000000000000002000000000000000000000000000000000000000000000000000000000000000000000000000000000000000000000000000000000000000000
310
00000000000000000000000000000000000000000000000000000000000000000000000000000000000000000000000007000000000000000000000008000000000000000000000000070000000000000000000000000000000800000000000000000000000000000007000000000000000000040400080000000000000000
310
00000700000000000000000000000000000000000000000000000000000000000000000000000000000000000000000000000000000000000000000000000000000000000000000000000000000004000000000000000000000000000000000000000000000000000000070000000000000700000000000000000000000000
310
00000000000000000000000000000000000000000000000000000000000000000000000000000000000000000000000000000000000000000000000000000000000000000000000000000000000000000000000000000000000000000000000000000000000000000000000000000000000000000002000000000000000202
310
02020000000000000002000000000000000000000000000000000000000000000000000000000000000000000000000000000000000000000200000000000000000000000000000000020000000000000000000000000000000000000000000000000000000000000000000000000000000000000000000000000000000000
310
00000000000000000000000000000000000000000000000000000000000000000000000000000000000000000000000000000000000700000000000000000000080000000000000000000000000007000000000000000000000000000008000000000000000000000000000007000000000000000000000000040404040400
310
00000000000007000000000000000000000000000000000000000000000000000000000000000000000000000000000000000000000000000000000000000000000000000000000000000000000000000000040000000000000000000000000000000000000000000000000000000700000000000007000000000000000000
310
00000000000000000000000000000000000000000000000000000000000000000000000000000000000000000000000000000000000000000000000000000000000000000000000000000000000000000000000000000000000000000000000000000000000000000000000000000000000000000000000000020202020202
310
02020202020200000000000000020000000000000000000000000000000000000000000000000000000000000000000000000000000000000000000002000000000000000000000000000000000200000000000000000000000000000000000000000000000000000000000000000000000000000000000000000000000000
310
00000000000000000000000000000000000000000000000000000000000000000000000000000000000000000000000000000000000000000007000000000000000000000800000000000000000000000000070000000000000000000000000000080000000000000000000000000007000000000000000000000000000800
310
04040404000000000000070000000000000000000000000000000000000000000000000000000000000000000000000000000000000000000000000000000000000000000000000000000000000000000000000000000400000000000000000000000000000000000000000000000000000007000000000000070000000000
310
00000000000000000000000000000000000000000000000000000000000000000000000000000000000000000000000000000000000000000000000000000000000000000000000000000000000000000000000000000000000000000000000000000000000000000000000000000000000000000000000000000000000202
310
00020202020002020202000000000000000200000000000000000000000000000000000000000000000000000000000000000000000000000000000000000000020000000000000000000000000000000002000000000000000000000000000000000000000000000000000000000000000000000000000000000000000000
310
00000000000000000000000000000000000000000000000000000000000000000000000000000000000000000000000000000000000000000000000000070000000000000000000000080000000000000000000000000007000000000000000000000000000800000000000000000000000007000000000000000000000000
310
00000800000400000404040000000700000000000000000000000000000000000000000000000000000000000000000000000000000000000000000000000000000000000000000000000000000000000000000000000000000004000000000000000000000000000000000000000000000000000000070000000000000700
310
00000000000000000000000000000000000000000000000000000000000000000000000000000000000000000000000000000000000000000000000000000000000000000000000000000000000000000000000000000000000000000000000000000000000000000000000000000000000000000000000000000000000000
310
00000202020202000000020202020000000000000002000000000000000000000000000000000000000000000000000000000000000000000000000000000000000000000200000000000000000000000000000000020000000000000000000000000000000000000000000000000000000000000000000000000000000000
310
00000000000000000000000000000000000000000000000000000000000000000000000000000000000000000000000000000000000000000000000000000000000007000000000000000000000800000000000000000000000000000700000000000000000000000008000000000000000000000000070000000000000000
310
00000000000808000000000000000004040700000000000000000000000000000000000000000000000000000000000000000000000000000000000000000000000000000000000000000000000000000000000000000000000000000000040000000000000000000000000000000000000000000000000000000700000000
310
00000700000000000000000000000000000000000000000000000000000000000000000000000000000000000000000000000000000000000000000000000000000000000000000000000000000000000000000000000000000000000000000000000000000000000000000000000000000000000000000000000000000000
310
00000000000002020202020202020202020200000000000000020000000000000000000000000000000000000000000000000000000000000000000000000000000000000000000002000000000000000000000000000000000200000000000000000000000000000000000000000000000000000000000000000000000000
310
00000000000000000000000000000000000000000000000000000000000000000000000000000000000000000000000000000000000000000000000000000000000000000000070000000000000000000000080000000000000000000000080000070000000000000000000000080000000000000000000007070000080000
310
00000000000000000008000000000000000000000004040400000000000000000000000000000000000000000000000000000000000000000000000000000000000000000000000000000000000000000000000000000000000000000000000000000400000000000000000000000000000000000000000000000000000007
310
00000000000007000000000000000000000000000000000000000000000000000000000000000000000000000000000000000000000000000000000000000000000000000000000000000000000000000000000000000000000000000000000000000000000000000000000000000000000000000000000000000000000000
310
00000000000000000000020002000000020202020202000000000000000200000000000000000000000000000000000000000000000000000000000000000000000000000000000000000000020000000000000000000000000000000002000000000000000000000000000000000000000000000000000000000000000000
310
00000000000000000000000000000000000000000000000000000000000000000000000000000000000000000000000000000000000000000000000000000000000000000000000000000700000000000000000000000808000000000000000000080000000007070000000000000000000800000000000000000707000000
310
00000800000000000000000000080000000000000000000007000000040404000000000000000000000000000000000000000000000000000000000000000000000000000000000000000000000000000000000000000000000000000000000000000000000004000000000000000000000000000000000000000000000000
310
00000007000000000000070000000000000000000000000000000000000000000000000000000000000000000000000000000000000000000000000000000000000000000000000000000000000000000000000000000000000000000000000000000000000000000000000000000000000000000000000000000000000000
310
00000000000000000000000000000202020202000202020202020000000000000002000000000000000000000000000000000000000000000000000000000000000000000000000000000000000000000200000000000000000000000000000000020000000000000000000000000000000000000000000000000000000000
310
00000000000000000000000000000000000000000000000000000000000000000000000000000000000000000000000000000000000000000000000000000000000000000000000000000000000000070000000000000000000000080000070707070000080000000000000007070000000000000008000000000000070700
310
00000000000000080000040707070000080000000000000000000000070000000000000404000000000000000000000000000000000000000000000000000000000000000000000000000000000000000000000000000000000000000000000000000000000000000000040000000000000000000000000000000000000000
310
00000000000000070707070707070700000000000000000000000000000000000000000000000000000000000000000000000000000000000000000000000000000000000000000000000000000000000000000000000000000000000000000000000000000000000000000000000000000000000000000000000000000000
310
00000000000000000000000000000000000002020002020202020202020200000000000000020000000000000000000000000000000000000000000000000000000000000000000000000000000000000000000002000000000000000000000000000000000200000000000000000000000000000000000000000000000000
310
00000000000000000000000000000000000000000000000000000000000000000000000000000000000000000000000000000000000000000000000000000000000000000000000000000000000000000000000700000000000000000000000008070000000008080000000000000000000007070000000000080000000007
310
07000000000000000000000008070700000007080000000000000000000000000700000000000400000404040000000000000000000000000000000000000000000000000000000000000000000000000000000000000000000000000000000000000000000000000000000000000400000000000000000000000000000000
310
00000000000000000000000700000000000007000000000000000000000000000000000000000000000000000000000000000000000000000000000000000000000000000000000000000000000000000000000000000000000000000000000000000000000000000000000000000000000000000000000000000000000000
310
00000000000000000000000000000000000000000000020202020202020202020202000000000000000200000000000000000000000000000000000000000000000000000000000000000000000000000000000000000000020000000000000000000000000000000002000000000000000000000000000000000000000000
310
00000000000000000000000000000000000000000000000000000000000000000000000000000000000000000000000000000000000000000000000000000000000000000000000000000000000000000000000000000000070000000000000000000007080800000008000700000000000000000000000007070707070707
310
07070700000000000000000000000000070800000000080700000000000000000000000700000000000004040400000004040400000000000000000000000000000000000000000000000000000000000000000000000000000000000000000000000000000000000000000000000000000004000000000000000000000000
310
00000000000000000000000000000007070707070707070000000000000000000000000000000000000000000000000000000000000000000000000000000000000000000000000000000000000000000000000000000000000000000000000000000000000000000000000000000000000000000000000000000000000000
310
00000000000000000000000000000000000000000000000000000200000000000202020202020000000000000002000000000000000000000000000000000000000000000000000000000000000000000000000000000000000000000200000000000000000000000000000000020000000000000000000000000000000000
310
00000000000000000000000000000000000000000000000000000000000000000000000000000000000000000000000000000000000000000000000000000000000000000000000000000000000000000000000000000000000000000700000000000000000000070008000008000007000000000000000000000000000000
310
00000800000000000000000000000000000000070000080000080000070000000000000000000007000000000004040004040004040404040400000000000000000000000000000000000000000000000000000000000000000000000000000000000000000000000000000000000000000000000000040000000000000000
310
00000000000000000000000000000000000000070000000000000700000000000000000000000000000000000000000000000000000000000000000000000000000000000000000000000000000000000000000000000000000000000000000000000000000000000000000000000000000000000000000000000000000000
310
00000000000000000000000000000000000000000000000000000000000002020202020002020202020200000000000000020000000000000000000000000000000000000000000000000000000000000000000000000000000000000000000002000000000000000000000000000000000200000000000000000000000000
310
00000000000000000000000000000000000000000000000000000000000000000000000000000000000000000000000000000000000000000000000000000000000000000000000000000000000000000000000000000000000000000000000000070000000000000000070000000800080000000700000000000000000000
310
00000000000008000000000000000000000000000000000700000008080800000700000000000000000007000000000000040400040400000004040404040404000000000000000000000000000000000000000000000000000000000000000000000000000000000000000000000000000000000000000000000400000000
310
00000000000000000000000000000000000000000000000700000000000007000000000000000000000000000000000000000000000000000000000000000000000000000000000000000000000000000000000000000000000000000000000000000000000000000000000000000000000000000000000000000000000000
310
00000000000000000000000000000000000000000000000000000000000000000000020202020202020202020202000000000000000200000000000000000000000000000000000000000000000000000000000000000000000000000000000000000000020000000000000000000000000000000002000000000000000000
310
00000000000000000000000000000000000000000000000000000000000000000000000000000000000000000000000000000000000000000000000000000000000000000000000000000000000000000000000000000000000000000000000000000000000007000000000000000700000000080800000007000000000000
310
00000000000000000000080000000000000000000000000000000007000000080800000000070000000000000000070000000000000004040404000004040000040400000404040000000000000000000000000000000000000000000000000000000000000000000000000000000000000000000000000000000000000004
310
00000000000000000000000000000000000000000008080808080808080808080808080808080808000000000000000000000000000000000000000000000000000000000000000000000000000000000000000000000000000000000000000000000000000000000000000000000000000000000000000000000000000000
310
00000000000000000000000000000000000000000000000000000000000000000000000000000202020202000202020202020000000000000002000000000000000000000000000000000000000000000000000000000000000000000000000000000000000000000200000000000000000000000000000000020000000000
310
00000000000000000000000000000000000000000000000000000000000000000000000000000000000000000000000000000000000000000000000000000000000000000000000000000000000000000000000000000000000000000000000000000000000000000000070000000000000000070000080008000000070000
310
00000000000000000000000000000800000000000000000000000000000000070000080800080000070000000000000000070000000000000000000000000000040400000004000404040404040000000000000000000000000000000000000000000000000000000000000000000000000000000000000000000000000000
310
00000004000000000000000000000000000000000000000000000000000000070000000000000700000000000000000000000000000000000000000000000000000000000000000000000000000000000000000000000000000000000000000000000000000000000000000000000000000000000000000000000000000000
310
00000000000000000000000000000000000000000000000000000000000000000000000000000000000002020202020002020000020200000000000000020000000000000000000000000000000000000000000000000000000000000000000000000000000000000000000002000000000000000000000000000000000200
310
00000000000000000000000000000000000000000000000000000000000000000000000000000000000000000000000000000000000000000000000000000000000000000000000000000000000000000000000000000000000000000000000000000000000000000000000000000007000000000000000700080000000808
310
07000000000000000000000000000000000008000000000000000000000000000000000007080800000008000700000000000000000700000000000000000000000000000404040404000000040000040404040400000000000000000000000000000000000000000000000000000000000000000000000000000000000000
310
00000000000000040000000000000000000000000000000000000000000000000000000700000000000007000000000000000000000000000000000000000000000000000000000000000000000000000000000000000000000000000000000000000000000000000000000000000000000000000000000000000000000000
310
00000000000000000000000000000000000000000000000000000000000000000000000000000000000000000000020202020200020202020202000000000000000200000000000000000000000000000000000000000000000000000000000000000000000000000000000000000000020000000000000000000000000000
310
00000200000000000000000000000000000000000000000000000000000000000000000000000000000000000000000000000000000000000000000000000000000000000000000000000000000000000000000000000000000000000000000000000000000000000000000000000000000000070000000000000000080000
310
00000007080000000000000000000000000000000000080000000000000000000000000000000000080000000000000800000000000000000700000000000000000000000000000000040404040000040400000404000400040404000000000000000000000000000000000000000000000000000000000000000000000000
310
00000000000000000000000400000000000000000000000000000000000000000000000000000007000000000000070000000000000000000000000000000000000000000000000000000000000000000000000000000000000000000000000000000000000000000000000000000000000000000000000000000000000000
310
00000000000000000000000000000000000000000000000000000000000000000000000000000000000000000000000000000202020202000202000000020000000000000002000000000000000000000000000000000000000000000000000000000000000000000000000000000000000000000200000000000000000000
310
00000000000002000000000000000000000000000000000000000000000000000000000000000000000000000000000000000000000000000000000000000000000000000000000000000000000000000000000000000000000000000000000000000000000000000000000000000000000000000000000007000000000000
310
08000707000707000008080000000000000000000000000000000800000000000000000000000000000008080007070000070400080000000000000700000000000000000000000000000000000000000000000404000004040004040404000404000000000000000000000000000000000000000000000000000000000000
310
00000000000000000000000000000004000000000000000000000000000000000000000000000000000000070000000000000700000000000000000000000000000000000000000000000000000000000000000000000000000000000000000000000000000000000000000000000000000000000000000000000000000000
310
00000000000000000000000000000000000000000000000000000000000000000000000000000000000000000000000000000000000002020202000000020202020200000000000000020000000000000000000000000000000000000000000000000000000000000000000000000000000000000000000002000000000000
310
00000000000000000000020000000000000000000000000000000000000000000000000000000000000000000000000000000000000000000000000000000000000000000000000000000000000000000000000000000000000000000000000000000000000000000000000000000000000000000000000000000000000700
310
00000008000000000700000000000808080000000000000000000000000008000000000000000000000000000808080000000007070004040008000000000700000000000000000000000000000000000000000000000004040404040400000004000404000404040000000000000000000000000000000000000000000000
310
00000000000000000000000000000000000000040000000000000000000000000000000000000000000000000000000707070707070707000000000000000000000000000000000000000000000000000000000000000000000000000000000000000000000000000000000000000000000000000000000000000000000000
310
00000000000000000000000000000000000000000000000000000000000000000000000000000000000000000000000000000000000000000000020202020200020202020002000000000000000200000000000000000000000000000000000000000000000000000000000000000000000000000000000000000000020000
310
00000000000000000000000000000200000000000000000000000000000000000000000000000000000000000000000000000000000000000000000000000000000000000000000000000000000000000000000000000000000000000000000000000000000000000000000000000000000000000000000000000000000000
310
00000700000008000000000000000000000000000808000000000000000000000000080000000000000000000000080808000000000000000000040400000800000700000000000000000000000000000000000000000000000000000004040000000000000000040004040004040000000000000000000000000000000000
310
00000000000000000000000000000000000000000000000400000000000000000000000000000000000000000000000000000007000000000000070000000000000000000000000000000000000000000000000000000000000000000000000000000000000000000000000000000000000000000000000000000000000000
310
00000000000000000000000000000000000000000000000000000000000000000000000000000000000000000000000000000000000000000000000000000202020202000202020202020000000000000002000000000000000000000000000000000000000000000000000000000000000000000000000000000000000000
310
00020000000000000000000000000000000002000000000000000000000000000000000000000000000000000000000000000000000000000000000000000000000000000000000000000000000000000000000000000000000000000000000000000000000000000000000000000000000000000000000000000000000000
310
00000000000000070000000000000000000000000000000000000008080000000000000000000800000000000000000808080000000000000000000000000404040000000700000000000000000000000000000000000000000000000000000000000000000000040400040404000004000000000000000000000000000000
310
00000000000000000000000000000000000000000000000000000004000000000000000000000000000000000000000000000000000000070000000000000700000000000000000000000000000000000000000000000000000000000000000000000000000000000000000000000000000000000000000000000000000000
310
00000000000000000000000000000000000000000000000000000000000000000000000000000000000000000000000000000000000000000000000000000000000002020202020002000000020200000000000000020000000000000000000000000000000000000000000000000000000000000000000000000000000000
310
00000000000200000000000000000000000000000000020000000000000000000000000000000000000000000000000000000000000000000000000000000000000000000000000000000000000000000000000000000000000000000000000000000000000000000000000000000000000000000000000000000000000000
310
00000000000000000000000007070000000000000000000000000000000000000008080808000000000008000000000808080808000000000000000000000000000004040000000700000000000000000000000000000000000000000000000000000000000000000000000400040400040000040000000000000000000000
310
00000000000000000000000000000000000000000000000000000000000000040000000000000000000000000000000000000000000000000000000700000000000007000000000000000000000000000000000000000000000000000000000000000000000000000000000000000000000000000000000000000000000000
310
00000000000000000000000000000000000000000000000000000000000000000000000000000000000000000000000000000000000000000000000000000000000000000000020202020200020202020202000000000000000200000000000000000000000000000000000000000000000000000000000000000000000000
310
00000000000000000002000000000000000000000000000000000200000000000000000000000000000000000000000000000000000000000000000000000000000000000000000000000000000000000000000000000000000000000000000000000000000000000000000000000000000000000000000000000000000000
310
00000000000000000000000000000000000007000000000000000000000000000000000000000000000808080008080808080808000000000000000000000000000000000000000004000700000000000000000000000000000000000000000000000000000000000000000000000004040000000404040400000000000000
310
00000000000000000000000000000000000000000000000000000000000000000000000400000000000000000000000000000000000000000000000000000007000000000000070000000000000000000000000000000000000000000000000000000000000000000000000000000000000000000000000000000000000000
310
00000000000000000000000000000000000000000000000000000000000000000000000000000000000000000000000000000000000000000000000000000000000000000000000000000202020202000000020200020000000000000002000000000000000000000000000000000000000000000000000000000000000000
310
00000000000000000000000000020000000000000000000000000000000002000000000000000000000000000000000000000000000000000000000000000000000000000000000000000000000000000000000000000000000000000000000000000000000000000000000000000000000000000000000000000000000000
310
00000000000000000000000000000000000000000000000700000000000000000000000000000000000000000000000000000000000000000000000000000000000000000000000000000000040700000000000000000000000000000000000000000000000000000000000000000000000000000004000004000000000000
310
00000000000000000000000000000000000000000000000000000000000000000000000000000004000000000000000000000000000000000000000000000000000000070000000000000700000000000000000000000000000000000000000000000000000000000000000000000000000000000000000000000000000000
310
00000000000000000000000000000000000000000000000000000000000000000000000000000000000000000000000000000000000000000000000000000000000000000000000000000000000002000000000000000000000200000000000000020000000000000000000000000000000000000000000000000000000000
310
00000000000000000000000000000000000200000000000000000000000000000000020000000000000000000000000000000000000000000000000000000000000000000000000000000000000000000000000000000000000000000000000000000000000000000000000000000000000000000000000000000000000000
310
00000000000000000000000000000000000000000000000000000000070700000000000000000000000000000000000000000000000008000000000000000000000000000000000000000000000000000704000000000000000000000000000000000000000000000000000000000000000000000000000000000000040404
310
00000000000000000000000000000000000000000000000000000000000000000000000000000000000000040000000000000000000000000000000000000000000000000000000700000000000007000000000000000000000000000000000000000000000000000000000000000000000000000000000000000000000000
310
00000000000000000000000000000000000000000000000000000000000000000000000000000000000000000000000000000000000000000000000000000000000000000000000000000000000000000000020202020202020202020202000000000000000200000000000000000000000000000000000000000000000000
310
00000000000000000000000000000000000000000002000000000000000000000000000000000200000000000000000000000000000000000000000000000000000000000000000000000000000000000000000000000000000000000000000000000000000000000000000000000000000000000000000000000000000000
310
00000000000000000000000000000000000000000000000000000000000000000000070000000000000000000000000000000000000000000000080000000000000000000000000000000000000000000000070700040000000000000000000000000000000000000000000000000000000000000000000000000000000000
310
00000000000000000000000000000000000000000000000000000000000000000000000000000000000000000000000400000000000000000000000000000000000000000000000000000007000000000000070000000000000000000000000000000000000000000000000000000000000000000000000000000000000000
310
00000000000000000000000000000000000000000000000000000000000000000000000000000000000000000000000000000000000000000000000000000000000000000000000000000000000000000000000000000200000000000000000000020000000000000002000000000000000000000000000000000000000000
310
00000000000000000000000000000000000000000000000000020000000000000000000000000000000002000000000000000000000000000000000000000000000000000000000000000000000000000000000000000000000000000000000000000000000000000000000000000000000000000000000000000000000000
310
00000000000000000000000000000000000000000000000000000000000000000000000000000007070000000000000000000000000000000000000000000800000000000000000000000000000000000000000007070000000400000000000000000000000000000000000000000000000000000000000000000000000000
310
00000000000000000000000000000000000000000000000000000000000000000000000000000000000000000000000000000004000000000000000000000000000000000000000000000000000000070000000000000700000000000000000000000000000000000000000000000000000000000000000000000000000000
310
00000000000000000000000000000000000000000000000000000000000000000000000000000000000000000000000000000000000000000000000000000000000000000000000000000000000000000000000000000000000002000000000000000000000200000000000000020000000000000000000000000000000000
310
00000000000000000000000000000000000000000000000000000000000200000000000000000000000000000000020000000000000000000000000000000000000000000000000000000000000000000000000000000000000000000000000000000000000000000000000000000000000000000000000000000000000000
310
00000000000000000000000000000000000000000000000000000000000000000000000000000000000000000007070000000000000000000000000000000000000008000000000000000000000000000000000000000707000000000000040000000000000000000000000000000000000000000000000000000000000000
310
00000000000000000000000000000000000000000000000000000000000000000000000000000000000000000000000000000000000000040000000000000000000000000000000000000000000000000000000700000000000007000000000000000000000000000000000000000000000000000000000000000000000000
310
00000000000000000000000000000000000000000000000000000000000000000000000000000000000000000000000000000000000000000000000000000000000000000000000000000000000000000000000000000000000000000000020000000000000000000002000000000000000200000000000000000000000000
310
00000000000000000000000000000000000000000000000000000000000000000002000000000000000000000000000000000200000000000000000000000000000000000000000000000000000000000000000000000000000000000000000000000000000000000000000000000000000000000000000000000000000000
310
00000000000000000000000000000000000000000000000000000000000000000000000000000000000000000000000000000007070000000000000000000000000000000000080000000000000000000000000000000000070700000000000000000400000000000000000000000000000000000000000000000000000000
310
00000000000000000000000000000000000000000000000000000000000000000000000000000000000000000000000000000000000000000000000400000000000000000000000000000000000000000000000000000007000000000000070000000000000000000000000000000000000000000000000000000000000000
310
00000000000000000000000000000000000000000000000000000000000000000000000000000000000000000000000000000000000000000000000000000000000000000000000000000000000000000000000000000000000000000000000000000200000000000000000000020000000000000002000000000000000000
310
00000000000000000000000000000000000000000000000000000000000000000000000000020000000000000000000000000000000002000000000000000000000000000000000000000000000000000000000000000000000000000000000000000000000000000000000000000000000000000000000000000000000000
310
00000000000000000000000000000000000000000000000000000000000000000000000000000000000000000000000000000000000000000007070000000000000000000000000000000800000000000000000000000000000007070000000000000000000004000000000000000000000000000000000000000000000000
310
00000000000000000000000000000000000000000000000000000000000000000000000000000000000000000000000000000000000000000000000000000004000000000000000000000000000000000000000000000000000000070000000000000700000000000000000000000000000000000000000000000000000000
310
00000000000000000000000000000000000000000000000000000000000000000000000000000000000000000000000000000000000000000000000000000000000000000000000000000000000000000000000000000000000000000000000000000000000002000000000000000000000200000000000000020000000000
310
00000000000000000000000000000000000000000000000000000000000000000000000000000000000200000000000000000000000000000000020000000000000000000000000000000000000000000000000000000000000000000000000000000000000000000000000000000000000000000000000000000000000000
310
00000000000000000000000000000000000000000000000000000000000000000000000000000000000000000000000000000000000000000000000000000007070700000000000000000000000008000000000000000000000000070707000000000000000000000000000400000000000000000000000000000000000000
310
00000000000000000000000000000000000000000000000000000000000000000000000000000000000000000000000000000000000000000000000000000000000004040400000000000000000000000000000000000000000000000000000700000000000007000000000000000000000000000000000000000000000000
310
00000000000000000000000000000000000000000000000000000000000000000000000000000000000000000000000000000000000000000000000000000000000000000000000000000000000000000000000000000000000000000000000000000000000000000000020200000000000000000002000000000000000200
310
00000000000000000000000000000000000000000000000000000000000000000000000000000000000000000002000000000000000000000000000000000200000000000000000000000000000000000000000000000000000000000000000000000000000000000000000000000000000000000000000000000000000000
310
00000000000000000000000000000000000000000000000000000000000000000000000000000000000000000000000000000000000000000000000000000000000000000000070700000000000000000000080000000000000000070707070000000000000000000000000000000004000000000000000000000000000000
310
00000000000000000000000000000000000000000000000000000000000000000000000000000000000000000000000000000000000000000000000000000000000000000000040404000000000000000000000000000000000000000000000000000007000000000000070000000000000000000000000000000000000000
310
00000000000000000000000000000000000000000000000000000000000000000000000000000000000000000000000000000000000000000000000000000000000000000000000000000000000000000000000000000000000000000000000000000000000000000000000000000200000000000000000000020000000000
310
00000200000000000000000000000000000000000000000000000000000000000000000000000000000000000000000000020000000000000000000000000000000002000000000000000000000000000000000000000000000000000000000000000000000000000000000000000000000000000000000000000000000000
310
00000000000000000000000000000000000000000000000000000000000000000000000000000000000000000000000000000000000000000000000000000000000000000000000000000000070707070707070000000800000000070707070000000000000000000000000000000000000000000400000000000000000000
310
00000000000000000000000000000000000000000000000000000000000000000000000000000000000000000000000000000000000000000000000000000000000000000000000000000004000000000000000000000000000000000000000000000000000000070000000000000700000000000000000000000000000000
310
00000000000000000000000000000000000000000000000000000000000000000000000000000000000000000000000000000000000000000000000000000000000000000000000000000000000000000000000000000000000000000000000000000000000000000000000000000000000002000000000000000000000200
310
00000000000002000000000000000000000000000000000000000000000000000000000000000000000000000000000000000000000200000000000000000000000000000000020000000000000000000000000000000000000000000000000000000000000000000000000000000000000000000000000000000000000000
310
00000000000000000000000000000000000000000000000000000000000000000000000000000000000000000000000000000000000000000000000000000000000000000000000000000000000000000000000000000007070708070707070000000000000000000000000000000000000000000000000004000000000000
310
00000000000000000000000000000000000000000000000000000000000000000000000000000000000000000000000000000000000000000000000000000000000000000000000000000000000404040404040404040404040404040404040404040404040404040404040707070707070707000000000000000000000000
310
00000000000000000000000000000000000000000000000000000000000000000000000000000000000000000000000000000000000000000000000000000000000000000000000000000000000000000000000000000000000000000000000000000000000000000000000000000000000000000000020000000000000000
310
00000200000000000000020000000000000000000000000000000000000000000000000000000000000000000000000000000000000000000002000000000000000000000000000000000200000000000000000000000000000000000000000000000000000000000000000000000000000000000000000000000000000000
310
00000000000000000000000000000000000000000000000000000000000000000000000000000000000000000000000000000000000000000000000000000000000000000000000000000000000000000000000000000000000000000000080000000000000000000000000000000000000000000000000000000000040000
310
00000000000000000000000000000000000000000000000000000000000000000000000000000000000000000000000000000000000000000000000000000000000000000000000000000000000000000000000000000000000000000000000000000000000000000000000000000000000000000000000000000000000000
310
00000000000000000000000000000000000000000000000000000000000000000000000000000000000000000000000000000000000000000000000000000000000000000000000000000000000000000000000000000000000000000000000000000000000000000000000000000000000000000000000000000200000000
310
00000000000002000000000000000200000000000000000000000000000000000000000000000000000000000000000000000000000000000000000000020000000000000000000000000000000002000000000000000000000000000000000000000000000000000000000000000000000000000000000000000000000000
310
00000000000000000000000000000000000000000000000000000000000000000000000000000000000000000000000000000000000000000000000000000000000000000000000000000000000000000000000000000000000000000000000000000800000000000000000000000000000000000000000000000000000000
310
00000400000000000000000000000000000000000000000000000000000000000000000000000000000000000000000000000000000000000000000000000000000000000000000000000000000000000000000000000000000000000000000000000000000000000000000000000000000000000000000000000000000000
310
00000000000000000000000000000000000000000000000000000000000000000000000000000000000000000000000000000000000000000000000000000000000000000000000000000000000000000000000000000000000000000000000000000000000000000000000000000000000000000000000000000000000002
310
02000000000000000000020000000000000002000000000000000000000000000000000000000000000000000000000000000000000000000000000000000000000200000000000000000000000000000000020000000000000000000000000000000000000000000000000000000000000000000000000000000000000000
310
00000000000000000000000000000000000000000000000000000000000000000000000000000000000000000000000000000000000000000000000000000000000000000000000000000000000000000000000000000000000000000000000000000000000008000000000000000000000000000000000000000000000000
310
00000000000004000000000000000000000000000000000000000000000000000000000000000000000000000000000000000000000000000000000000000000000000000000000000000000000000000000000000000000000000000000000000000000000000000000000000000000000000000000000000000000000000
310
00000000000000000000000000000000000000000000000000000000000000000000000000000000000000000000000000000000000000000000000000000000000000000000000000000000000000000000000000000000000000000000000000000000000000000000000000000000000000000000000000000000000000
310
00000002000000000000000000000200000000000000020000000000000000000000000000000000000000000000000000000000000000000000000000000000000000000002000000000000000000000000000000000200000000000000000000000000000000000000000000000000000000000000000000000000000000
310
00000000000000000000000000000000000000000000000000000000000000000000000000000000000000000000000000000000000000000000000000000000000000000000000000000000000000000000000000000000000000000000000000000000000000000000080000000000000000000000000000000000000000
310
00000000000000000000040000000000000000000000000000000000000000000000000000000000000000000000000000000000000000000000000000000000000000000000000000000000000000000000000000000000000000000000000000000000000000000000000000000000000000000000000000000000000000
310
00000000000000000000000000000000000000000000000000000000000000000000000000000000000000000000000000000000000000000000000000000000000000000000000000000000000000000000000000000000000000000000000000000000000000000000000000000000000000000000000000000000000000
310
00000000000000020000000000000000000002000000000000000200000000000000000000000000000000000000000000000000000000000000000000000000000000000000000000020000000000000000000000000000000002000000000000000000000000000000000000000000000000000000000000000000000000
310
00000000000000000000000000000000000000000000000000000000000000000000000000000000000000000000000000000000000000000000000000000000000000000000000000000000000000000000000000000000000000000000000000000000000000000000000000000800000000000000000000000000000000
310
00000000000000000000000000000004000000000000000000000000000000000000000000000000000000000000000000000000000000000000000000000000000000000000000000000000000000000000000000000000000000000000000000000000000000000000000000000000000000000000000000000000000000
310
00000000000000000000000000000000000000000000000000000000000000000000000000000000000000000000000000000000000000000000000000000000000000000000000000000000000000000000000000000000000000000000000000000000000000000000000000000000000000000000000000000000000000
310
00000000000000000000000200000000000000000000020000000000000002000000000000000000000000000000000000000000000000000000000000000000000000000000000000000000000200000000000000000000000000000000020000000000000000000000000000000000000000000000000000000000000000
310
00000000000000000000000000000000000000000000000000000000000000000000000000000000000000000000000000000000000000000000000000000000000000000000000000000000000000000000000000000000000000000000000000000000000000000000000000000000000000000000000000000000000000
310
00000000000000000000000000000000000000040000000000000000000000000000000000000000000000000000000000000000000000000000000000000000000000000000000000000000000000000000000000000000000000000000000000000000000000000000000000000000000000000000000000000000000000
310
00000000000000000000000000000000000000000000000000000000000000000000000000000000000000000000000000000000000000000000000000000000000000000000000000000000000000000000000000000000000000000000000000000000000000000000000000000000000000000000000000000000000000
310
00000000000000000000000000000002000000000000000000000200000000000000020000000000000000000000000000000000000000000000000000000000000000000000000000000000000000000002000000000000000000000000000000000200000000000000000000000000000000000000000000000000000000
310
00000000000000000000000000000000000000000000000000000000000000000000000000000000000000000000000000000000000000000000000000000000000000000000000000000000000000000000000000000000000000000000000000000000000000000000000000000000000000000000000000000000000000
310
00000000000000000000000000000000000000000000000004000000000000000000000000000000000000000000000000000000000000000000000000000000000000000000000000000000000000000000000000000000000000000000000000000000000000000000000000000000000000000000000000000000000000
310
00000000000000000000000000000000000000000000000000000000000000000000000000000000000000000000000000000000000000000000000000000000000000000000000000000000000000000000000000000000000000000000000000000000000000000000000000000000000000000000000000000000000000
310
00000000000000000000000000000000000000020000000000000000000002000000000000000200000000000000000000000000000000000000000000000000000000000000000000000000000000000000000000020000000000000000000000000000000002000000000000000000000000000000000000000000000000
310
00000000000000000000000000000000000000000000000000000000000000000000000000000000000000000000000000000000000000000000000000000000000000000000000000000000000000000000000000000000000000000000000000000000000000000000000000000000000000000000000000000000000000
310
00000000000000000000000000000000000000000000000000000000040404040404040404040404040404040404040404040404040404040404040404040404040404040404040404000000000000000000000000000000000000000000000000000000000000000000000000000000000000000000000000000000000000
310
00000000000000000000000000000000000000000000000000000000000000000000000000000000000000000000000000000000000000000000000000000000000000000000000000000000000000000000000000000000000000000000000000000000000000000000000000000000000000000000000000000000000000
310
00000000000000000000000000000000000000000000000202000000000000000000020000000000000002000000000000000000000000000000000000000000000000000000000000000000000000000000000000000000000200000000000000000000000000000000020000000000000000000000000000000000000000
310
00000000000000000000000000000000000000000000000000000000000000000000000000000000000000000000000000000000000000000000000000000000000000000000000000000000000000000000000000000000000000000000000000000000000000000000000000000000000000000000000000000000000000
310
00000000000000000000000000000000000000000000000000000000000000000000000004000000000000040400000000040400000000000400000404000004040404040000000404040000000000000000000000000000000000000000000000000000000000000000000000000000000000000000000000000000000000
310
00000000000000000000000000000000000000000000000000000000000000000000000000000000000000000000000000000000000000000000000000000000000000000000000000000000000000000000000000000000000000000000000000000000000000000000000000000000000000000000000000000000000000
310
00000000000000000000000000000000000000000000000000000002000000000000000000000200000000000000020000000000000000000000000000000000000000000000000000000000000000000000000000000000000000000002000000000000000000000000000000000200000000000000000000000000000000
310
00000000000000000000000000000000000000000000000000000000000000000000000000000000000000000000000000000000000000000000000000000000000000000000000000000000000000000000000000000000000000000000000000000000000000000000000000000000000000000000000000000000000000
310
00000000000000000000000000000000000000000000000000000000000000000000000000000000040004040404040004040404040404000000040000040004040004000404040400000000000404040000000000000000000000000000000000000000000000000000000000000000000000000000000000000000000000
310
00000000000000000000000000000000000000000000000000000000000000000000000000000000000000000000000000000000000000000000000000000000000000000000000000000000000000000000000000000000000000000000000000000000000000000000000000000000000000000000000000000000000000
310
00000000000000000000000000000000000000000000000000000000000000020002020000000000000002000000000000000200000000000000000000000000000000000000000000000000000000000000000000000000000000000000000000020000000000000000000000000000000002000000000000000000000000
310
00000000000000000000000000000000000000000000000000000000000000000000000000000000000000000000000000000000000000000000000000000000000000000000000000000000000000000000000000000000000000000000000000000000000000000000000000000000000000000000000000000000000000
310
00000000000000000000000000000000000000000000000000000000000000000000000000000000000404040404000404000004040400000004040404040400000400040404040400040404000004040400000404000000000000000000000000000000000000000000000000000000000000000000000000000000000000
310
00000000000000000000000000000000000000000000000000000000000000000000000000000000000000000000000000000000000000000000000000000000000000000000000000000000000000000000000000000000000000000000000000000000000000000000000000000000000000000000000000000000000000
310
00000000000000000000000000000000000000000000000000000000000000000000000200000000000000000000020000000000000002000000000000000000000000000000000000000000000000000000000000000000000000000000000000000000000200000000000000000000000000000000020000000000000000
310
00000000000000000000000000000000000000000000000000000000000000000000000000000000000000000000000000000000000000000000000000000000000000000000000000000000000000000000000000000000000000000000000000000000000000000000000000000000000000000000000000000000000000
310
00000000000000000000000000000000000000000000000000000000000000000000000000000000000000000000040004000400040404000004000404040404040004000004000404040004040404040404040404000004000000000000000000000000000000000000000000000000000000000000000000000000000000
310
00000000000000000000000000000000000000000000000000000000000000000000000000000000000000000000000000000000000000000000000000000000000000000000000000000000000000000000000000000000000000000000000000000000000000000000000000000000000000000000000000000000000000
310
00000000000000000000000000000000000000000000000000000000000000000000000000000002000000000000000000000200000000000000020000000000000000000000000000000000000000000000000000000000000000000000000000000000000000000002000000000000000000000000000000000200000000
310
00000000000000000000000000000000000000000000000000000000000000000000000000000000000000000000000000000000000000000000000000000000000000000000000000000000000000000000000000000000000000000000000000000000000000000000000000000000000000000000000000000000000000
310
00000000000000000000000000000000000000000000000000000000000000000000000000000000000000000000000000000004040000000000040000040000000404040000040400040004040000000000040400000004040400000000000000000000000000000000000000000000000000000000000000000000000000
310
00000000000000000000000000000000000000000000000000000000000000000000000000000000000000000000000000000000000000000000000000000000000000000000000000000000000000000000000000000000000000000000000000000000000000000000000000000000000000000000000000000000000000
310
00000000000000000000000000000000000000000000000000000000000000000000000000000000000000020202020202020202020202000000000000000200000000000000000000000000000000000000000000000000000000000000000000000000000000000000000000020000000000000000000000000000000002
310
00000000000000000000000000000000000000000000000000000000000000000000000000000000000000000000000000000000000000000000000000000000000000000000000000000000000000000000000000000000000000000000000000000000000000000000000000000000000000000000000000000000000000
310
00000000000000000000000000000000000000000000000000000000000000000000000000000000000000000000000000000000000000000400000000000404040400000404000000000000000400040400000000000404000000040400000000000000000000000000000000000000000000000000000000000000000000
310
00000000000000000000000000000000000000000000000000000000000000000000000000000000000000000000000000000000000000000000000000000000000000000000000000000000000000000000000000000000000000000000000000000000000000000000000000000000000000000000000000000000000000
310
00000000000000000000000000000000000000000000000000000000000000000000000000000000000000000000000200020202020000000000020000000000000002000000000000000000000000000000000000000000000000000000000000000000000000000000000000000000000200000000000000000000000000
310
00000002000000000000000000000000000000000000000000000000000000000000000000000000000000000000000000000000000000000000000000000000000000000000000000000000000000000000000000000000000000000000000000000000000000000000000000000000000000000000000000000000000000
310
00000000000000000000000000000000000000000000000000000000000000000000000000000000000000000000000000000000000000000000000000000000000000000000000000000000000000000000000000000000000000000000000000000000000000000000000000000000000000000000000000000000000000
310
00000000000000000000000000000000000000000000000000000000000000000000000000000000000000000000000000000000000000000000000000000000000000000000000000000000000000000000000000000000000000000000000000000000000000000000000000000000000000000000000000000000000000
310
00000000000000000000000000000000000000000000000000000000000000000000000000000000000000000000000000000002000202020200000000000200000000000000020000000000000000000000000000000000000000000000000000000000000000000000000000000000000000000002000000000000000000
310
00000000000000020000000000000000000000000000000000000000000000000000000000000000000000000000000000000000000000000000000000000000000000000000000000000000000000000000000000000000000000000000000000000000000000000000000000000000000000000000000000000000000000
310
00000000000000000000000000000000000000000000000000000000000000000000000000000000000000000000000000000000000000000000000000000000000000000000000000000000000000000000000000000000000000000000000000000000000000000000000000000000000000000000000000000000000000
310
00000000000000000000000000000000000000000000000000000000000000000000000000000000000000000000000000000000000000000000000000000000000000000000000000000000000000000000000000000000000000000000000000000000000000000000000000000000000000000000000000000000000000
310
00000000000000000000000000000000000000000000000000000000000000000000000000000000000000000000000000000000000000020002020202000000000002000000000000000200000000000000000000000000000000000000000000000000000000000000000000000000000000000000000000020000000000
310
00000000000000000000000200000000000000000000000000000000000000000000000000000000000000000000000000000000000000000000000000000000000000000000000000000000000000000000000000000000000000000000000000000000000000000000000000000000000000000000000000000000000000
310
00000000000000000000000000000000000000000000000000000000000000000000000000000000000000000000000000000000000000000000000000000000000000000000000000000000000000000000000000000000000000000000000000000000000000000000000000000000000000000000000000000000000000
310
00000000000000000000000000000000000000000000000000000000000000000000000000000000000000000000000000000000000000000000000000000000000000000000000000000000000000000000000000000000000000000000000000000000000000000000000000000000000000000000000000000000000000
310
00000000000000000000000000000000000000000000000000000000000000000000000000000000000000000000000000000000000000000000000200020202020000000000020000000000000002000000000000000000000000000000000000000000000000000000000000000000000000000000000000000000000200
310
00000000000000000000000000000002000000000000000000000000000000000000000000000000000000000000000000000000000000000000000000000000000000000000000000000000000000000000000000000000000000000000000000000000000000000000000000000000000000000000000000000000000000
310
00000000000000000000000000000000000000000000000000000000000000000000000000000000000000000000000000000000000000000000000000000000000000000000000000000000000000000000000000000000000000000000000000000000000000000000000000000000000000000000000000000000000000
310
00000000000000000000000000000000000000000000000000000000000000000000000000000000000000000000000000000000000000000000000000000000000000000000000000000000000000000000000000000000000000000000000000000000000000000000000000000000000000000000000000000000000000
310
00000000000000000000000000000000000000000000000000000000000000000000000000000000000000000000000000000000000000000000000000000002000202020200000000000200000000000000020000000000000000000000000000000000000000000000000000000000000000000000000000000000000000
310
00000200000000000000000000000000000000020000000000000000000000000000000000000000000000000000000000000000000000000000000000000000000000000000000000000000000000000000000000000000000000000000000000000000000000000000000000000000000000000000000000000000000000
310
00000000000000000000000000000000000000000000000000000000000000000000000000000000000000000000000000000000000000000000000000000000000000000000000000000000000000000000000000000000000000000000000000000000000000000000000000000000000000000000000000000000000000
310
00000000000000000000000000000000000000000000000000000000000000000000000000000000000000000000000000000000000000000000000000000000000000000000000000000000000000000000000000000000000000000000000000000000000000000000000000000000000000000000000000000000000000
310
00000000000000000000000000000000000000000000000000000000000000000000000000000000000000000000000000000000000000000000000000000000000000020002020202000000000002000000000000000200000000000000000000000000000000000000000000000000000000000000000000000000000000
310
00000000000002000000000000000000000000000000000200000000000000000000000000000000000000000000000000000000000000000000000000000000000000000000000000000000000000000000000000000000000000000000000000000000000000000000000000000000000000000000000000000000000000
310
00000000000000000000000000000000000000000000000000000000000000000000000000000000000000000000000000000000000000000000000000000000000000000000000000000000000000000000000000000000000000000000000000000000000000000000000000000000000000000000000000000000000000
310
00000000000000000000000000000000000000000000000000000000000000000000000000000000000000000000000000000000000000000000000000000000000000000000000000000000000000000000000000000000000000000000000000000000000000000000000000000000000000000000000000000000000000
310
00000000000000000000000000000000000000000000000000000000000000000000000000000000000000000000000000000000000000000000000000000000000000000000000200020202020000000000020000000000000002000000000000000000000000000000000000000000000000000000000000000000000000
310
00000000000000000000020000000000000000000000000000000002000000000000000000000000000000000000000000000000000000000000000000000000000000000000000000000000000000000000000000000000000000000000000000000000000000000000000000000000000000000000000000000000000000
310
00000000000000000000000000000000000000000000000000000000000000000000000000000000000000000000000000000000000000000000000000000000000000000000000000000000000000000000000000000000000000000000000000000000000000000000000000000000000000000000000000000000000000
310
00000000000000000000000000000000000000000000000000000000000000000000000000000000000000000000000000000000000000000000000000000000000000000000000000000000000000000000000000000000000000000000000000000000000000000000000000000000000000000000000000000000000000
310
00000000000000000000000000000000000000000000000000000000000000000000000000000000000000000000000000000000000000000000000000000000000000000000000000000002000202020200000000000200000000000000020000000000000000000000000000000000000000000000000000000000000000
310
00000000000000000000000000000200000000000000000000000000000000020000000000000000000000000000000000000000000000000000000000000000000000000000000000000000000000000000000000000000000000000000000000000000000000000000000000000000000000000000000000000000000000
310
00000000000000000000000000000000000000000000000000000000000000000000000000000000000000000000000000000000000000000000000000000000000000000000000000000000000000000000000000000000000000000000000000000000000000000000000000000000000000000000000000000000000000
310
00000000000000000000000000000000000000000000000000000000000000000000000000000000000000000000000000000000000000000000000000000000000000000000000000000000000000000000000000000000000000000000000000000000000000000000000000000000000000000000000000000000000000
310
00000000000000000000000000000000000000000000000000000000000000000000000000000000000000000000000000000000000000000000000000000000000000000000000000000000000000020002020202000000000002000000000000000200000000000000000000000000000000000000000000000000000000
310
00000000000000000000000000000000000002000000000000000000000000000000000200000000000000000000000000000000000000000000000000000000000000000000000000000000000000000000000000000000000000000000000000000000000000000000000000000000000000000000000000000000000000
310
00000000000000000000000000000000000000000000000000000000000000000000000000000000000000000000000000000000000000000000000000000000000000000000000000000000000000000000000000000000000000000000000000000000000000000000000000000000000000000000000000000000000000
310
00000000000000000000000000000000000000000000000000000000000000000000000000000000000000000000000000000000000000000000000000000000000000000000000000000000000000000000000000000000000000000000000000000000000000000000000000000000000000000000000000000000000000
310
00000000000000000000000000000000000000000000000000000000000000000000000000000000000000000000000000000000000000000000000000000000000000000000000000000000000000000000000200020202020000000000020000000000000002000000000000000000000000000000000000000000000000
310
00000000000000000000000000000000000000000000020000000000000000000000000000000002000000000000000000000000000000000000000000000000000000000000000000000000000000000000000000000000000000000000000000000000000000000000000000000000000000000000000000000000000000
310
00000000000000000000000000000000000000000000000000000000000000000000000000000000000000000000000000000000000000000000000000000000000000000000000000000000000000000000000000000000000000000000000000000000000000000000000000000000000000000000000000000000000000
310
00000000000000000000000000000000000000000000000000000000000000000000000000000000000000000000000000000000000000000000000000000000000000000000000000000000000000000000000000000000000000000000000000000000000000000000000000000000000000000000000000000000000000
310
00000000000000000000000000000000000000000000000000000000000000000000000000000000000000000000000000000000000000000000000000000000000000000000000000000000000000000000000000000002000202020200000000000200000000000000020000000000000000000000000000000000000000
310
00000000000000000000000000000000000000000000000000000200000000000000000000000000000000020000000000000000000000000000000000000000000000000000000000000000000000000000000000000000000000000000000000000000000000000000000000000000000000000000000000000000000000
310
00000000000000000000000000000000000000000000000000000000000000000000000000000000000000000000000000000000000000000000000000000000000000000000000000000000000000000000000000000000000000000000000000000000000000000000000000000000000000000000000000000000000000
310
00000000000000000000000000000000000000000000000000000000000000000000000000000000000000000000000000000000000000000000000000000000000000000000000000000000000000000000000000000000000000000000000000000000000000000000000000000000000000000000000000000000000000
310
00000000000000000000000000000000000000000000000000000000000000000000000000000000000000000000000000000000000000000000000000000000000000000000000000000000000000000000000000000000000000020002020202000000000002000000000000000200000000000000000000000000000000
310
00000000000000000000000000000000000000000000000000000000000002000000000000000000000000000000000200000000000000000000000000000000000000000000000000000000000000000000000000000000000000000000000000000000000000000000000000000000000000000000000000000000000000
310
00000000000000000000000000000000000000000000000000000000000000000000000000000000000000000000000000000000000000000000000000000000000000000000000000000000000000000000000000000000000000000000000000000000000000000000000000000000000000000000000000000000000000
310
00000000000000000000000000000000000000000000000000000000000000000000000000000000000000000000000000000000000000000000000000000000000000000000000000000000000000000000000000000000000000000000000000000000000000000000000000000000000000000000000000000000000000
310
00000000000000000000000000000000000000000000000000000000000000000000000000000000000000000000000000000000000000000000000000000000000000000000000000000000000000000000000000000000000000000000000200000000000000000000020000000000000002000000000000000000000000
310
00000000000000000000000000000000000000000000000000000000000000000000020000000000000000000000000000000002000000000000000000000000000000000000000000000000000000000000000000000000000000000000000000000000000000000000000000000000000000000000000000000000000000
310
00000000000000000000000000000000000000000000000000000000000000000000000000000000000000000000000000000000000000000000000000000000000000000000000000000000000000000000000000000000000000000000000000000000000000000000000000000000000000000000000000000000000000
310
00000000000000000000000000000000000000000000000000000000000000000000000000000000000000000000000000000000000000000000000000000000000000000000000000000000000000000000000000000000000000000000000000000000000000000000000000000000000000000000000000000000000000
310
00000000000000000000000000000000000000000000000000000000000000000000000000000000000000000000000000000000000000000000000000000000000000000000000000000000000000000000000000000000000000000000000000000002000000000000000000000200000000000000020000000000000000
310
00000000000000000000000000000000000000000000000000000000000000000000000000000200000000000000000000000000000000020000000000000000000000000000000000000000000000000000000000000000000000000000000000000000000000000000000000000000000000000000000000000000000000
310
00000000000000000000000000000000000000000000000000000000000000000000000000000000000000000000000000000000000000000000000000000000000000000000000000000000000000000000000000000000000000000000000000000000000000000000000000000000000000000000000000000000000000
310
00000000000000000000000000000000000000000000000000000000000000000000000000000000000000000000000000000000000000000000000000000000000000000000000000000000000000000000000000000000000000000000000000000000000000000000000000000000000000000000000000000000000000
310
00000000000000000000000000000000000000000000000000000000000000000000000000000000000000000000000000000000000000000000000000000000000000000000000000000000000000000000000000000000000000000000000000000000000000020202020202020202020202000000000000000200000000
310
00000000000000000000000000000000000000000000000000000000000000000000000000000000000002000000000000000000000000000000000200000000000000000000000000000000000000000000000000000000000000000000000000000000000000000000000000000000000000000000000000000000000000
310
00000000000000000000000000000000000000000000000000000000000000000000000000000000000000000000000000000000000000000000000000000000000000000000000000000000000000000000000000000000000000000000000000000000000000000000000000000000000000000000000000000000000000
310
00000000000000000000000000000000000000000000000000000000000000000000000000000000000000000000000000000000000000000000000000000000000000000000000000000000000000000000000000000000000000000000000000000000000000000000000000000000000000000000000000000000000000
310
00000000000000000000000000000000000000000000000000000000000000000000000000000000000000000000000000000000000000000000000000000000000000000000000000000000000000000000000000000000000000000000000000000000000000000000000202000000000000000000020000000000000002
310
00000000000000000000000000000000000000000000000000000000000000000000000000000000000000000000020000000000000000000000000000000002000000000000000000000000000000000000000000000000000000000000000000000000000000000000000000000000000000000000000000000000000000
310
00000000000000000000000000000000000000000000000000000000000000000000000000000000000000000000000000000000000000000000000000000000000000000000000000000000000000000000000000000000000000000000000000000000000000000000000000000000000000000000000000000000000000
310
00000000000000000000000000000000000000000000000000000000000000000000000000000000000000000000000000000000000000000000000000000000000000000000000000000000000000000000000000000000000000000000000000000000000000000000000000000000000000000000000000000000000000
310
00000000000000000000000000000000000000000000000000000000000000000000000000000000000000000000000000000000000000000000000000000000000000000000000000000000000000000000000000000000000000000000000000000000000000000000000000000002020202000000000000000200000000
310
00000002000000000000000000000000000000000000000000000000000000000000000000000000000000000000000000000200000000000000000000000000000000020000000000000000000000000000000000000000000000000000000000000000000000000000000000000000000000000000000000000000000000
310
00000000000000000000000000000000000000000000000000000000000000000000000000000000000000000000000000000000000000000000000000000000000000000000000000000000000000000000000000000000000000000000000000000000000000000000000000000000000000000000000000000000000000
310
00000000000000000000000000000000000000000000000000000000000000000000000000000000000000000000000000000000000000000000000000000000000000000000000000000000000000000000000000000000000000000000000000000000000000000000000000000000000000000000000000000000000000
310
00000000000000000000000000000000000000000000000000000000000000000000000000000000000000000000000000000000000000000000000000000000000000000000000000000000000000000000000000000000000000000000000000000000000000000000000000000000000000020200000202000000000002
310
00000000000000020000000000000000000000000000000000000000000000000000000000000000000000000000000000000000000002000000000000000000000000000000000200000000000000000000000000000000000000000000000000000000000000000000000000000000000000000000000000000000000000
310
00000000000000000000000000000000000000000000000000000000000000000000000000000000000000000000000000000000000000000000000000000000000000000000000000000000000000000000000000000000000000000000000000000000000000000000000000000000000000000000000000000000000000
310
00000000000000000000000000000000000000000000000000000000000000000000000000000000000000000000000000000000000000000000000000000000000000000000000000000000000000000000000000000000000000000000000000000000000000000000000000000000000000000000000000000000000000
310
00000000000000000000000000000000000000000000000000000000000000000000000000000000000000000000000000000000000000000000000000000000000000000000000000000000000000000000000000000000000000000000000000000000000000000000000000000000000000000000000202020000000202
310
00000002000000000000000200000000000000000000000000000000000000000000000000000000000000000000000000000000000000000000020000000000000000000000000000000002000000000000000000000000000000000000000000000000000000000000000000000000000000000000000000000000000000
310
00000000000000000000000000000000000000000000000000000000000000000000000000000000000000000000000000000000000000000000000000000000000000000000000000000000000000000000000000000000000000000000000000000000000000000000000000000000000000000000000000000000000000
310
00000000000000000000000000000000000000000000000000000000000000000000000000000000000000000000000000000000000000000000000000000000000000000000000000000000000000000000000000000000000000000000000000000000000000000000000000000000000000000000000000000000000000
310
00000000000000000000000000000000000000000000000000000000000000000000000000000000000000000000000000000000000000000000000000000000000000000000000000000000000000000000000000000000000000000000000000000000000000000000000000000000000000000000000000000002020000
310
00000000020200020000000000000002000000000000000000000000000000000000000000000000000000000000000000000000000000000000000000000200000000000000000000000000000000020000000000000000000000000000000000000000000000000000000000000000000000000000000000000000000000
310
00000000000000000000000000000000000000000000000000000000000000000000000000000000000000000000000000000000000000000000000000000000000000000000000000000000000000000000000000000000000000000000000000000000000000000000000000000000000000000000000000000000000000
310
00000000000000000000000000000000000000000000000000000000000000000000000000000000000000000000000000000000000000000000000000000000000000000000000000000000000000000000000000000000000000000000000000000000000000000000000000000000000000000000000000000000000000
310
00000000000000000000000000000000000000000000000000000000000000000000000000000000000000000000000000000000000000000000000000000000000000000000000000000000000000000000000000000000000000000000000000000000000000000000000000000000000000000000000000000000000000
310
02020002020202020200000200000000000000020000000000000000000000000000000000000000000000000000000000000000000000000000000000000000000002000000000000000000000000000000000200000000000000000000000000000000000000000000000000000000000000000000000000000000000000
310
00000000000000000000000000000000000000000000000000000000000000000000000000000000000000000000000000000000000000000000000000000000000000000000000000000000000000000000000000000000000000000000000000000000000000000000000000000000000000000000000000000000000000
310
00000000000000000000000000000000000000000000000000000000000000000000000000000000000000000000000000000000000000000000000000000000000000000000000000000000000000000000000000000000000000000000000000000000000000000000000000000000000000000000000000000000000000
310
00000000000000000000000000000000000000000000000000000000000000000000000000000000000000000000000000000000000000000000000000000000000000000000000000000000000000000000000000000000000000000000000000000000000000000000000000000000000000000000000000000000000000
310
00000000020202020202020202000002000000000000000200000000000000000000000000000000000000000000000000000000000000000000000000000000000000000000020000000000000000000000000000000002000000000000000000000000000000000000000000000000000000000000000000000000000000
310
00000000000000000000000000000000000000000000000000000000000000000000000000000000000000000000000000000000000000000000000000000000000000000000000000000000000000000000000000000000000000000000000000000000000000000000000000000000000000000000000000000000000000
310
00000000000000000000000000000000000000000000000000000000000000000000000000000000000000000000000000000000000000000000000000000000000000000000000000000000000000000000000000000000000000000000000000000000000000000000000000000000000000000000000000000000000000
310
00000000000000000000000000000000000000000000000000000000000000000000000000000000000000000000000000000000000000000000000000000000000000000000000000000000000000000000000000000000000000000000000000000000000000000000000000000000000000000000000000000000000000
310
00000000000000000202020202020002020000020000000000000002000000000000000000000000000000000000000000000000000000000000000000000000000000000000000000000200000000000000000000000000000000020000000000000000000000000000000000000000000000000000000000000000000000
310
00000000000000000000000000000000000000000000000000000000000000000000000000000000000000000000000000000000000000000000000000000000000000000000000000000000000000000000000000000000000000000000000000000000000000000000000000000000000000000000000000000000000000
310
00000000000000000000000000000000000000000000000000000000000000000000000000000000000000000000000000000000000000000000000000000000000000000000000000000000000000000000000000000000000000000000000000000000000000000000000000000000000000000000000000000000000000
310
00000000000000000000000000000000000000000000000000000000000000000000000000000000000000000000000000000000000000000000000000000000000000000000000000000000000000000000000000000000000000000000000000000000000000000000000000000000000000000000000000000000000000
310
00000000000000000000000002020202020202020000000200000000000000020000000000000000000000000000000000000000000000000000000000000000000000000000000000000000000002000000000000000000000000000000000200000000000000000000000000000000000000000000000000000000000000
310
00000000000000000000000000000000000000000000000000000000000000000000000000000000000000000000000000000000000000000000000000000000000000000000000000000000000000000000000000000000000000000000000000000000000000000000000000000000000000000000000000000000000000
310
00000000000000000000000000000000000000000000000000000000000000000000000000000000000000000000000000000000000000000000000000000000000000000000000000000000000000000000000000000000000000000000000000000000000000000000000000000000000000000000000000000000000000
310
00000000000000000000000000000000000000000000000000000000000000000000000000000000000000000000000000000000000000000000000000000000000000000000000000000000000000000000000000000000000000000000000000000000000000000000000000000000000000000000000000000000000000
310
00000000000000000000000000000000020200020202020200000002000000000000000200000000000000000000000000000000000000000000000000000000000000000000000000000000000000000000020000000000000000000000000000000002000000000000000000000000000000000000000000000000000000
310
00000000000000000000000000000000000000000000000000000000000000000000000000000000000000000000000000000000000000000000000000000000000000000000000000000000000000000000000000000000000000000000000000000000000000000000000000000000000000000000000000000000000000
310
00000000000000000000000000000000000000000000000000000000000000000000000000000000000000000000000000000000000000000000000000000000000000000000000000000000000000000000000000000000000000000000000000000000000000000000000000000000000000000000000000000000000000
310
00000000000000000000000000000000000000000000000000000000000000000000000000000000000000000000000000000000000000000000000000000000000000000000000000000000000000000000000000000000000000000000000000000000000000000000000000000000000000000000000000000000000000
310
00000000000000000000000000000000000000000202020202020202000000020000000000000002000000000000000000000000000000000000000000000000000000000000000000000000000000000000000000000200000000000000000000000000000000020000000000000000000000000000000000000000000000
310
00000000000000000000000000000000000000000000000000000000000000000000000000000000000000000000000000000000000000000000000000000000000000000000000000000000000000000000000000000000000000000000000000000000000000000000000000000000000000000000000000000000000000
310
00000000000000000000000000000000000000000000000000000000000000000000000000000000000000000000000000000000000000000000000000000000000000000000000000000000000000000000000000000000000000000000000000000000000000000000000000000000000000000000000000000000000000
310
00000000000000000000000000000000000000000000000000000000000000000000000000000000000000000000000000000000000000000000000000000000000000000000000000000000000000000000000000000000000000000000000000000000000000000000000000000000000000000000000000000000000000
310
00000000000000000000000000000000000000000000000002000202020200020200000200000000000000020000000000000000000000000000000000000000000000000000000000000000000000000000000000000000000002000000000000000000000000000000000200000000000000000000000000000000000000
310
00000000000000000000000000000000000000000000000000000000000000000000000000000000000000000000000000000000000000000000000000000000000000000000000000000000000000000000000000000000000000000000000000000000000000000000000000000000000000000000000000000000000000
310
00000000000000000000000000000000000000000000000000000000000000000000000000000000000000000000000000000000000000000000000000000000000000000000000000000000000000000000000000000000000000000000000000000000000000000000000000000000000000000000000000000000000000
310
00000000000000000000000000000000000000000000000000000000000000000000000000000000000000000000000000000000000000000000000000000000000000000000000000000000000000000000000000000000000000000000000000000000000000000000000000000000000000000000000000000000000000
310
00000000000000000000000000000000000000000000000000000000020002020202020202000002000000000000000200000000000000000000000000000000000000000000000000000000000000000000000000000000000000000000020000000000000000000000000000000002000000000000000000000000000000
310
00000000000000000000000000000000000000000000000000000000000000000000000000000000000000000000000000000000000000000000000000000000000000000000000000000000000000000000000000000000000000000000000000000000000000000000000000000000000000000000000000000000000000
310
00000000000000000000000000000000000000000000000000000000000000000000000000000000000000000000000000000000000000000000000000000000000000000000000000000000000000000000000000000000000000000000000000000000000000000000000000000000000000000000000000000000000000
310
00000000000000000000000000000000000000000000000000000000000000000000000000000000000000000000000000000000000000000000000000000000000000000000000000000000000000000000000000000000000000000000000000000000000000000000000000000000000000000000000000000000000000
310
00000000000000000000000000000000000000000000000000000000000000000200000202020202000000020000000000000002000000000000000000000000000000000000000000000000000000000000000000000000000000000000000000000200000000000000000000000000000000020000000000000000000000
310
00000000000000000000000000000000000000000000000000000000000000000000000000000000000000000000000000000000000000000000000000000000000000000000000000000000000000000000000000000000000000000000000000000000000000000000000000000000000000000000000000000000000000
310
00000000000000000000000000000000000000000000000000000000000000000000000000000000000000000000000000000000000000000000000000000000000000000000000000000000000000000000000000000000000000000000000000000000000000000000000000000000000000000000000000000000000000
310
00000000000000000000000000000000000000000000000000000000000000000000000000000000000000000000000000000000000000000000000000000000000000000000000000000000000000000000000000000000000000000000000000000000000000000000000000000000000000000000000000000000000000
310
00000000000000000000000000000000000000000000000000000000000000000000000002000202000002020200000200000000000000020000000000000000000000000000000000000000000000000000000000000000000000000000000000000000000002000000000000000000000000000000000200000000000000
310
00000000000000000000000000000000000000000000000000000000000000000000000000000000000000000000000000000000000000000000000000000000000000000000000000000000000000000000000000000000000000000000000000000000000000000000000000000000000000000000000000000000000000
310
00000000000000000000000000000000000000000000000000000000000000000000000000000000000000000000000000000000000000000000000000000000000000000000000000000000000000000000000000000000000000000000000000000000000000000000000000000000000000000000000000000000000000
310
00000000000000000000000000000000000000000000000000000000000000000000000000000000000000000000000000000000000000000000000000000000000000000000000000000000000000000000000000000000000000000000000000000000000000000000000000000000000000000000000000000000000000
310
00000000000000000000000000000000000000000000000000000000000000000000000000000000020200000202020000000002000000000000000200000000000000000000000000000000000000000000000000000000000000000000000000000000000000000000020000000000000000000000000000000002000000
310
00000000000000000000000000000000000000000000000000000000000000000000000000000000000000000000000000000000000000000000000000000000000000000000000000000000000000000000000000000000000000000000000000000000000000000000000000000000000000000000000000000000000000
310
00000000000000000000000000000000000000000000000000000000000000000000000000000000000000000000000000000000000000000000000000000000000000000000000000000000000000000000000000000000000000000000000000000000000000000000000000000000000000000000000000000000000000
310
00000000000000000000000000000000000000000000000000000000000000000000000000000000000000000000000000000000000000000000000000000000000000000000000000000000000000000000000000000000000000000000000000000000000000000000000000000000000000000000000000000000000000
310
00000000000000000000000000000000000000000000000000000000000000000000000000000000000000000200000202020202000000020000000000000002000000000000000000000000000000000000000000000000000000000000000000000000000000000000000000000200000000000000000000000000000000
310
02000000000000000000000000000000000000000000000000000000000000000000000000000000000000000000000000000000000000000000000000000000000000000000000000000000000000000000000000000000000000000000000000000000000000000000000000000000000000000000000000000000000000
310
00000000000000000000000000000000000000000000000000000000000000000000000000000000000000000000000000000000000000000000000000000000000000000000000000000000000000000000000000000000000000000000000000000000000000000000000000000000000000000000000000000000000000
310
00000000000000000000000000000000000000000000000000000000000000000000000000000000000000000000000000000000000000000000000000000000000000000000000000000000000000000000000000000000000000000000000000000000000000000000000000000000000000000000000000000000000000
310
00000000000000000000000000000000000000000000000000000000000000000000000000000000000000000000000002000202000002020200000200000000000000020000000000000000000000000000000000000000000000000000000000000000000000000000000000000000000002000000000000000000000000
310
00000000020000000000000000000000000000000000000000000000000000000000000000000000000000000000000000000000000000000000000000000000000000000000000000000000000000000000000000000000000000000000000000000000000000000000000000000000000000000000000000000000000000
310
00000000000000000000000000000000000000000000000000000000000000000000000000000000000000000000000000000000000000000000000000000000000000000000000000000000000000000000000000000000000000000000000000000000000000000000000000000000000000000000000000000000000000
310
00000000000000000000000000000000000000000000000000000000000000000000000000000000000000000000000000000000000000000000000000000000000000000000000000000000000000000000000000000000000000000000000000000000000000000000000000000000000000000000000000000000000000
310
00000000000000000000000000000000000000000000000000000000000000000000000000000000000000000000000000000000020002020202020202000002000000000000000200000000000000000000000000000000000000000000000000000000000000000000000000000000000000000000020000000000000000
310
00000000000000000200000000000000000000000000000000000000000000000000000000000000000000000000000000000000000000000000000000000000000000000000000000000000000000000000000000000000000000000000000000000000000000000000000000000000000000000000000000000000000000
310
00000000000000000000000000000000000000000000000000000000000000000000000000000000000000000000000000000000000000000000000000000000000000000000000000000000000000000000000000000000000000000000000000000000000000000000000000000000000000000000000000000000000000
310
00000000000000000000000000000000000000000000000000000000000000000000000000000000000000000000000000000000000000000000000000000000000000000000000000000000000000000000000000000000000000000000000000000000000000000000000000000000000000000000000000000000000000
310
00000000000000000000000000000000000000000000000000000000000000000000000000000000000000000000000000000000000000000200020200000000000000020000000000000002000000000000000000000000000000000000000000000000000000000000000000000000000000000000000000000200000000
310
00000000000000000000000002000000000000000000000000000000000000000000000000000000000000000000000000000000000000000000000000000000000000000000000000000000000000000000000000000000000000000000000000000000000000000000000000000000000000000000000000000000000000
310
00000000000000000000000000000000000000000000000000000000000000000000000000000000000000000000000000000000000000000000000000000000000000000000000000000000000000000000000000000000000000000000000000000000000000000000000000000000000000000000000000000000000000
310
00000000000000000000000000000000000000000000000000000000000000000000000000000000000000000000000000000000000000000000000000000000000000000000000000000000000000000000000000000000000000000000000000000000000000000000000000000000000000000000000000000000000000
310
00000000000000000000000000000000000000000000000000000000000000000000000000000000000000000000000000000000000000000000000002000000000000020200000200000000000000020000000000000000000000000000000000000000000000000000000000000000000000000000000000000000000002
310
00000000000000000000000000000000020000000000000000000000000000000000000000000000000000000000000000000000000000000000000000000000000000000000000000000000000000000000000000000000000000000000000000000000000000000000000000000000000000000000000000000000000000
310
00000000000000000000000000000000000000000000000000000000000000000000000000000000000000000000000000000000000000000000000000000000000000000000000000000000000000000000000000000000000000000000000000000000000000000000000000000000000000000000000000000000000000
310
00000000000000000000000000000000000000000000000000000000000000000000000000000000000000000000000000000000000000000000000000000000000000000000000000000000000000000000000000000000000000000000000000000000000000000000000000000000000000000000000000000000000000
310
00000000000000000000000000000000000000000000000000000000000000000000000000000000000000000000000000000000000000000000000000000000020200000202020202000002000000000000000200000000000000000000000000000000000000000000000000000000000000000000000000000000000000
310
00000002000000000000000000000000000000000200000000000000000000000000000000000000000000000000000000000000000000000000000000000000000000000000000000000000000000000000000000000000000000000000000000000000000000000000000000000000000000000000000000000000000000
310
00000000000000000000000000000000000000000000000000000000000000000000000000000000000000000000000000000000000000000000000000000000000000000000000000000000000000000000000000000000000000000000000000000000000000000000000000000000000000000000000000000000000000
310
00000000000000000000000000000000000000000000000000000000000000000000000000000000000000000000000000000000000000000000000000000000000000000000000000000000000000000000000000000000000000000000000000000000000000000000000000000000000000000000000000000000000000
310
00000000000000000000000000000000000000000000000000000000000000000000000000000000000000000000000000000000000000000000000000000000000000000200020200000000000000020000000000000002000000000000000000000000000000000000000000000000000000000000000000000000000000
310
00000000000000020000000000000000000000000000000002000000000000000000000000000000000000000000000000000000000000000000000000000000000000000000000000000000000000000000000000000000000000000000000000000000000000000000000000000000000000000000000000000000000000
310
00000000000000000000000000000000000000000000000000000000000000000000000000000000000000000000000000000000000000000000000000000000000000000000000000000000000000000000000000000000000000000000000000000000000000000000000000000000000000000000000000000000000000
310
00000000000000000000000000000000000000000000000000000000000000000000000000000000000000000000000000000000000000000000000000000000000000000000000000000000000000000000000000000000000000000000000000000000000000000000000000000000000000000000000000000000000000
310
00000000000000000000000000000000000000000000000000000000000000000000000000000000000000000000000000000000000000000000000000000000000000000000000002000000000202020200000200000000000000020000000000000000000000000000000000000000000000000000000000000000000000
310
00000000000000000000000200000000000000000000000000000000020000000000000000000000000000000000000000000000000000000000000000000000000000000000000000000000000000000000000000000000000000000000000000000000000000000000000000000000000000000000000000000000000000
310
00000000000000000000000000000000000000000000000000000000000000000000000000000000000000000000000000000000000000000000000000000000000000000000000000000000000000000000000000000000000000000000000000000000000000000000000000000000000000000000000000000000000000
310
00000000000000000000000000000000000000000000000000000000000000000000000000000000000000000000000000000000000000000000000000000000000000000000000000000000000000000000000000000000000000000000000000000000000000000000000000000000000000000000000000000000000000
310
00000000000000000000000000000000000000000000000000000000000000000000000000000000000000000000000000000000000000000000000000000000000000000000000000000000020000000002000002000002000000000000000200000000000000000000000000000000000000000000000000000000000000
310
00000000000000000000000000000002000000000000000000000000000000000200000000000000000000000000000000000000000000000000000000000000000000000000000000000000000000000000000000000000000000000000000000000000000000000000000000000000000000000000000000000000000000
310
00000000000000000000000000000000000000000000000000000000000000000000000000000000000000000000000000000000000000000000000000000000000000000000000000000000000000000000000000000000000000000000000000000000000000000000000000000000000000000000000000000000000000
310
00000000000000000000000000000000000000000000000000000000000000000000000000000000000000000000000000000000000000000000000000000000000000000000000000000000000000000000000000000000000000000000000000000000000000000000000000000000000000000000000000000000000000
310
00000000000000000000000000000000000000000000000000000000000000000000000000000000000000000000000000000000000000000000000000000000000000000000000000000000000000000200000000020000000000020000000000000002000000000000000000000000000000000000000000000000000000
310
00000000000000000000000000000000000000020000000000000000000000000000000002000000000000000000000000000000000000000000000000000000000000000000000000000000000000000000000000000000000000000000000000000000000000000000000000000000000000000000000000000000000000
310
00000000000000000000000000000000000000000000000000000000000000000000000000000000000000000000000000000000000000000000000000000000000000000000000000000000000000000000000000000000000000000000000000000000000000000000000000000000000000000000000000000000000000
310
00000000000000000000000000000000000000000000000000000000000000000000000000000000000000000000000000000000000000000000000000000000000000000000000000000000000000000000000000000000000000000000000000000000000000000000000000000000000000000000000000000000000000
310
00000000000000000000000000000000000000000000000000000000000000000000000000000000000000000000000000000000000000000000000000000000000000000000000000000000000000000000000002020000000200000000000200000000000000020000000000000000000000000000000000000000000000
310
00000000000000000000000000000000000000000000000200000000000000000000000000000000020000000000000000000000000000000000000000000000000000000000000000000000000000000000000000000000000000000000000000000000000000000000000000000000000000000000000000000000000000
310
00000000000000000000000000000000000000000000000000000000000000000000000000000000000000000000000000000000000000000000000000000000000000000000000000000000000000000000000000000000000000000000000000000000000000000000000000000000000000000000000000000000000000
310
00000000000000000000000000000000000000000000000000000000000000000000000000000000000000000000000000000000000000000000000000000000000000000000000000000000000000000000000000000000000000000000000000000000000000000000000000000000000000000000000000000000000000
310
00000000000000000000000000000000000000000000000000000000000000000000000000000000000000000000000000000000000000000000000000000000000000000000000000000000000000000000000000000000020000000002000000000002000000000000000200000000000000000000000000000000000000
310
00000000000000000000000000000000000000000000000000000002000000000000000000000000000000000200000000000000000000000000000000000000000000000000000000000000000000000000000000000000000000000000000000000000000000000000000000000000000000000000000000000000000000
310
00000000000000000000000000000000000000000000000000000000000000000000000000000000000000000000000000000000000000000000000000000000000000000000000000000000000000000000000000000000000000000000000000000000000000000000000000000000000000000000000000000000000000
310
00000000000000000000000000000000000000000000000000000000000000000000000000000000000000000000000000000000000000000000000000000000000000000000000000000000000000000000000000000000000000000000000000000000000000000000000000000000000000000000000000000000000000
310
00000000000000000000000000000000000000000000000000000000000000000000000000000000000000000000000000000000000000000000000000000000000000000000000000000000000000000000000000000000000000000200000000020000000000020000000000000002000000000000000000000000000000
310
00000000000000000000000000000000000000000000000000000000000000020000000000000000000000000000000002000000000000000000000000000000000000000000000000000000000000000000000000000000000000000000000000000000000000000000000000000000000000000000000000000000000000
310
00000000000000000000000000000000000000000000000000000000000000000000000000000000000000000000000000000000000000000000000000000000000000000000000000000000000000000000000000000000000000000000000000000000000000000000000000000000000000000000000000000000000000
310
00000000000000000000000000000000000000000000000000000000000000000000000000000000000000000000000000000000000000000000000000000000000000000000000000000000000000000000000000000000000000000000000000000000000000000000000000000000000000000000000000000000000000
310
00000000000000000000000000000000000000000000000000000000000000000000000000000000000000000000000000000000000000000000000000000000000000000000000000000000000000000000000000000000000000000000000002000000000200000000000200000000000000020000000000000000000000
310
00000000000000000000000000000000000000000000000000000000000000000000000200000000000000000000000000000000020000000000000000000000000000000000000000000000000000000000000000000000000000000000000000000000000000000000000000000000000000000000000000000000000000
310
00000000000000000000000000000000000000000000000000000000000000000000000000000000000000000000000000000000000000000000000000000000000000000000000000000000000000000000000000000000000000000000000000000000000000000000000000000000000000000000000000000000000000
310
00000000000000000000000000000000000000000000000000000000000000000000000000000000000000000000000000000000000000000000000000000000000000000000000000000000000000000000000000000000000000000000000000000000000000000000000000000000000000000000000000000000000000
310
00000000000000000000000000000000000000000000000000000000000000000000000000000000000000000000000000000000000000000000000000000000000000000000000000000000000000000000000000000000000000000000000000000000020002020000020000000002000000000000000200000000000000
310
00000000000000000000000000000000000000000000000000000000000000000000000000000002000000000000000000000000000000000200000000000000000000000000000000000000000000000000000000000000000000000000000000000000000000000000000000000000000000000000000000000000000000
310
00000000000000000000000000000000000000000000000000000000000000000000000000000000000000000000000000000000000000000000000000000000000000000000000000000000000000000000000000000000000000000000000000000000000000000000000000000000000000000000000000000000000000
310
00000000000000000000000000000000000000000000000000000000000000000000000000000000000000000000000000000000000000000000000000000000000000000000000000000000000000000000000000000000000000000000000000000000000000000000000000000000000000000000000000000000000000
310
00000000000000000000000000000000000000000000000000000000000000000000000000000000000000000000000000000000000000000000000000000000000000000000000000000000000000000000000000000000000000000000000000000000000000000200020200020202000000020000000000000002000000
310
00000000000000000000000000000000000000000000000000000000000000000000000000000000000000020000000000000000000000000000000002000000000000000000000000000000000000000000000000000000000000000000000000000000000000000000000000000000000000000000000000000000000000
310
00000000000000000000000000000000000000000000000000000000000000000000000000000000000000000000000000000000000000000000000000000000000000000000000000000000000000000000000000000000000000000000000000000000000000000000000000000000000000000000000000000000000000
310
00000000000000000000000000000000000000000000000000000000000000000000000000000000000000000000000000000000000000000000000000000000000000000000000000000000000000000000000000000000000000000000000000000000000000000000000000000000000000000000000000000000000000
310
00000000000000000000000000000000000000000000000000000000000000000000000000000000000000000000000000000000000000000000000000000000000000000000000000000000000000000000000000000000000000000000000000000000000000000000000002020202020200020200000200000000000000
310
02000000000000000000000000000000000000000000000000000000000000000000000000000000000000000000000200000000000000000000000000000000020000000000000000000000000000000000000000000000000000000000000000000000000000000000000000000000000000000000000000000000000000
310
00000000000000000000000000000000000000000000000000000000000000000000000000000000000000000000000000000000000000000000000000000000000000000000000000000000000000000000000000000000000000000000000000000000000000000000000000000000000000000000000000000000000000
310
00000000000000000000000000000000000000000000000000000000000000000000000000000000000000000000000000000000000000000000000000000000000000000000000000000000000000000000000000000000000000000000000000000000000000000000000000000000000000000000000000000000000000
310
00000000000000000000000000000000000000000000000000000000000000000000000000000000000000000000000000000000000000000000000000000000000000000000000000000000000000000000000000000000000000000000000000000000000000000000000000000000020002020200020202000002000000
310
00000000020000000000000000000000000000000000000000000000000000000000000000000000000000000000000000000002000000000000000000000000000000000200000000000000000000000000000000000000000000000000000000000000000000000000000000000000000000000000000000000000000000
310
00000000000000000000000000000000000000000000000000000000000000000000000000000000000000000000000000000000000000000000000000000000000000000000000000000000000000000000000000000000000000000000000000000000000000000000000000000000000000000000000000000000000000
310
00000000000000000000000000000000000000000000000000000000000000000000000000000000000000000000000000000000000000000000000000000000000000000000000000000000000000000000000000000000000000000000000000000000000000000000000000000000000000000000000000000000000000
310
00000000000000000000000000000000000000000000000000000000000000000000000000000000000000000000000000000000000000000000000000000000000000000000000000000000000000000000000000000000000000000000000000000000000000000000000000000000000000000200020202000202000000
310
02000000000000000200000000000000000000000000000000000000000000000000000000000000000000000000000000000000000000020000000000000000000000000000000002000000000000000000000000000000000000000000000000000000000000000000000000000000000000000000000000000000000000
310
00000000000000000000000000000000000000000000000000000000000000000000000000000000000000000000000000000000000000000000000000000000000000000000000000000000000000000000000000000000000000000000000000000000000000000000000000000000000000000000000000000000000000
310
00000000000000000000000000000000000000000000000000000000000000000000000000000000000000000000000000000000000000000000000000000000000000000000000000000000000000000000000000000000000000000000000000000000000000000000000000000000000000000000000000000000000000
310
00000000000000000000000000000000000000000000000000000000000000000000000000000000000000000000000000000000000000000000000000000000000000000000000000000000000000000000000000000000000000000000000000000000000000000000000000000000000000000000000002000202020202
310
02020000020000000000000002000000000000000000000000000000000000000000000000000000000000000000000000000000000000000000000200000000000000000000000000000000020000000000000000000000000000000000000000000000000000000000000000000000000000000000000000000000000000
310
00000000000000000000000000000000000000000000000000000000000000000000000000000000000000000000000000000000000000000000000000000000000000000000000000000000000000000000000000000000000000000000000000000000000000000000000000000000000000000000000000000000000000
310
00000000000000000000000000000000000000000000000000000000000000000000000000000000000000000000000000000000000000000000000000000000000000000000000000000000000000000000000000000000000000000000000000000000000000000000000000000000000000000000000000000000000000
310
00000000000000000000000000000000000000000000000000000000000000000000000000000000000000000000000000000000000000000000000000000000000000000000000000000000000000000000000000000000000000000000000000000000000000000000000000000000000000000000000000000000020002
310
02000202020200000200000000000000020000000000000000000000000000000000000000000000000000000000000000000000000000000000000000000002000000000000000000000000000000000200000000000000000000000000000000000000000000000000000000000000000000000000000000000000000000
310
00000000000000000000000000000000000000000000000000000000000000000000000000000000000000000000000000000000000000000000000000000000000000000000000000000000000000000000000000000000000000000000000000000000000000000000000000000000000000000000000000000000000000
310
00000000000000000000000000000000000000000000000000000000000000000000000000000000000000000000000000000000000000000000000000000000000000000000000000000000000000000000000000000000000000000000000000000000000000000000000000000000000000000000000000000000000000
310
00000000000000000000000000000000000000000000000000000000000000000000000000000000000000000000000000000000000000000000000000000000000000000000000000000000000000000000000000000000000000000000000000000000000000000000000000000000000000000000000000000000000000
310
00020202020002020202000002000000000000000200000000000000000000000000000000000000000000000000000000000000000000000000000000000000000000020000000000000000000000000000000002000000000000000000000000000000000000000000000000000000000000000000000000000000000000
310
00000000000000000000000000000000000000000000000000000000000000000000000000000000000000000000000000000000000000000000000000000000000000000000000000000000000000000000000000000000000000000000000000000000000000000000000000000000000000000000000000000000000000
310
00000000000000000000000000000000000000000000000000000000000000000000000000000000000000000000000000000000000000000000000000000000000000000000000000000000000000000000000000000000000000000000000000000000000000000000000000000000000000000000000000000000000000
310
00000000000000000000000000000000000000000000000000000000000000000000000000000000000000000000000000000000000000000000000000000000000000000000000000000000000000000000000000000000000000000000000000000000000000000000000000000000000000000000000000000000000000
310
00000000000200020202020202020000020000000000000002000000000000000000000000000000000000000000000000000000000000000000000000000000000000000000000200000000000000000000000000000000020000000000000000000000000000000000000000000000000000000000000000000000000000
310
00000000000000000000000000000000000000000000000000000000000000000000000000000000000000000000000000000000000000000000000000000000000000000000000000000000000000000000000000000000000000000000000000000000000000000000000000000000000000000000000000000000000000
310
00000000000000000000000000000000000000000000000000000000000000000000000000000000000000000000000000000000000000000000000000000000000000000000000000000000000000000000000000000000000000000000000000000000000000000000000000000000000000000000000000000000000000
310
00000000000000000000000000000000000000000000000000000000000000000000000000000000000000000000000000000000000000000000000000000000000000000000000000000000000000000000000000000000000000000000000000000000000000000000000000000000000000000000000000000000000000
310
00000000000000000002000000020000000000000200000000000000020000000000000000000000000000000000000000000000000000000000000000000000000000000000000000000002000000000000000000000000000000000200000000000000000000000000000000000000000000000000000000000000000000
310
00000000000000000000000000000000000000000000000000000000000000000000000000000000000000000000000000000000000000000000000000000000000000000000000000000000000000000000000000000000000000000000000000000000000000000000000000000000000000000000000000000000000000
310
00000000000000000000000000000000000000000000000000000000000000000000000000000000000000000000000000000000000000000000000000000000000000000000000000000000000000000000000000000000000000000000000000000000020000000000000000000000000000000000000000000000000000
310
00000000000000000000000000000000000000000000000000000000000002000000000000020200000000000000000000000000000000000000000000000000000000000000000002000000000000000000000000000000000000000000000000000000000000000000000000000000000000000000000000000000000000
310
00020000000000000002000000020002020202020202000002000000000000000200000000000000000000000000000000000000000000000000000000000000000000000000000000000000000000020000000000000000000000000000000002000000000000000000000000000000000000000000000000000000000000
310
00000000020202020202020202020202020202020202020202020202020202020202020202020202020202020202020202020202020202020202020202020202020202020202020202020202020202020202020202020202020202020202020202020202020202020202020202020202020202020202020202020202020202
310
02020202020202020202020202020202020202020202020202020202020202020202020202020202020202020202020202020202020202020202020202020202020202020202020202020202020202020202020202020202020202020202020202020202020202020202020202020202020202020202020202020202020202
310
02020202020202020202020202020202020202020202020202020202020202020202020202020202020202020202020202020202020202020202020202020202020202020202020202020202020202020202020202020202020202020202020202020202020202020202020202020202020202020202020202020202020202
310
02020202020202020202020202020202020200000002020200000000020000000000000002000000000000000000000000000000000000000000000000000000000000000000000000000000000000000000000200000000000000000000000000000000020000000000000000000000000000000000000000000000000000
310
00000000000000000200000000000000000000000000020000020000000000000000000000000000000000000000000202000000000000000000000002000000000000000000000000000000000000000000000000000000000000000000000000020000000000000000020000000200000000000000000000000000000000
310
00000000000000000000020000000000000200000000000000000000000000000000000000000000000000000000000000000000000000000000000000000000000000000000000000000000000002020202020202000000000002000200000000000000000000000000000200000000000000000000000000000000000000
310
00000000000000000000000000000000000000000000000000000000000000000000020000000000000002000000000000020202020202020200000000020000020000000000000000000000000002000000000000000000000000000000000000000000000000000000000000000000000000000000000000000000000000
310
00000000000200000000000000020000000000000002000000020200000000000200000000000000020000000000000000000000000000000000000000000000000000000000000000000000000000000000000000000002000000000000000000000000000000000200000000000000000000000000000000000000000000
310
00000000000000000000000002000000000000000000000200020202000202020002000202000202020202000202020202020202020002020202000202020202020202000202020202000202020200020202000202020202020202020202000202000202020200000202020202000202020202020000000000000000000000
310
00000000000202020202020202000202020202000002020202020202020202020200020200000202020202020202020200020202020200020202020000000000000000000000000000000000000000000000020200020202000000000000020002000000000000000200000000000002000000000000000000000000000000
310
00000000000000000000000000000000000000000000000000000000000000000000000000000200000000000000020000000000000200020202020200000000000200000200000000000002000000000000020000000000000000000000000000000000000000000000000000000000000000000000000000000000000000
310
00000000000000000002000000000000000200000000000000020200000202000000000002000000000000000200000000000000000000000000000000000000000000000000000000000000000000000000000000000000000000020000000000000000000000000000000002000000000000000000000000000000000000
310
00000000000000000000000000000000020000000000000000000002020202020002020202000002020002020202020002020202020202020202020202020002020202020202020202020202020002020202000202020002020202020202020202020002020202020202000002020202020002020202020200000000000000
310
00000000000000000202020202020202020002020202020000020202020202020202020202000202000002020202020202020202000202020202000202020200000000000000000000000000000000000000000000000200020202020002000200000000020000000000000000000000000000020000000000000000000000
310
00000000000000000000000000000000000000000000000000000000000000000000000000000000000002000000000000000200000000000002000200020002020002000000000002000000000000000000000000000200000000000000000000000000000000000000000000000000000000000000000000000000000000
310
00000000000000000000000000020000000000000002000000000000000200000000020000000000020000000000000002000000000000000000000000000000000000000000000000000000000000000000000000000000000000000000000200000000000000000000000000000000020000000000000000000000000000
310
00000000000000000000000000000000000000000200000000000000000000000202020200020202020200020200020202020200020202020202020202000202020200020202020202020202020202020200020202020002020202020202020202020202020202020200020202020202020202020200020202020202000000
310
00000000000000000000000002020202020202020200020202020202000202020202020202020202020002020200020202020202020202020002020202020002020202000000000000000000000000000000000000000000000002000200020000000200000000000200000000000000000000000000000202000000000000
310
00000000000000000000000000000000000000000000000000000000000000000000000000000000000000000000020000000000000002000000000000020000020002000002000000000000020000000000000000000000000002000200000000000000000000000000000000000000000000000000000000000000000000
310
00000000000000000000000000000000000200000000000000020000000000000002000000000200000000000200000000000000020000000000000000000000000000000000000000000000000000000000000000000000000000000000000000000002000000000000000000000000000000000200000000000000000000
310
00000000000000000000000000000000000000000000000002000000000000000000000202020202020202020202020002020202020202020002020202020002020202000202020202020202020002020202020202020202020202020202020202020202020200020202020202020202020202000202020202020200020202
310
02020200000000000000000000000000000002020200000002000000020000000000000000000200000200000000000002000202000000000200000000020202020200020200020000000000000000000000000000000000000000000000020000020200000200020000000002000000000000000000000000000002020002
310
02020202020202020202020202020202020202020200020202020202020202020202020202020202020202020002020200020200000000000000020000000000000200000200020002000200000000000200000000000000000000000000020202020202020202020002020200020202020202020202020202020202020202
310
00020202000202020202020202020202020202020202000000000000000200000000000000020000000002000000000002000000000000000200000000000000000000000000000000000000000000000000000000000000000000000000000000000000000000020000000000000000000000000000000002000000000000
310
00000000000000000000000000000000000000000000000000000000020000000000000000000002020202020202020202020202020202000202020200020202020200020202020002020202020202020200020202000202020202020202000202020202000202020202000202020202020202020202020002020202020202
310
00020202020200000000000000000000000000000000000000000000000000000000000000000000000000000000000000000000000000000000000000000000000000000000000000000000000000000000000000000000000000000000000000000200000200000000000000000000020000000000000000000000000000
310
02000000000000000000000000000000000000000000000000000000000000000000000000000000000000000000000000000000000002020202020202020202020202020202000000020000000000000000000002000000000000000000000000000200000000000000000000000000000000000000000000000000000000
310
00000000000000000000000000000000000000000000000000020202020202020202020202020202020200000000020000000000020000000000000002000000000000000000000000000000000000000000000000000000000000000000000000000000000000000000000200000000000000000000000000000000020000
310
00000000000000000000000000000000000000000000000000000000000000000200000000000000000000020202020202020202020202020202020202020202020202020202020202020200020202020202020200020202020202020202000202020202020202020002020202020202020202000202020202020200020202
310
02020202000202020202020000000000000000000000000002020000000002020000000002020000000000000000000000000000000000000000000000000000000000000000000000000000000000000000000000000000000000000000000000000000000002000000000000000000000000000200000000000000000000
310
00000000020000000000000000000000000000000000000000000000000000000000000000000000000000000000000000000000000000000000020002020202020002020202020202020000000000000000000000000000020000000000000000000000000002000000000000000000000000000000000000000000000000
310
00000000000000000000000000000000000000000000000000000000000200020202020202020002020202020202020000000200000000000200000000000000020000000000000000000000000000000000000000000000000000000000000000000000000000000000000000000002000000000000000000000000000000
310
00020000000000000000000000000000000000000000000000000000000000000000000002000000000000000000000202020202020202020202020202020202020202020202020002020202020200020202000002020202020202020202020202020202020202020200000202020202020202020202020202020202020202
310
02020202020202000202020202020202020202020202020202020202020202020202020202020202020200000000000000000000000000000000000000000000000000000000000000000000000000000000000000000000000000000000000000000000000000000000020000000000000000000000000002000000000000
310
00000000000000000200000000000000000000000000000000000000000000000000000000000000000000000000000000000000000000000000000000000200020202000000020202020000000200000000000000000000000000000200000000000000000000000000020000000000000000000000000000000000000000
310
00000000000000000000000000000000000000000000000000000000000000000002000202020000000200020200000000020000000002000000000002000000000000000200000000000000000000000000000000000000000000000000000000000000000000000000000000000000000000020000000000000000000000
310
00000000000200000000000000000000000000000000000000000000000000000000000000000000020000000000000000000002020202020202020202020202020202020202020202020202020202020202020200000002020202020202020202020202020202020202020202020202020202020202020202020202020202
310
00020202000202020202020202020002020202020202020000020200020202020202020202020202020202020000000000000000000000000000000000000000000000000000000000000000000000000000000000000000000000000000000000000000000000000000000000000200000000000000000000000000020000
310
00000000000000000000000002020000000000000000000000000000000000000000000000000000000000000000000000000000000000000000000000000000000002000000020000000200000202000002000000000000000000000000000002000000000000000000000000000200020000000000000000000000000000
310
00000000000000000000000000000000000000000000000000000000000000000000000000020000000200000002000000020000000200020200000202020000020000000000000002000000000000000000000000000000000000000000000000000000000000000000000000000000000000000000000200000000000000
310
00000000000000000002000000000000000000000000000000000000000000000000000000000000000000000200000000000000000000020202020202020202020202020202020202020202020202020202020202020202020000020202020202020002000202020202020202020202000000020202020202020202020002
310
02020202020202020202020202020202020202020202020202020200000202020202020202020202020202020202020200000000000000000000000000000000000000000000000000000000000000000000000000000000000000000000000000000000000000000000000000000000000002020202020202020202020202
310
02020202020202020202020202020202020202020202020202020202020202020202020202020202020202020202020202020202020202020202020202020202020202020202020202020202020202020202020202020202020202020202020202020202020202020202020202020202020202020202020202020202020202
310
02020202020202020202020202020202020202020202020202020202020202020202020202020202020202020202020202020202020202020202000002020202000000000200000000000000020000000000000000000000000000000000000000000000000000000000000000000000000000000000000000000002000000
310
00000000000000000000000000020000000000000000000000000000000000000000000000000000000000000000000002000000000000000000000000000000000000000000000000000000000202000000000000000002020000000000000000000000000000000000000000000000000000000000000000000000000000
310
00020000000000000000000000000000000202000002000000020202020202000000000200020000000000000000020000000000000202000000000200000000000000000000000000000000000000000000000000000000000000000000000000000000000000000000000000000000000000000000020202020202020000
310
00000002000200000000000000000000000000000200000000000000000000000000000000000000000000000000000000000000000000000000000000000000000000000000000000000200000000000000020000000000000202020202020202000000000200000200000000000000000000000000020000000000000000
310
00000000000000000000000000000000000000000000000000000000000000000000000000000000000000000002000000000000000200000000000000020000000202000000000002000000000000000200000000000000000000000000000000000000000000000000000000000000000000000000000000000000000000
310
02000000000000000000000000000000000200000000000000000000000000000000000000000000000000000000000000000000020000000000000000000000020202000200020200020202020002020202020202020202020202020202020202020202020202020202020202020202020202020202020202020202020202
310
02020202020202020202020202020202020202020202020202020202000202020202020202020202020200020200020202020202020202020202020202020202020202020202020000000000000000000000000000000000000000000000000000000000000000000000000000000000000000000000000000000202000202
310
02000000000000000002000000000000000200000000000002000000000000000000000000000000000000000000000000000000000000000000000000000000000000000000000000000000000002000000000000000200000000000002000202020202000000000000000002000000000000020000000000000200000000
310
00000000000000000000000000000000000000000000000000000000000000000000000000000000000000000000000000020000000000000002000000000000000200020202020202020000020000000000000002000000000000000000000000000000000000000000000000000000000000000000000000000000000000
310
00000000020000000000000000000000000000000002000000000000000000000000000000000000000000000000000000000000000000000200000000000000000000000202020202020202020202020200020202020202020202020202020202020202020202000002020202020202020202020202020202020202020202
310
02020202020202000002020202020202020202020202020202020202020202020202020202020202020200020202000202000202020202020202020202020202020202020202020000000000000000000000000000000000000000000000000000000000000000000000000000000000000000000000000000000000000002
310
00020202020002000200000000020000000000000000000000000000020000000000000000000000000000000000000000000000000000000000000000000000000000000000000000000000000000000000020000000000000002000000000000020002020200020200020000000000020000000000000000000000000002
310
00000000000000000000000000000000000000000000000000000000000000000000000000000000000000000000000000000000000200000000000000020000000000000002020202020202020200000200000000000000020000000000000000000000000000000000000000000000000000000000000000000000000000
310
00000000000000000200000000000000000000000000000000020000000000000000000000000000000000000000000000000000000000000000000002000000000000000000000002020202020202020202020202020202020202020202020202020202020202020202020202020202000202020202020202020200020202
310
02020202020202020202020202020202000202020202020202020202000202020202020202020202020202020202020202020202020202020002020202020202020202020202020202020200000000000000000000000000000000000000000000000000000000000000000000000000000000000000000000000000000000
310
00000002000200020000000200000000000200000000000000000000000000000202000000000000000000000000000000000000000000000000000000000000000000000000000000000000000000000000000000000200000000000000020000000000000200000200020000020000000000000200000000000000000000
310
00000002000200000000000000000000000000000000000000000000000000000000000000000000000000000000000000000000000000000002000000000000000200000000000000020002020202020202000002000000000000000200000000000000000000000000000000000000000000000000000000000000000000
310
00000000000000000000000002000000000000000000000000000000000200000000000000000000000000000000000000000000000000000000000000000000020000000000000000000000000000000000000000000000000000000000000000000000000000000000000000000000000000000000000000000000000000
310
00000000000200000000000000000000000000000000000000000000000000000000000000000000000000000000000000000000000000000000000000000000000000000000000000000000000000000000000000000000000000000000000000000000000000000000000000000000000000000000000000000000000000
310
00000000000000020000020200000200020000000002000000000000000000000000000002020002020202020202020202020202020202020202020202000202020202020202020202020202020202020202020200020202000202000000000000000200000000000002000002000200020002000000000002000000000000
310
00000000000000020202020202020202020002020200020202020202020202020202020202020202000202020002020202020202020202020202020202020000000000000002000000000000000200000202000000000000020000000000000002000000000000000000000000000000000000000000000000000000000000
310
00000000000000000000000000000000020000000000000000000000000000000002000000000000000000000000000000000000000000000000000000000000000000000202020202020202020202020202020202020202020202020202020202020202020202020202020202020202020202020202020202020202020202
310
02020202020202020202020202020202020202020202020202020202020202020202020202020202020202020202020202020202020202020202020202020202020202020202020202020202020202020202020202020202020202020202020202020202020202020202020202020202020202020202020202020202020202
310
02020202020202020202020200000200000000000000000000020000000000000000000000000000020000000000000000000000000000000000000000000000000000000000000000000000000000000000000000000000000000000000020202020202020202020202020202020000000200000000000000000000020000
310
00000000000000000000000200000000000000000000000000000000000000000000000000000000000000000000000000000000000000000000000000000000000202020202020202020202020202020202000000020202000000000200000000000000020000000000000000000000000000000000000000000000000000
310
00000000000000000000000000000000000000000200000000000000000000000000000000020000000000000000000000000000000000000000000000000000000000000000000002000000000000000000000000000000000000000000000000000000000000000000000000000000000000000000000000000000000002
310
02020202020202020202020000000202020200020202020202020202020200020202020202020002000002020202020202020202020202020200020202020002020202020200000000000000000000000000000000000000000000000000000000000000000000000000000000000000000000000000000000000000000000
310
00000000000000000000000000000002000000000000000000000000000200000000000000000000000000000200000000000000000000000000000000000000000000000000000000000000000000000000000000000000000000000000000000000200020202020200020202020202020200000000000000000000000000
310
00020000000000000000000000000002000000000000000000000000000000000000000000000000000000000000000000000000000000000000000000000000000000000002000202020202020200020202020202020002020202020202000002000000000000000200000000000000000000000000000000000000000000
310
00000000000000000000000000000000000000000000000002000000000000000000000000000000000200000000000000000000000000000000000000000000000000000000000000000000020000000000000000000000000000000000000000000000000000000000000000000000000000000000000000000000000000
310
00000002020202020202020202020200000202020202000202020202020202020202000002020202020200020000020202020202020202020202020202000202020200020202020202000000000000000000000000000000000000000000000000000000000000000000000000000000000000000000000000000000000000
310
00000000000000000000000000000000000000020000000000000000000000000002000000000000000000000000000002000000000000000000000000000000000000000000000000000000000000000000000000000000000000000000000000000000000002000202020000000202020000000002000000000000000000
310
00000000000200000000000000000000000000020000000000000000000000000000000000000000000000000000000000000000000000000000000000000000000000000000000000020002020200000002000202000000000202020202020202020000020000000000000002000000000000000000000000000000000000
310
00000000000000000000000000000000000000000000000000000000020000000000000000000000000000000002000000000000000000000000000000000000000000000000000000000000000000000200000000000000000000000000000000000000000000000000000000000000000000000000000000000000000000
310
00000000000000000000000000000000000000000000000000000000000000000000000000000000000000000000000000000000000000000000000000000000000000000000000000000000000000000000000000000000000000000000000000000000000000000000000000000000000000000000000000000000000000
310
00000000000000000000000000000000000000000000000200000000000000000000000000020000000000000000000000000000020202000200020202020200020202020202020202020202000002020002020202000200000002000002020202000000000202020202020202020200020202020202000000020000000000
310
00000000000000000002000000000000000000000000000200000000000000000000000000000000000000000000000000000000000000000000000000000000000000000000000000000000000200000002000000020000000200000002000202020202020000000200000000000000020000000000000000000000000000
310
00000000000000000000000000000000000000000000000000000000000000000200000000000000000000000000000000020000000000000000000000000000000000000000000000000000000000000000000002020202020202020202020202020202020202020202020202020202020202020202020202020202020202
310
02020202020202020202020202020202020202020202020202020202020202020202020202020202020202020202020202020202020202020202020202020202020202020202020202020202020202020202020202020202020202020202020202020202020202020202020202020202020202020202020202020202020202
310
02020202020202020202020202020202020202020202020202020202020202020202020202020202020202020202020202020202020202020202020202020202020202020202020202020202020202020202020202020202020202020202020202020202020202020202020202020202020202020202020202020202020202
310
02020202020202020202020202020202020202020202020202020202020202020202020202020202020202020202020202020202020202020202020202020202020202020202020202020202020202020202020202020202020202020202020202020002020202000202000002000000000000000200000000000000000000
310
00000000000000000000000000000000000000000000000000000000000000000000000002000000000000000000000000000000000200000000000000000000000000000000000000000000000000000000000000000000020000000000000002020202020200000202020202020202020202020202020200000000000000
310
00020202020202020202020202020202020000020000000000020202020000020000000000000002000000020202020200020200000000000000000200000000020202020000020200000000000002000000000002020202020002020000000000000200000000000000000202020200020200000000020000000000000002
310
02020200000202000000000200000000000000020202020200000000000000020202020202020202020202020002000000000000000000000000000002020202020202020202020202020202020202020202000200000202020200020202020000000202000202020002020202020202020202020202020202020202020200
310
00000000000000000000000000000000000000000000000000000000000000000000000000000000000000000000000000000000000000000000000000000000000000000000000000000000000000000000000000020000000000000002000000000000000200020202020202020000020000000000000002000000000000
310
00000000000000000000000000000000000000000000000000000000000000000000000000000000020000000000000000000000000000000002000000000000000000000000000000000000000000000000000000000000000000000200000000000000020202020202020002020202020202020202020202020202000000
310
00000000000202020202020202020202020202020200000200000000000202020200000200000000000000020000000202020202000202000000000000000002000000000202020200000202000000000000020000000000020202020200020200000000000002000000000000000002020202000202000000000200000000
310
00000002020202000002020000000002000000000000000202020202000000000000000202020202020202020202020200020000000000000002000000000000020202020202020202020202020202020202020202020202000002020202020202020200000002020202020200000000000202020202020202020202020202
310
02020200000000000000000000000000000000000000000000000000000000000000000000000000000000000000000000000000000000000000000000000000000000000000000000000000000000000000000000000000000200000000000000020000000000000002000002020202020000000200000000000000020000
310
00000000000000000000000000000000000000000000000000000000000000000000000000000000000000000200000000000000000000000000000000020000000000000000000000000000000000000000000000000000000000000000000002000000000000000000000000000000000000000000000000000000000000
310
00000000000000000002000000000000000000000000000000000002000000000002020202000002020000000000000200000000020202000002020200000000000000020000000002020200000202020200000000000200000000000202020000000202020200000000020000000002020200020002020202020000000002
310
00000000020202000202020202020200000000020000000002020200020002020202020000000002020202020202020202020202000200000000000000000000000000000200000000000000000000000000000000000000000000000000000000000000000000000000000000000000000000000000000000000000000000
310
00000000000000000000000000000000000000000000000000000000000000000000000000000000000000000000000000000000000000000000000000000000000000000000000000000000000000000000000000000000000000000002000000000000000200000000000000020000000000000000000002000000000000
310
00020000000000000000000000000000000000000000000000000000000000000000000000000000000000000000000002000000000000000000000000000000000200000000000000000000000000000000000000000000000000000000000000000000020000020202020202020202020202020200020202020202020202
310
02020202020202020000000000020202020202020202020202020202020202020202020202020202020202020202020202020202020202020202020202020202020202020202020202020202020202020202020202020202020202020202020202020202020202020202020202020202020202020202020202020202020202
310
02020202020202020202020202020202020202020202020202020202020202020202020202020202020202020202020200020202020202020002000000000000000000000000000002020202020202000202020202020202020202020202020202020202020200020202000202020202020202020202020202020202020002
310
02020002020202020202020202020202020202020200020202000202020202020202020202020202020202020202020200020202020202020202020202020202020202020202020002020200020202020202020202020202020202020202000202020000000000000002000000000000000202020202020202020202020000
310
00000000000200000000000000000000000000000000000000000000000000000000000000000000000000000000000000000000020000000000000000000000000000000002000000000000000000000000000000000000000000000000000000000000000000000200000202020202020202020202020200000202020202
310
02020202020002020202020200000000000200000202020202020202020202000000000200000000000002020200000202000000000000020000000202020200000202020000000000000002000000020202020000020202020000000000020000000000020202000000020202020000000002000000000202020000020202
310
02020200000000020000000202020200000202020202020000000002000000020202020000020202020202000000000200000000000000000000000000020000000000000000000000000000020202000202020202000000020202020202020200020200020202000202020202020202020202000202000202000202020200
310
00000000000000000000000000000000000000000202020202020202020202000202020202000000000000000000000000000000000000000000000000000000000000000000000000000000000000000000000000000000000000000000000000000000000200000000020000020000000000000002000000000200000000
310
00020000000000000002000000000000000000000000000000000000000000000000000000000000000000000000000000000000000000000200000000000000000000000000000000020000000000000000000000000000000000000000000000000000000000000000000002000002020202020202020202020202000202
310
02020202020202020200020202020202000000000002000002020202000202020202020000000002000000020202020202000202020200000000000200000202020202020200000202000000000000020000020202020202000002020200000000000200000002020202020202000202020200000000020000000202020202
310
02000002020202000000000200000202020202020200020202020200000000020000020202020202020202020202020000000002000000000000000000000000000200000000000000000000000000000202020002020202020000000202020202020202020202020202020002020202020200000200020002000002020202
310
02020200000000000000000000000000000000000000000000020202020202020202020202020202020000000000000000000000000000000000000000000000000000000000000000000000000000000000000000000000000000000000000000000000000000000002020202020202020202020202020202020002020202
310
00020202020200000000000000020000000000000000000000000000000000000000000000000000000000000000000000000000000000000000000002000000000000000000000000000000000200000000000000000000000000000000000000000000000000000000000000000000020000000000000000000000000000
310
00000000000000000000000000000000000000000000000000020000020202020002020202020200000000020000000202020202020002020202000000000002000002020202020202000002020000000000000200000202020202020000020202020000000002000000020202020202020202020202000000000200000202
310
02020202020000020202020200000002000002020202020202020202020202000000000200000202020202020202020202020200000000020000000000000000000000000002000000000000000000000000000002020202020202000002020202020202000202020202020200020202020202020202020202000000020002
310
02020202020202000000000000000000000000000000000000000000020202020202020202020202020202020200000000000000000000000000000000000000000000000000000000000000000000000000000000000000000000000000000000000000000000000000000000020002020202020202000202020202020200
310
00000202000000020002000000000000000200000000000000000000000000000000000000000000000000000000000000000000000000000000000000000000020000000000000000000000000000000002000000000000000000000000000000000000000000000000000000000000000000000200000000000000000000
310
00000000000000000000000000000000000000000000000000000000000200000000000000000000000000000000000200000002020202020200020202020000000000020000020202020202020000020000000000000002000002020202020200000202020000000000020000000002020202020200020202020000000002
310
00000002020202020200000202020200000000020000020202020202020002020202020000000002000002020202020202020202020202000000000200000000000000000000000000020000000000000000000000000000020202020202020000000000020202020202020202020202020202000202020202000202020000
310
02020202020202020202020000000000000000000000000000000000000000000202020002020202020202020202020000000000000000000000000000000000000000000000000000000000000000000000000000000000000000000000000000000000000000000000000000000000000200020202000000020002020000
310
00000200000000020000000000020000000000000002000000000000000000000000000000000000000000000000000000000000000000000000000000000000000000000200000000000000000000000000000000020202020202020202020202020202020202020202020202020202020202020202020202020202020202
310
02020202020202020202020202020202020202020202020202020202020202020202020202020202020202020202020202020202020202020202020202020202020202020202020202020202020202020202020202020202020202020202020202020202020202020202020202020202020202020202020202020202020202
310
02020202020202020202020202020202020202020202020202020202020202020202020202020202020202020202020202020202020202020202020202020202020202020202020202020202020202020202020202020202020202020202020202020202020202020202020202020202020202020202020202020202020202
310
02020202020202020202020202020202020202020202020202020202020202020202020202020202020202020202020202020202020202020202020202020202020202020202020202020202020202020202020202020202020202020202020202020202020202020202020202020202020202020202020202020202020202
310
02020202020202020202020202020202020200000000000000020000000000000000000000000000000000000000000000000000000000000000000000000000000000000000000002000000000000000000000000000000000000000000000000000000000000000000000000000000000000000000000000000000000000
310
00000000000000000000000000000000000000000000000000000000000000000000000000000000000000000000000000000000000000000000000000000000000000000000000000000000000000000000000000000000000000000000000000000000000000000000000000000000000000000000000000000000000000
310
00000000000000000000000000000000000000000000000000000000000000000000000000000000000000000000000000000000000000000000000000000000000000000000000000000000000000000000000000000000000000000000000000000000000000000000000000000000000000000000000000000000000000
310
00000000000000000000000000000000000000000000000000000000000000000000000000000000000000000000000000000000000000000000000000000000000000000000000000000000000000000000000000000000000000000000000000000000000000000000000000000000000000000000000000000000000000
310
00000000000000000000000000000000000000000000000000000000000200000000000000000000000000000000000000000000000000000000000000000000000000000000000000000000020000000000000000000000000000000000000000000000000000000000000000000000000000000000000000000000000000
310
00000000000000000000000000000000000000000000000000000000000000000000000000000000000000000000000000000000000000000000000000000000000000000000000000000000000000000000000000000000000000000000000000000000000000000000000000000000000000000000000000000000000000
310
00000000000000000000000000000000000000000000000000000000000000000000000000000000000000000000000000000000000000000200000000000000000000000000000000000000000000000000000000000000000000000000000000000000000000000000000000000000000000000000000000000000000000
310
00000000000000000000000000000000000000000000000000000000000000000000000000000000000000000000000000000000000000000000000000000000000000000000000000000000000000000000000000000000000000000000000000000000000000000000000000000000000000000000000000000000000000
310
00000000000000000000000000000000000000000000000000000000000000000002000000000000000000000000000000000000000000000000000000000000000000000000000000000000000000000200000000000000000000000000000000000000000000000000000000000000000000000000000000000000000000
310
00000000000000000000000000000000000000000000000000000000000000000000000000000000000000000000000000000000000000000000000000000000000000000000000000000000000000000000000000000000000000000000000000000000000000000000000000000000000000000000000000000000000000
310
00000000000000000000000000000000000000000000000000000000000000000000000000000000000000000000000000000000000000000000020202020000000000000000000000000000000000000000000000000000000000000000000000000000000000000000000000000000000000000000000000000000000000
310
00000000000000000000000000000000000000000000000000000000000000000000000000000000000000000000000000000000000000000000000000000000000000000000000000000000000000000000000000000000000000000000000000000000000000000000000000000000000000000000000000000000000000
310
00000000000000000000000000000000000000000000000000000000000000000000000000020000000000000000000000000000000000000000000000000000000000000000000000000000000000000000000002000000000000000000000000000000000000000000000000000000000000000000000000000000000000
310
00000000000000000000000000000000000000000000000000000000000000000000000000000000000000000000000000000000000000000000000000000000000000000000000000000000000000000000000000000000000000000000000000000000000000000000000000000000000000000000000000000000000000
310
00000000000000000000000000000000000000000000000000000000000000000000000000000000000000000000000000000000000000000000000000020000020002000000000000000000000000000000000000000000000000000000000000000000000000000000000000000000000000000000000000000000000000
310
00000000000000000000000000000000000000000000000000000000000000000000000000000000000000000000000000000000000000000000000000000000000000000000000000000000000000000000000000000000000000000000000000000000000000000000000000000000000000000000000000000000000000
310
00000000000000000000000000000000000000000000000000000000000000000000000000000000000200000000000000000000000000000000000000000000000000000000000000000000000000000000000000000000020000000000000000000000000000000000000000000000000000000000000000000000000000
310
00000000000000000000000000000000000000000000000000000000000000000000000000000000000000000000000000000000000000000000000000000000000000000000000000000000000000000000000000000000000000000000000000000000000000000000000000000000000000000000000000000000000000
310
00000000000000000000000000000000000000000000000000000000000000000000000000000000000000000000000000000000000000000000000000000000000000000200000000000000000000000000000000000000000000000000000000000000000000000000000000000000000000000000000000000000000000
310
00000000000000000000000000000000000000000000000000000000000000000000000000000000000000000000000000000000000000000000000000000000000000000000000000000000000000000000000000000000000000000000000000000000000000000000000000000000000000000000000000000000000000
310
00000000000000000000000000000000000000000000000000000000000000000000000000000000000000000002000000000000000000000000000000000000000000000000000000000000000000000000000000000000000000000200000000000000000000000000000000000000000000000000000000000000000000
310
00000000000000000000000000000000000000000000000000000000000000000000000000000000000000000000000000000000000000000000000000000000000000000000000000000000000000000000000000000000000000000000000000000000000000000000000000000000000000000000000000000000000000
310
00000000000000000000000000000000000000000000000000000000000000000000000000000000000000000000000000000000000000000000000000000000000000000000000002000000000000000000000000000000000000000000000000000000000000000000000000000000000000000000000000000000000000
310
00000000000000000000000000000000000000000000000000000000000000000000000000000000000000000000000000000000000000000000000000000000000000000000000000000000000000000000000000000000000000000000000000000000000000000000000000000000000000000000000000000000000000
310
00000000000000000000000000000000000000000000000000000000000000000000000000000000000000000000000000020000000000000000000000000000000000000000000000000000000000000000000000000000000000000000000002000000000000000000000000000000000000000000000000000000000000
310
00000000000000000000000000000000000000000000000000000000000000000000000000000000000000000000000000000000000000000000000000000000000000000000000000000000000000000000000000000000000000000000000000000000000000000000000000000000000000000000000000000000000000
310
00000000000000000000000000000000000000000000000000000000000000000000000000000000000000000000000000000000000000000000000000000000000000000000000000000000020000000000000000000000000000000000000000000000000000000000000000000000000000000000000000000000000000
310
00000000000000000000000000000000000000000000000000000000000000000000000000000000000000000000000000000000000000000000000000000000000000000000000000000000000000000000000000000000000000000000000000000000000000000000000000000000000000000000000000000000000000
310
00000000000000000000000000000000000000000000000000000000000000000000000000000000000000000000000000000000000200000000000000000000000000000000000000000000000000000000000000000000000000000000000000000000020202020202020202020202020202020202020202020202020202
310
02020202020202020202020202020202020202020202020202020202020202020202020202020202020202020202020202020202020202020202020202020202020202020202020202020202020202020202020202020202020202020202020202020202020202020202020202020202020202020202020202020202020202
310
02020202020202020202020202020202020202020202020202020202020202020202020202020202020202020202020202020202020202020202020202020202020202020202020202020202020202020202020202020202020202020202020202020202020202020202020202020202020202020202020202020202020202
310
02020202020202020202020202020202020202020202020202020202020202020202020202020202020202020202020202020202020202020202020202020202020202020202020202020202020202020202020202020202020202020202020202020202020202020202020202020202020202020202020202020202020202
310
02020202020202020202020202020202020202020202020202020202020202020202020202020202020202020202020202020202020202020202000000000000000000000000000000000000000000000000000000000000000000000000000000000000000000000000000000000000000000000000000000000000000000
310
00000000000000000000000000000000000000000000000000000000000000000000000000000000000000000000000000000000000000000000000000000000000000000000000000000000000000000000000000000000000000000000000000000000000000000000000000000000000000000000000000000000000000
310
00000000000000000000000000000000000000000000000000000000000000000000000000000000000000000000000000000000000000000000000000000000000000000000000000000000000000000000000000000000000000000000000000000000000000000000000000000000000000000000000000000000000000
310
00000000000000000000000000000000000000000000000000000000000000000000000000000000000000000000000000000000000000000000000000000000000000000000000000000000000000000000000000000000000000000000000000000000000000000000000000000000000000000000000000000000000000
310
00000000000000000000000000000000000000000000000000000000000000000000000000000000000000000000000000000000000000000000000000000000000000000000000000000000000000000000000000000000000000000000000000000000000000000000000000000000000000000000000000000000000000
310
00000000000000000000000000000000000000000000000000000000000000000000000000000000000000000000000000000000000000000000000000000000000000000000000000000000000000000000000000000000000000000000000000000000000000000000000000000000000000000000000000000000000000
310
00000000000000000000000000000000000000000000000000000000000000000000000000000000000000000000000000000000000000000000000000000000000000000000000000000000000000000000000000000000000000000000000000000000000000000000000000000000000000000000000000000000000000
310
00000000000000000000000000000000000000000000000000000000000000000000000000000000000000000000000000000000000000000000000000000000000000000000000000000000000000000000000000000000000000000000000000000000000000000000000000000000000000000000000000000000000000
310
00000000000000000000000000000000000000000000000000000000000000000000000000000000000000000000000000000000000000000000000000000000000000000000000000000000000000000000000000000000000000000000000000000000000000000000000000000000000000000000000000000000000000
310
00000000000000000000000000000000000000000000000000000000000000000000000000000000000000000000000000000000000000000000000000000000000000000000000000000000000000000000000000000000000000000000000000000000000000000000000000000000000000000000000000000000000000
310
00000000000000000000000000000000000000000000000000000000000000000000000000000000000000000000000000000000000000000000000000000000000000000000000000000000000000000000000000000000000000000000000000000000000000000000000000000000000000000000000000000000000000
310
00000000000000000000000000000000000000000000000000000000000000000000000000000000000000000000000000000000000000000000000000000000000000000000000000000000000000000000000000000000000000000000000000000000000000000000000000000000000000000000000000000000000000
310
00000000000000000000000000000000000000000000000000000000000000000000000000000000000000000000000000000000000000000000000000000000000000000000000000000000000000000000000000000000000000000000000000000000000000000000000000000000000000000000000000000000000000
310
00000000000000000000000000000000000000000000000000000000000000000000000000000000000000000000000000000000000000000000000000000000000000000000000000000000000000000000000000000000000000000000000000000000000000000000000000000000000000000000000000000000000000
310
00000000000000000000000000000000000000000000000000000000000000000000000000000000000000000000000000000000000000000000000000000000000000000000000000000000000000000000000000000000000000000000000000000000000000000000000000000000000000000000000000000000000000
310
00000000000000000000000000000000000000000000000000000000000000000000000000000000000000000000000000000000000000000000000000000000000000000000000000000000000000000000000000000000000000000000000000000000000000000000000000000000000000000000000000000000000000
310
00000000000000000000000000000000000000000000000000000000000000000000000000000000000000000000000000000000000000000000000000000000000000000000000000000000000000000000000000000000000000000000000000000000000000000000000000000000000000000000000000000000000000
310
00000000000000000000000000000000000000000000000000000000000000000000000000000000000000000000000000000000000000000000000000000000000000000000000000000000000000000000000000000000000000000000000000000000000000000000000000000000000000000000000000000000000000
310
00000000000000000000000000000000000000000000000000000000000000000000000000000000000000000000000000000000000000000000000000000000000000000000000000000000000000000000000000000000000000000000000000000000000000000000000000000000000000000000000000000000000000
310
00000000000000000000000000000000000000000000000000000000000000000000000000000000000000000000000000000000000000000000000000000000000000000000000000000000000000000000000000000000000000000000000000000000000000000000000000000000000000000000000000000000000000
310
00000000000000000000000000000000000000000000000000000000000000000000000000000000000000000000000000000000000000000000000000000000000000000000000000000000000000000000000000000000000000000000000000000000000000000000000000000000000000000000000000000000000000
310
00000000000000000000000000000000000000000000000000000000000000000000000000000000000000000000000000000000000000000000000000000000000000000000000000000000000000000000000000000000000000000000000000000000000000000000000000000000000000000000000000000000000000
310
00000000000000000000000000000000000000000000000000000000000000000000000000000000000000000000000000000000000000000000000000000000000000000000000000000000000000000000000000000000000000000000000000000000000000000000000000000000000000000000000000000000000000
310
00000000000000000000000000000000000000000000000000000000000000000000000000000000000000000000000000000000000000000000000000000000000000000000000000000000000000000000000000000000000000000000000000000000000000000000000000000000000000000000000000000000000000
310
00000000000000000000000000000000000000000000000000000000000000000000000000000000000000000000000000000000000000000000000000000000000000000000000000000000000000000000000000000000000000000000000000000000000000000000000000000000000000000000000000000000000000
310
00000000000000000000000000000000000000000000000000000000000000000000000000000000000000000000000000000000000000000000000000000000000000000000000000000000000000000000000000000000000000000000000000000000000000000000000000000000000000000000000000000000000000
310
00000000000000000000000000000000000000000000000000000000000000000000000000000000000000000000000000000000000000000000000000000000000000000000000000000000000000000000000000000000000000000000000000000000000000000000000000000000000000000000000000000000000000
310
00000000000000000000000000000000000000000000000000000000000000000000000000000000000000000000000000000000000000000000000000000000000000000000000000000000000000000000000000000000000000000000000000000000000000000000000000000000000000000000000000000000000000
310
00000000000000000000000000000000000000000000000000000000000000000000000000000000000000000000000000000000000000000000000000000000000000000000000000000000000000000000000000000000000000000000000000000000000000000000000000000000000000000000000000000000000000
310
00000000000000000000000000000000000000000000000000000000000000000000000000000000000000000000000000000000000000000000000000000000000000000000000000000000000000000000000000000000000000000000000000000000000000000000000000000000000000000000000000000000000000
310
00000000000000000000000000000000000000000000000000000000000000000000000000000000000000000000000000000000000000000000000000000000000000000000000000000000000000000000000000000000000000000000000000000000000000000000000000000000000000000000000000000000000000
310
00000000000000000000000000000000000000000000000000000000000000000000000000000000000000000000000000000000000000000000000000000000000000000000000000000000000000000000000000000000000000000000000000000000000000000000000000000000000000000000000000000000000000
310
00000000000000000000000000000000000000000000000000000000000000000000000000000000000000000000000000000000000000000000000000000000000000000000000000000000000000000000000000000000000000000000000000000000000000000000000000000000000000000000000000000000000000
310
00000000000000000000000000000000000000000000000000000000000000000000000000000000000000000000000000000000000000000000000000000000000000000000000000000000000000000000000000000000000000000000000000000000000000000000000000000000000000000000000000000000000000
310
00000000000000000000000000000000000000000000000000000000000000000000000000000000000000000000000000000000000000000000000000000000000000000000000000000000000000000000000000000000000000000000000000000000000000000000000000000000000000000000000000000000000000
310
00000000000000000000000000000000000000000000000000000000000000000000000000000000000000000000000000000000000000000000000000000000000000000000000000000000000000000000000000000000000000000000000000000000000000000000000000000000000000000000000000000000000000
310
00000000000000000000000000000000000000000000000000000000000000000000000000000000000000000000000000000000000000000000000000000000000000000000000000000000000000000000000000000000000000000000000000000000000000000000000000000000000000000000000000000000000000
310
00000000000000000000000000000000000000000000000000000000000000000000000000000000000000000000000000000000000000000000000000000000000000000000000000000000000000000000000000000000000000000000000000000000000000000000000000000000000000000000000000000000000000
310
00000000000000000000000000000000000000000000000000000000000000000000000000000000000000000000000000000000000000000000000000000000000000000000000000000000000000000000000000000000000000000000000000000000000000000000000000000000000000000000000000000000000000
310
00000000000000000000000000000000000000000000000000000000000000000000000000000000000000000000000000000000000000000000000000000000000000000000000000000000000000000000000000000000000000000000000000000000000000000000000000000000000000000000000000000000000000
310
00000000000000000000000000000000000000000000000000000000000000000000000000000000000000000000000000000000000000000000000000000000000000000000000000000000000000000000000000000000000000000000000000000000000000000000000000000000000000000000000000000000000000
310
00000000000000000000000000000000000000000000000000000000000000000000000000000000000000000000000000000000000000000000000000000000000000000000000000000000000000000000000000000000000000000000000000000000000000000000000000000000000000000000000000000000000000
310
00000000000000000000000000000000000000000000000000000000000000000000000000000000000000000000000000000000000000000000000000000000000000000000000000000000000000000000000000000000000000000000000000000000000000000000000000000000000000000000000000000000000000
310
00000000000000000000000000000000000000000000000000000000000000000000000000000000000000000000000000000000000000000000000000000000000000000000000000000000000000000000000000000000000000000000000000000000000000000000000000000000000000000000000000000000000000
310
00000000000000000000000000000000000000000000000000000000000000000000000000000000000000000000000000000000000000000000000000000000000000000000000000000000000000000000000000000000000000000000000000000000000000000000000000000000000000000000000000000000000000
310
00000000000000000000000000000000000000000000000000000000000000000000000000000000000000000000000000000000000000000000000000000000000000000000000000000000000000000000000000000000000000000000000000000000000000000000000000000000000000000000000000000000000000
310
00000000000000000000000000000000000000000000000000000000000000000000000000000000000000000000000000000000000000000000000000000000000000000000000000000000000000000000000000000000000000000000000000000000000000000000000000000000000000000000000000000000000000
310
00000000000000000000000000000000000000000000000000000000000000000000000000000000000000000000000000000000000000000000000000000000000000000000000000000000000000000000000000000000000000000000000000000000000000000000000000000000000000000000000000000000000000
310
00000000000000000000000000000000000000000000000000000000000000000000000000000000000000000000000000000000000000000000000000000000000000000000000000000000000000000000000000000000000000000000000000000000000000000000000000000000000000000000000000000000000000
310
00000000000000000000000000000000000000000000000000000000000000000000000000000000000000000000000000000000000000000000000000000000000000000000000000000000000000000000000000000000000000000000000000000000000000000000000000000000000000000000000000000000000000
310
00000000000000000000000000000000000000000000000000000000000000000000000000000000000000000000000000000000000000000000000000000000000000000000000000000000000000000000000000000000000000000000000000000000000000000000000000000000000000000000000000000000000000
310
00000000000000000000000000000000000000000000000000000000000000000000000000000000000000000000000000000000000000000000000000000000000000000000000000000000000000000000000000000000000000000000000000000000000000000000000000000000000000000000000000000000000000
310
00000000000000000000000000000000000000000000000000000000000000000000000000000000000000000000000000000000000000000000000000000000000000000000000000000000000000000000000000000000000000000000000000000000000000000000000000000000000000000000000000000000000000
310
00000000000000000000000000000000000000000000000000000000000000000000000000000000000000000000000000000000000000000000000000000000000000000000000000000000000000000000000000000000000000000000000000000000000000000000000000000000000000000000000000000000000000
310
00000000000000000000000000000000000000000000000000000000000000000000000000000000000000000000000000000000000000000000000000000000000000000000000000000000000000000000000000000000000000000000000000000000000000000000000000000000000000000000000000000000000000
310
00000000000000000000000000000000000000000000000000000000000000000000000000000000000000000000000000000000000000000000000000000000000000000000000000000000000000000000000000000000000000000000000000000000000000000000000000000000000000000000000000000000000000
310
00000000000000000000000000000000000000000000000000000000000000000000000000000000000000000000000000000000000000000000000000000000000000000000000000000000000000000000000000000000000000000000000000000000000000000000000000000000000000000000000000000000000000
310
00000000000000000000000000000000000000000000000000000000000000000000000000000000000000000000000000000000000000000000000000000000000000000000000000000000000000000000000000000000000000000000000000000000000000000000000000000000000000000000000000000000000000
310
00000000000000000000000000000000000000000000000000000000000000000000000000000000000000000000000000000000000000000000000000000000000000000000000000000000000000000000000000000000000000000000000000000000000000000000000000000000000000000000000000000000000000
310
00000000000000000000000000000000000000000000000000000000000000000000000000000000000000000000000000000000000000000000000000000000000000000000000000000000000000000000000000000000000000000000000000000000000000000000000000000000000000000000000000000000000000
310
00000000000000000000000000000000000000000000000000000000000000000000000000000000000000000000000000000000000000000000000000000000000000000000000000000000000000000000000000000000000000000000000000000000000000000000000000000000000000000000000000000000000000
310
00000000000000000000000000000000000000000000000000000000000000000000000000000000000000000000000000000000000000000000000000000000000000000000000000000000000000000000000000000000000000000000000000000000000000000000000000000000000000000000000000000000000000
310
00000000000000000000000000000000000000000000000000000000000000000000000000000000000000000000000000000000000000000000000000000000000000000000000000000000000000000000000000000000000000000000000000000000000000000000000000000000000000000000000000000000000000
310
00000000000000000000000000000000000000000000000000000000000000000000000000000000000000000000000000000000000000000000000000000000000000000000000000000000000000000000000000000000000000000000000000000000000000000000000000000000000000000000000000000000000000
310
00000000000000000000000000000000000000000000000000000000000000000000000000000000000000000000000000000000000000000000000000000000000000000000000000000000000000000000000000000000000000000000000000000000000000000000000000000000000000000000000000000000000000
310
00000000000000000000000000000000000000000000000000000000000000000000000000000000000000000000000000000000000000000000000000000000000000000000000000000000000000000000000000000000000000000000000000000000000000000000000000000000000000000000000000000000000000
310
00000000000000000000000000000000000000000000000000000000000000000000000000000000000000000000000000000000000000000000000000000000000000000000000000000000000000000000000000000000000000000000000000000000000000000000000000000000000000000000000000000000000000
310
00000000000000000000000000000000000000000000000000000000000000000000000000000000000000000000000000000000000000000000000000000000000000000000000000000000000000000000000000000000000000000000000000000000000000000000000000000000000000000000000000000000000000
310
00000000000000000000000000000000000000000000000000000000000000000000000000000000000000000000000000000000000000000000000000000000000000000000000000000000000000000000000000000000000000000000000000000000000000000000000000000000000000000000000000000000000000
310
00000000000000000000000000000000000000000000000000000000000000000000000000000000000000000000000000000000000000000000000000000000000000000000000000000000000000000000000000000000000000000000000000000000000000000000000000000000000000000000000000000000000000
310
00000000000000000000000000000000000000000000000000000000000000000000000000000000000000000000000000000000000000000000000000000000000000000000000000000000000000000000000000000000000000000000000000000000000000000000000000000000000000000000000000000000000000
310
00000000000000000000000000000000000000000000000000000000000000000000000000000000000000000000000000000000000000000000000000000000000000000000000000000000000000000000000000000000000000000000000000000000000000000000000000000000000000000000000000000000000000
310
00000000000000000000000000000000000000000000000000000000000000000000000000000000000000000000000000000000000000000000000000000000000000000000000000000000000000000000000000000000000000000000000000000000000000000000000000000000000000000000000000000000000000
310
00000000000000000000000000000000000000000000000000000000000000000000000000000000000000000000000000000000000000000000000000000000000000000000000000000000000000000000000000000000000000000000000000000000000000000000000000000000000000000000000000000000000000
310
00000000000000000000000000000000000000000000000000000000000000000000000000000000000000000000000000000000000000000000000000000000000000000000000000000000000000000000000000000000000000000000000000000000000000000000000000000000000000000000000000000000000000
310
00000000000000000000000000000000000000000000000000000000000000000000000000000000000000000000000000000000000000000000000000000000000000000000000000000000000000000000000000000000000000000000000000000000000000000000000000000000000000000000000000000000000000
310
00000000000000000000000000000000000000000000000000000000000000000000000000000000000000000000000000000000000000000000000000000000000000000000000000000000000000000000000000000000000000000000000000000000000000000000000000000000000000000000000000000000000000
310
00000000000000000000000000000000000000000000000000000000000000000000000000000000000000000000000000000000000000000000000000000000000000000000000000000000000000000000000000000000000000000000000000000000000000000000000000000000000000000000000000000000000000
310
00000000000000000000000000000000000000000000000000000000000000000000000000000000000000000000000000000000000000000000000000000000000000000000000000000000000000000000000000000000000000000000000000000000000000000000000000000000000000000000000000000000000000
310
00000000000000000000000000000000000000000000000000000000000000000000000000000000000000000000000000000000000000000000000000000000000000000000000000000000000000000000000000000000000000000000000000000000000000000000000000000000000000000000000000000000000000
310
00000000000000000000000000000000000000000000000000000000000000000000000000000000000000000000000000000000000000000000000000000000000000000000000000000000000000000000000000000000000000000000000000000000000000000000000000000000000000000000000000000000000000
310
00000000000000000000000000000000000000000000000000000000000000000000000000000000000000000000000000000000000000000000000000000000000000000000000000000000000000000000000000000000000000000000000000000000000000000000000000000000000000000000000000000000000000
310
00000000000000000000000000000000000000000000000000000000000000000000000000000000000000000000000000000000000000000000000000000000000000000000000000000000000000000000000000000000000000000000000000000000000000000000000000000000000000000000000000000000000000
310
00000000000000000000000000000000000000000000000000000000000000000000000000000000000000000000000000000000000000000000000000000000000000000000000000000000000000000000000000000000000000000000000000000000000000000000000000000000000000000000000000000000000000
310
00000000000000000000000000000000000000000000000000000000000000000000000000000000000000000000000000000000000000000000000000000000000000000000000000000000000000000000000000000000000000000000000000000000000000000000000000000000000000000000000000000000000000
310
00000000000000000000000000000000000000000000000000000000000000000000000000000000000000000000000000000000000000000000000000000000000000000000000000000000000000000000000000000000000000000000000000000000000000000000000000000000000000000000000000000000000000
310
00000000000000000000000000000000000000000000000000000000000000000000000000000000000000000000000000000000000000000000000000000000000000000000000000000000000000000000000000000000000000000000000000000000000000000000000000000000000000000000000000000000000000
310
00000000000000000000000000000000000000000000000000000000000000000000000000000000000000000000000000000000000000000000000000000000000000000000000000000000000000000000000000000000000000000000000000000000000000000000000000000000000000000000000000000000000000
310
00000000000000000000000000000000000000000000000000000000000000000000000000000000000000000000000000000000000000000000000000000000000000000000000000000000000000000000000000000000000000000000000000000000000000000000000000000000000000000000000000000000000000
310
00000000000000000000000000000000000000000000000000000000000000000000000000000000000000000000000000000000000000000000000000000000000000000000000000000000000000000000000000000000000000000000000000000000000000000000000000000000000000000000000000000000000000
310
00000000000000000000000000000000000000000000000000000000000000000000000000000000000000000000000000000000000000000000000000000000000000000000000000000000000000000000000000000000000000000000000000000000000000000000000000000000000000000000000000000000000000
310
00000000000000000000000000000000000000000000000000000000000000000000000000000000000000000000000000000000000000000000000000000000000000000000000000000000000000000000000000000000000000000000000000000000000000000000000000000000000000000000000000000000000000
310
00000000000000000000000000000000000000000000000000000000000000000000000000000000000000000000000000000000000000000000000000000000000000000000000000000000000000000000000000000000000000000000000000000000000000000000000000000000000000000000000000000000000000
310
00000000000000000000000000000000000000000000000000000000000000000000000000000000000000000000000000000000000000000000000000000000000000000000000000000000000000000000000000000000000000000000000000000000000000000000000000000000000000000000000000000000000000
310
00000000000000000000000000000000000000000000000000000000000000000000000000000000000000000000000000000000000000000000000000000000000000000000000000000000000000000000000000000000000000000000000000000000000000000000000000000000000000000000000000000000000000
310
00000000000000000000000000000000000000000000000000000000000000000000000000000000000000000000000000000000000000000000000000000000000000000000000000000000000000000000000000000000000000000000000000000000000000000000000000000000000000000000000000000000000000
310
00000000000000000000000000000000000000000000000000000000000000000000000000000000000000000000000000000000000000000000000000000000000000000000000000000000000000000000000000000000000000000000000000000000000000000000000000000000000000000000000000000000000000
310
00000000000000000000000000000000000000000000000000000000000000000000000000000000000000000000000000000000000000000000000000000000000000000000000000000000000000000000000000000000000000000000000000000000000000000000000000000000000000000000000000000000000000
310
00000000000000000000000000000000000000000000000000000000000000000000000000000000000000000000000000000000000000000000000000000000000000000000000000000000000000000000000000000000000000000000000000000000000000000000000000000000000000000000000000000000000000
310
00000000000000000000000000000000000000000000000000000000000000000000000000000000000000000000000000000000000000000000000000000000000000000000000000000000000000000000000000000000000000000000000000000000000000000000000000000000000000000000000000000000000000
310
00000000000000000000000000000000000000000000000000000000000000000000000000000000000000000000000000000000000000000000000000000000000000000000000000000000000000000000000000000000000000000000000000000000000000000000000000000000000000000000000000000000000000
310
00000000000000000000000000000000000000000000000000000000000000000000000000000000000000000000000000000000000000000000000000000000000000000000000000000000000000000000000000000000000000000000000000000000000000000000000000000000000000000000000000000000000000
310
00000000000000000000000000000000000000000000000000000000000000000000000000000000000000000000000000000000000000000000000000000000000000000000000000000000000000000000000000000000000000000000000000000000000000000000000000000000000000000000000000000000000000
310
00000000000000000000000000000000000000000000000000000000000000000000000000000000000000000000000000000000000000000000000000000000000000000000000000000000000000000000000000000000000000000000000000000000000000000000000000000000000000000000000000000000000000
310
00000000000000000000000000000000000000000000000000000000000000000000000000000000000000000000000000000000000000000000000000000000000000000000000000000000000000000000000000000000000000000000000000000000000000000000000000000000000000000000000000000000000000
310
00000000000000000000000000000000000000000000000000000000000000000000000000000000000000000000000000000000000000000000000000000000000000000000000000000000000000000000000000000000000000000000000000000000000000000000000000000000000000000000000000000000000000
310
00000000000000000000000000000000000000000000000000000000000000000000000000000000000000000000000000000000000000000000000000000000000000000000000000000000000000000000000000000000000000000000000000000000000000000000000000000000000000000000000000000000000000
310
00000000000000000000000000000000000000000000000000000000000000000000000000000000000000000000000000000000000000000000000000000000000000000000000000000000000000000000000000000000000000000000000000000000000000000000000000000000000000000000000000000000000000
310
00000000000000000000000000000000000000000000000000000000000000000000000000000000000000000000000000000000000000000000000000000000000000000000000000000000000000000000000000000000000000000000000000000000000000000000000000000000000000000000000000000000000000
310
00000000000000000000000000000000000000000000000000000000000000000000000000000000000000000000000000000000000000000000000000000000000000000000000000000000000000000000000000000000000000000000000000000000000000000000000000000000000000000000000000000000000000
310
00000000000000000000000000000000000000000000000000000000000000000000000000000000000000000000000000000000000000000000000000000000000000000000000000000000000000000000000000000000000000000000000000000000000000000000000000000000000000000000000000000000000000
310
00000000000000000000000000000000000000000000000000000000000000000000000000000000000000000000000000000000000000000000000000000000000000000000000000000000000000000000000000000000000000000000000000000000000000000000000000000000000000000000000000000000000000
310
00000000000000000000000000000000000000000000000000000000000000000000000000000000000000000000000000000000000000000000000000000000000000000000000000000000000000000000000000000000000000000000000000000000000000000000000000000000000000000000000000000000000000
310
00000000000000000000000000000000000000000000000000000000000000000000000000000000000000000000000000000000000000000000000000000000000000000000000000000000000000000000000000000000000000000000000000000000000000000000000000000000000000000000000000000000000000
310
00000000000000000000000000000000000000000000000000000000000000000000000000000000000000000000000000000000000000000000000000000000000000000000000000000000000000000000000000000000000000000000000000000000000000000000000000000000000000000000000000000000000000
310
00000000000000000000000000000000000000000000000000000000000000000000000000000000000000000000000000000000000000000000000000000000000000000000000000000000000000000000000000000000000000000000000000000000000000000000000000000000000000000000000000000000000000
310
00000000000000000000000000000000000000000000000000000000000000000000000000000000000000000000000000000000000000000000000000000000000000000000000000000000000000000000000000000000000000000000000000000000000000000000000000000000000000000000000000000000000000
310
00000000000000000000000000000000000000000000000000000000000000000000000000000000000000000000000000000000000000000000000000000000000000000000000000000000000000000000000000000000000000000000000000000000000000000000000000000000000000000000000000000000000000
310
00000000000000000000000000000000000000000000000000000000000000000000000000000000000000000000000000000000000000000000000000000000000000000000000000000000000000000000000000000000000000000000000000000000000000000000000000000000000000000000000000000000000000
310
00000000000000000000000000000000000000000000000000000000000000000000000000000000000000000000000000000000000000000000000000000000000000000000000000000000000000000000000000000000000000000000000000000000000000000000000000000000000000000000000000000000000000
310
00000000000000000000000000000000000000000000000000000000000000000000000000000000000000000000000000000000000000000000000000000000000000000000000000000000000000000000000000000000000000000000000000000000000000000000000000000000000000000000000000000000000000
310
00000000000000000000000000000000000000000000000000000000000000000000000000000000000000000000000000000000000000000000000000000000000000000000000000000000000000000000000000000000000000000000000000000000000000000000000000000000000000000000000000000000000000
310
00000000000000000000000000000000000000000000000000000000000000000000000000000000000000000000000000000000000000000000000000000000000000000000000000000000000000000000000000000000000000000000000000000000000000000000000000000000000000000000000000000000000000
310
00000000000000000000000000000000000000000000000000000000000000000000000000000000000000000000000000000000000000000000000000000000000000000000000000000000000000000000000000000000000000000000000000000000000000000000000000000000000000000000000000000000000000
310
00000000000000000000000000000000000000000000000000000000000000000000000000000000000000000000000000000000000000000000000000000000000000000000000000000000000000000000000000000000000000000000000000000000000000000000000000000000000000000000000000000000000000
310
00000000000000000000000000000000000000000000000000000000000000000000000000000000000000000000000000000000000000000000000000000000000000000000000000000000000000000000000000000000000000000000000000000000000000000000000000000000000000000000000000000000000000
310
00000000000000000000000000000000000000000000000000000000000000000000000000000000000000000000000000000000000000000000000000000000000000000000000000000000000000000000000000000000000000000000000000000000000000000000000000000000000000000000000000000000000000
310
00000000000000000000000000000000000000000000000000000000000000000000000000000000000000000000000000000000000000000000000000000000000000000000000000000000000000000000000000000000000000000000000000000000000000000000000000000000000000000000000000000000000000
310
00000000000000000000000000000000000000000000000000000000000000000000000000000000000000000000000000000000000000000000000000000000000000000000000000000000000000000000000000000000000000000000000000000000000000000000000000000000000000000000000000000000000000
310
00000000000000000000000000000000000000000000000000000000000000000000000000000000000000000000000000000000000000000000000000000000000000000000000000000000000000000000000000000000000000000000000000000000000000000000000000000000000000000000000000000000000000
310
00000000000000000000000000000000000000000000000000000000000000000000000000000000000000000000000000000000000000000000000000000000000000000000000000000000000000000000000000000000000000000000000000000000000000000000000000000000000000000000000000000000000000
310
00000000000000000000000000000000000000000000000000000000000000000000000000000000000000000000000000000000000000000000000000000000000000000000000000000000000000000000000000000000000000000000000000000000000000000000000000000000000000000000000000000000000000
310
00000000000000000000000000000000000000000000000000000000000000000000000000000000000000000000000000000000000000000000000000000000000000000000000000000000000000000000000000000000000000000000000000000000000000000000000000000000000000000000000000000000000000
310
00000000000000000000000000000000000000000000000000000000000000000000000000000000000000000000000000000000000000000000000000000000000000000000000000000000000000000000000000000000000000000000000000000000000000000000000000000000000000000000000000000000000000
310
00000000000000000000000000000000000000000000000000000000000000000000000000000000000000000000000000000000000000000000000000000000000000000000000000000000000000000000000000000000000000000000000000000000000000000000000000000000000000000000000000000000000000
310
00000000000000000000000000000000000000000000000000000000000000000000000000000000000000000000000000000000000000000000000000000000000000000000000000000000000000000000000000000000000000000000000000000000000000000000000000000000000000000000000000000000000000
310
00000000000000000000000000000000000000000000000000000000000000000000000000000000000000000000000000000000000000000000000000000000000000000000000000000000000000000000000000000000000000000000000000000000000000000000000000000000000000000000000000000000000000
310
00000000000000000000000000000000000000000000000000000000000000000000000000000000000000000000000000000000000000000000000000000000000000000000000000000000000000000000000000000000000000000000000000000000000000000000000000000000000000000000000000000000000000
310
00000000000000000000000000000000000000000000000000000000000000000000000000000000000000000000000000000000000000000000000000000000000000000000000000000000000000000000000000000000000000000000000000000000000000000000000000000000000000000000000000000000000000
310
00000000000000000000000000000000000000000000000000000000000000000000000000000000000000000000000000000000000000000000000000000000000000000000000000000000000000000000000000000000000000000000000000000000000000000000000000000000000000000000000000000000000000
310
00000000000000000000000000000000000000000000000000000000000000000000000000000000000000000000000000000000000000000000000000000000000000000000000000000000000000000000000000000000000000000000000000000000000000000000000000000000000000000000000000000000000000
310
00000000000000000000000000000000000000000000000000000000000000000000000000000000000000000000000000000000000000000000000000000000000000000000000000000000000000000000000000000000000000000000000000000000000000000000000000000000000000000000000000000000000000
310
00000000000000000000000000000000000000000000000000000000000000000000000000000000000000000000000000000000000000000000000000000000000000000000000000000000000000000000000000000000000000000000000000000000000000000000000000000000000000000000000000000000000000
310
00000000000000000000000000000000000000000000000000000000000000000000000000000000000000000000000000000000000000000000000000000000000000000000000000000000000000000000000000000000000000000000000000000000000000000000000000000000000000000000000000000000000000
310
00000000000000000000000000000000000000000000000000000000000000000000000000000000000000000000000000000000000000000000000000000000000000000000000000000000000000000000000000000000000000000000000000000000000000000000000000000000000000000000000000000000000000
310
00000000000000000000000000000000000000000000000000000000000000000000000000000000000000000000000000000000000000000000000000000000000000000000000000000000000000000000000000000000000000000000000000000000000000000000000000000000000000000000000000000000000000
310
00000000000000000000000000000000000000000000000000000000000000000000000000000000000000000000000000000000000000000000000000000000000000000000000000000000000000000000000000000000000000000000000000000000000000000000000000000000000000000000000000000000000000
310
00000000000000000000000000000000000000000000000000000000000000000000000000000000000000000000000000000000000000000000000000000000000000000000000000000000000000000000000000000000000000000000000000000000000000000000000000000000000000000000000000000000000000
310
00000000000000000000000000000000000000000000000000000000000000000000000000000000000000000000000000000000000000000000000000000000000000000000000000000000000000000000000000000000000000000000000000000000000000000000000000000000000000000000000000000000000000
310
00000000000000000000000000000000000000000000000000000000000000000000000000000000000000000000000000000000000000000000000000000000000000000000000000000000000000000000000000000000000000000000000000000000000000000000000000000000000000000000000000000000000000
310
00000000000000000000000000000000000000000000000000000000000000000000000000000000000000000000000000000000000000000000000000000000000000000000000000000000000000000000000000000000000000000000000000000000000000000000000000000000000000000000000000000000000000
310
00000000000000000000000000000000000000000000000000000000000000000000000000000000000000000000000000000000000000000000000000000000000000000000000000000000000000000000000000000000000000000000000000000000000000000000000000000000000000000000000000000000000000
310
00000000000000000000000000000000000000000000000000000000000000000000000000000000000000000000000000000000000000000000000000000000000000000000000000000000000000000000000000000000000000000000000000000000000000000000000000000000000000000000000000000000000000
310
00000000000000000000000000000000000000000000000000000000000000000000000000000000000000000000000000000000000000000000000000000000000000000000000000000000000000000000000000000000000000000000000000000000000000000000000000000000000000000000000000000000000000
310
00000000000000000000000000000000000000000000000000000000000000000000000000000000000000000000000000000000000000000000000000000000000000000000000000000000000000000000000000000000000000000000000000000000000000000000000000000000000000000000000000000000000000
310
00000000000000000000000000000000000000000000000000000000000000000000000000000000000000000000000000000000000000000000000000000000000000000000000000000000000000000000000000000000000000000000000000000000000000000000000000000000000000000000000000000000000000
310
00000000000000000000000000000000000000000000000000000000000000000000000000000000000000000000000000000000000000000000000000000000000000000000000000000000000000000000000000000000000000000000000000000000000000000000000000000000000000000000000000000000000000
310
00000000000000000000000000000000000000000000000000000000000000000000000000000000000000000000000000000000000000000000000000000000000000000000000000000000000000000000000000000000000000000000000000000000000000000000000000000000000000000000000000000000000000
310
00000000000000000000000000000000000000000000000000000000000000000000000000000000000000000000000000000000000000000000000000000000000000000000000000000000000000000000000000000000000000000000000000000000000000000000000000000000000000000000000000000000000000
310
00000000000000000000000000000000000000000000000000000000000000000000000000000000000000000000000000000000000000000000000000000000000000000000000000000000000000000000000000000000000000000000000000000000000000000000000000000000000000000000000000000000000000
310
00000000000000000000000000000000000000000000000000000000000000000000000000000000000000000000000000000000000000000000000000000000000000000000000000000000000000000000000000000000000000000000000000000000000000000000000000000000000000000000000000000000000000
310
00000000000000000000000000000000000000000000000000000000000000000000000000000000000000000000000000000000000000000000000000000000000000000000000000000000000000000000000000000000000000000000000000000000000000000000000000000000000000000000000000000000000000
310
00000000000000000000000000000000000000000000000000000000000000000000000000000000000000000000000000000000000000000000000000000000000000000000000000000000000000000000000000000000000000000000000000000000000000000000000000000000000000000000000000000000000000
310
00000000000000000000000000000000000000000000000000000000000000000000000000000000000000000000000000000000000000000000000000000000000000000000000000000000000000000000000000000000000000000000000000000000000000000000000000000000000000000000000000000000000000
310
00000000000000000000000000000000000000000000000000000000000000000000000000000000000000000000000000000000000000000000000000000000000000000000000000000000000000000000000000000000000000000000000000000000000000000000000000000000000000000000000000000000000000
310
00000000000000000000000000000000000000000000000000000000000000000000000000000000000000000000000000000000000000000000000000000000000000000000000000000000000000000000000000000000000000000000000000000000000000000000000000000000000000000000000000000000000000
310
00000000000000000000000000000000000000000000000000000000000000000000000000000000000000000000000000000000000000000000000000000000000000000000000000000000000000000000000000000000000000000000000000000000000000000000000000000000000000000000000000000000000000
310
00000000000000000000000000000000000000000000000000000000000000000000000000000000000000000000000000000000000000000000000000000000000000000000000000000000000000000000000000000000000000000000000000000000000000000000000000000000000000000000000000000000000000
310
00000000000000000000000000000000000000000000000000000000000000000000000000000000000000000000000000000000000000000000000000000000000000000000000000000000000000000000000000000000000000000000000000000000000000000000000000000000000000000000000000000000000000
310
00000000000000000000000000000000000000000000000000000000000000000000000000000000000000000000000000000000000000000000000000000000000000000000000000000000000000000000000000000000000000000000000000000000000000000000000000000000000000000000000000000000000000
310
00000000000000000000000000000000000000000000000000000000000000000000000000000000000000000000000000000000000000000000000000000000000000000000000000000000000000000000000000000000000000000000000000000000000000000000000000000000000000000000000000000000000000
310
00000000000000000000000000000000000000000000000000000000000000000000000000000000000000000000000000000000000000000000000000000000000000000000000000000000000000000000000000000000000000000000000000000000000000000000000000000000000000000000000000000000000000
310
00000000000000000000000000000000000000000000000000000000000000000000000000000000000000000000000000000000000000000000000000000000000000000000000000000000000000000000000000000000000000000000000000000000000000000000000000000000000000000000000000000000000000
310
00000000000000000000000000000000000000000000000000000000000000000000000000000000000000000000000000000000000000000000000000000000000000000000000000000000000000000000000000000000000000000000000000000000000000000000000000000000000000000000000000000000000000
310
00000000000000000000000000000000000000000000000000000000000000000000000000000000000000000000000000000000000000000000000000000000000000000000000000000000000000000000000000000000000000000000000000000000000000000000000000000000000000000000000000000000000000
310
00000000000000000000000000000000000000000000000000000000000000000000000000000000000000000000000000000000000000000000000000000000000000000000000000000000000000000000000000000000000000000000000000000000000000000000000000000000000000000000000000000000000000
310
00000000000000000000000000000000000000000000000000000000000000000000000000000000000000000000000000000000000000000000000000000000000000000000000000000000000000000000000000000000000000000000000000000000000000000000000000000000000000000000000000000000000000
310
00000000000000000000000000000000000000000000000000000000000000000000000000000000000000000000000000000000000000000000000000000000000000000000000000000000000000000000000000000000000000000000000000000000000000000000000000000000000000000000000000000000000000
310
00000000000000000000000000000000000000000000000000000000000000000000000000000000000000000000000000000000000000000000000000000000000000000000000000000000000000000000000000000000000000000000000000000000000000000000000000000000000000000000000000000000000000
310
00000000000000000000000000000000000000000000000000000000000000000000000000000000000000000000000000000000000000000000000000000000000000000000000000000000000000000000000000000000000000000000000000000000000000000000000000000000000000000000000000000000000000
310
00000000000000000000000000000000000000000000000000000000000000000000000000000000000000000000000000000000000000000000000000000000000000000000000000000000000000000000000000000000000000000000000000000000000000000000000000000000000000000000000000000000000000
310
00000000000000000000000000000000000000000000000000000000000000000000000000000000000000000000000000000000000000000000000000000000000000000000000000000000000000000000000000000000000000000000000000000000000000000000000000000000000000000000000000000000000000
310
00000000000000000000000000000000000000000000000000000000000000000000000000000000000000000000000000000000000000000000000000000000000000000000000000000000000000000000000000000000000000000000000000000000000000000000000000000000000000000000000000000000000000
310
00000000000000000000000000000000000000000000000000000000000000000000000000000000000000000000000000000000000000000000000000000000000000000000000000000000000000000000000000000000000000000000000000000000000000000000000000000000000000000000000000000000000000
310
00000000000000000000000000000000000000000000000000000000000000000000000000000000000000000000000000000000000000000000000000000000000000000000000000000000000000000000000000000000000000000000000000000000000000000000000000000000000000000000000000000000000000
310
00000000000000000000000000000000000000000000000000000000000000000000000000000000000000000000000000000000000000000000000000000000000000000000000000000000000000000000000000000000000000000000000000000000000000000000000000000000000000000000000000000000000000
310
00000000000000000000000000000000000000000000000000000000000000000000000000000000000000000000000000000000000000000000000000000000000000000000000000000000000000000000000000000000000000000000000000000000000000000000000000000000000000000000000000000000000000
310
00000000000000000000000000000000000000000000000000000000000000000000000000000000000000000000000000000000000000000000000000000000000000000000000000000000000000000000000000000000000000000000000000000000000000000000000000000000000000000000000000000000000000
310
00000000000000000000000000000000000000000000000000000000000000000000000000000000000000000000000000000000000000000000000000000000000000000000000000000000000000000000000000000000000000000000000000000000000000000000000000000000000000000000000000000000000000
310
00000000000000000000000000000000000000000000000000000000000000000000000000000000000000000000000000000000000000000000000000000000000000000000000000000000000000000000000000000000000000000000000000000000000000000000000000000000000000000000000000000000000000
310
00000000000000000000000000000000000000000000000000000000000000000000000000000000000000000000000000000000000000000000000000000000000000000000000000000000000000000000000000000000000000000000000000000000000000000000000000000000000000000000000000000000000000
310
00000000000000000000000000000000000000000000000000000000000000000000000000000000000000000000000000000000000000000000000000000000000000000000000000000000000000000000000000000000000000000000000000000000000000000000000000000000000000000000000000000000000000
310
00000000000000000000000000000000000000000000000000000000000000000000000000000000000000000000000000000000000000000000000000000000000000000000000000000000000000000000000000000000000000000000000000000000000000000000000000000000000000000000000000000000000000
310
00000000000000000000000000000000000000000000000000000000000000000000000000000000000000000000000000000000000000000000000000000000000000000000000000000000000000000000000000000000000000000000000000000000000000000000000000000000000000000000000000000000000000
310
00000000000000000000000000000000000000000000000000000000000000000000000000000000000000000000000000000000000000000000000000000000000000000000000000000000000000000000000000000000000000000000000000000000000000000000000000000000000000000000000000000000000000
310
00000000000000000000000000000000000000000000000000000000000000000000000000000000000000000000000000000000000000000000000000000000000000000000000000000000000000000000000000000000000000000000000000000000000000000000000000000000000000000000000000000000000000
310
00000000000000000000000000000000000000000000000000000000000000000000000000000000000000000000000000000000000000000000000000000000000000000000000000000000000000000000000000000000000000000000000000000000000000000000000000000000000000000000000000000000000000
310
00000000000000000000000000000000000000000000000000000000000000000000000000000000000000000000000000000000000000000000000000000000000000000000000000000000000000000000000000000000000000000000000000000000000000000000000000000000000000000000000000000000000000
310
00000000000000000000000000000000000000000000000000000000000000000000000000000000000000000000000000000000000000000000000000000000000000000000000000000000000000000000000000000000000000000000000000000000000000000000000000000000000000000000000000000000000000
310
00000000000000000000000000000000000000000000000000000000000000000000000000000000000000000000000000000000000000000000000000000000000000000000000000000000000000000000000000000000000000000000000000000000000000000000000000000000000000000000000000000000000000
310
00000000000000000000000000000000000000000000000000000000000000000000000000000000000000000000000000000000000000000000000000000000000000000000000000000000000000000000000000000000000000000000000000000000000000000000000000000000000000000000000000000000000000
310
00000000000000000000000000000000000000000000000000000000000000000000000000000000000000000000000000000000000000000000000000000000000000000000000000000000000000000000000000000000000000000000000000000000000000000000000000000000000000000000000000000000000000
310
00000000000000000000000000000000000000000000000000000000000000000000000000000000000000000000000000000000000000000000000000000000000000000000000000000000000000000000000000000000000000000000000000000000000000000000000000000000000000000000000000000000000000
310
00000000000000000000000000000000000000000000000000000000000000000000000000000000000000000000000000000000000000000000000000000000000000000000000000000000000000000000000000000000000000000000000000000000000000000000000000000000000000000000000000000000000000
310
00000000000000000000000000000000000000000000000000000000000000000000000000000000000000000000000000000000000000000000000000000000000000000000000000000000000000000000000000000000000000000000000000000000000000000000000000000000000000000000000000000000000000
310
00000000000000000000000000000000000000000000000000000000000000000000000000000000000000000000000000000000000000000000000000000000000000000000000000000000000000000000000000000000000000000000000000000000000000000000000000000000000000000000000000000000000000
310
00000000000000000000000000000000000000000000000000000000000000000000000000000000000000000000000000000000000000000000000000000000000000000000000000000000000000000000000000000000000000000000000000000000000000000000000000000000000000000000000000000000000000
310
00000000000000000000000000000000000000000000000000000000000000000000000000000000000000000000000000000000000000000000000000000000000000000000000000000000000000000000000000000000000000000000000000000000000000000000000000000000000000000000000000000000000000
310
00000000000000000000000000000000000000000000000000000000000000000000000000000000000000000000000000000000000000000000000000000000000000000000000000000000000000000000000000000000000000000000000000000000000000000000000000000000000000000000000000000000000000
310
00000000000000000000000000000000000000000000000000000000000000000000000000000000000000000000000000000000000000000000000000000000000000000000000000000000000000000000000000000000000000000000000000000000000000000000000000000000000000000000000000000000000000
310
00000000000000000000000000000000000000000000000000000000000000000000000000000000000000000000000000000000000000000000000000000000000000000000000000000000000000000000000000000000000000000000000000000000000000000000000000000000000000000000000000000000000000
310
00000000000000000000000000000000000000000000000000000000000000000000000000000000000000000000000000000000000000000000000000000000000000000000000000000000000000000000000000000000000000000000000000000000000000000000000000000000000000000000000000000000000000
310
00000000000000000000000000000000000000000000000000000000000000000000000000000000000000000000000000000000000000000000000000000000000000000000000000000000000000000000000000000000000000000000000000000000000000000000000000000000000000000000000000000000000000
310
00000000000000000000000000000000000000000000000000000000000000000000000000000000000000000000000000000000000000000000000000000000000000000000000000000000000000000000000000000000000000000000000000000000000000000000000000000000000000000000000000000000000000
310
00000000000000000000000000000000000000000000000000000000000000000000000000000000000000000000000000000000000000000000000000000000000000000000000000000000000000000000000000000000000000000000000000000000000000000000000000000000000000000000000000000000000000
310
00000000000000000000000000000000000000000000000000000000000000000000000000000000000000000000000000000000000000000000000000000000000000000000000000000000000000000000000000000000000000000000000000000000000000000000000000000000000000000000000000000000000000
310
00000000000000000000000000000000000000000000000000000000000000000000000000000000000000000000000000000000000000000000000000000000000000000000000000000000000000000000000000000000000000000000000000000000000000000000000000000000000000000000000000000000000000
310
00000000000000000000000000000000000000000000000000000000000000000000000000000000000000000000000000000000000000000000000000000000000000000000000000000000000000000000000000000000000000000000000000000000000000000000000000000000000000000000000000000000000000
310
00000000000000000000000000000000000000000000000000000000000000000000000000000000000000000000000000000000000000000000000000000000000000000000000000000000000000000000000000000000000000000000000000000000000000000000000000000000000000000000000000000000000000
310
00000000000000000000000000000000000000000000000000000000000000000000000000000000000000000000000000000000000000000000000000000000000000000000000000000000000000000000000000000000000000000000000000000000000000000000000000000000000000000000000000000000000000
310
00000000000000000000000000000000000000000000000000000000000000000000000000000000000000000000000000000000000000000000000000000000000000000000000000000000000000000000000000000000000000000000000000000000000000000000000000000000000000000000000000000000000000
310
00000000000000000000000000000000000000000000000000000000000000000000000000000000000000000000000000000000000000000000000000000000000000000000000000000000000000000000000000000000000000000000000000000000000000000000000000000000000000000000000000000000000000
310
00000000000000000000000000000000000000000000000000000000000000000000000000000000000000000000000000000000000000000000000000000000000000000000000000000000000000000000000000000000000000000000000000000000000000000000000000000000000000000000000000000000000000
310
00000000000000000000000000000000000000000000000000000000000000000000000000000000000000000000000000000000000000000000000000000000000000000000000000000000000000000000000000000000000000000000000000000000000000000000000000000000000000000000000000000000000000
310
00000000000000000000000000000000000000000000000000000000000000000000000000000000000000000000000000000000000000000000000000000000000000000000000000000000000000000000000000000000000000000000000000000000000000000000000000000000000000000000000000000000000000
310
00000000000000000000000000000000000000000000000000000000000000000000000000000000000000000000000000000000000000000000000000000000000000000000000000000000000000000000000000000000000000000000000000000000000000000000000000000000000000000000000000000000000000
310
00000000000000000000000000000000000000000000000000000000000000000000000000000000000000000000000000000000000000000000000000000000000000000000000000000000000000000000000000000000000000000000000000000000000000000000000000000000000000000000000000000000000000
310
00000000000000000000000000000000000000000000000000000000000000000000000000000000000000000000000000000000000000000000000000000000000000000000000000000000000000000000000000000000000000000000000000000000000000000000000000000000000000000000000000000000000000
310
00000000000000000000000000000000000000000000000000000000000000000000000000000000000000000000000000000000000000000000000000000000000000000000000000000000000000000000000000000000000000000000000000000000000000000000000000000000000000000000000000000000000000
310
00000000000000000000000000000000000000000000000000000000000000000000000000000000000000000000000000000000000000000000000000000000000000000000000000000000000000000000000000000000000000000000000000000000000000000000000000000000000000000000000000000000000000
310
00000000000000000000000000000000000000000000000000000000000000000000000000000000000000000000000000000000000000000000000000000000000000000000000000000000000000000000000000000000000000000000000000000000000000000000000000000000000000000000000000000000000000
310
00000000000000000000000000000000000000000000000000000000000000000000000000000000000000000000000000000000000000000000000000000000000000000000000000000000000000000000000000000000000000000000000000000000000000000000000000000000000000000000000000000000000000
310
00000000000000000000000000000000000000000000000000000000000000000000000000000000000000000000000000000000000000000000000000000000000000000000000000000000000000000000000000000000000000000000000000000000000000000000000000000000000000000000000000000000000000
310
00000000000000000000000000000000000000000000000000000000000000000000000000000000000000000000000000000000000000000000000000000000000000000000000000000000000000000000000000000000000000000000000000000000000000000000000000000000000000000000000000000000000000
310
00000000000000000000000000000000000000000000000000000000000000000000000000000000000000000000000000000000000000000000000000000000000000000000000000000000000000000000000000000000000000000000000000000000000000000000000000000000000000000000000000000000000000
310
00000000000000000000000000000000000000000000000000000000000000000000000000000000000000000000000000000000000000000000000000000000000000000000000000000000000000000000000000000000000000000000000000000000000000000000000000000000000000000000000000000000000000
310
00000000000000000000000000000000000000000000000000000000000000000000000000000000000000000000000000000000000000000000000000000000000000000000000000000000000000000000000000000000000000000000000000000000000000000000000000000000000000000000000000000000000000
310
00000000000000000000000000000000000000000000000000000000000000000000000000000000000000000000000000000000000000000000000000000000000000000000000000000000000000000000000000000000000000000000000000000000000000000000000000000000000000000000000000000000000000
310
00000000000000000000000000000000000000000000000000000000000000000000000000000000000000000000000000000000000000000000000000000000000000000000000000000000000000000000000000000000000000000000000000000000000000000000000000000000000000000000000000000000000000
310
00000000000000000000000000000000000000000000000000000000000000000000000000000000000000000000000000000000000000000000000000000000000000000000000000000000000000000000000000000000000000000000000000000000000000000000000000000000000000000000000000000000000000
310
00000000000000000000000000000000000000000000000000000000000000000000000000000000000000000000000000000000000000000000000000000000000000000000000000000000000000000000000000000000000000000000000000000000000000000000000000000000000000000000000000000000000000
310
00000000000000000000000000000000000000000000000000000000000000000000000000000000000000000000000000000000000000000000000000000000000000000000000000000000000000000000000000000000000000000000000000000000000000000000000000000000000000000000000000000000000000
310
00000000000000000000000000000000000000000000000000000000000000000000000000000000000000000000000000000000000000000000000000000000000000000000000000000000000000000000000000000000000000000000000000000000000000000000000000000000000000000000000000000000000000
310
00000000000000000000000000000000000000000000000000000000000000000000000000000000000000000000000000000000000000000000000000000000000000000000000000000000000000000000000000000000000000000000000000000000000000000000000000000000000000000000000000000000000000
310
00000000000000000000000000000000000000000000000000000000000000000000000000000000000000000000000000000000000000000000000000000000000000000000000000000000000000000000000000000000000000000000000000000000000000000000000000000000000000000000000000000000000000
310
00000000000000000000000000000000000000000000000000000000000000000000000000000000000000000000000000000000000000000000000000000000000000000000000000000000000000000000000000000000000000000000000000000000000000000000000000000000000000000000000000000000000000
310
00000000000000000000000000000000000000000000000000000000000000000000000000000000000000000000000000000000000000000000000000000000000000000000000000000000000000000000000000000000000000000000000000000000000000000000000000000000000000000000000000000000000000
310
00000000000000000000000000000000000000000000000000000000000000000000000000000000000000000000000000000000000000000000000000000000000000000000000000000000000000000000000000000000000000000000000000000000000000000000000000000000000000000000000000000000000000
310
00000000000000000000000000000000000000000000000000000000000000000000000000000000000000000000000000000000000000000000000000000000000000000000000000000000000000000000000000000000000000000000000000000000000000000000000000000000000000000000000000000000000000
310
00000000000000000000000000000000000000000000000000000000000000000000000000000000000000000000000000000000000000000000000000000000000000000000000000000000000000000000000000000000000000000000000000000000000000000000000000000000000000000000000000000000000000
310
00000000000000000000000000000000000000000000000000000000000000000000000000000000000000000000000000000000000000000000000000000000000000000000000000000000000000000000000000000000000000000000000000000000000000000000000000000000000000000000000000000000000000
310
00000000000000000000000000000000000000000000000000000000000000000000000000000000000000000000000000000000000000000000000000000000000000000000000000000000000000000000000000000000000000000000000000000000000000000000000000000000000000000000000000000000000000
310
00000000000000000000000000000000000000000000000000000000000000000000000000000000000000000000000000000000000000000000000000000000000000000000000000000000000000000000000000000000000000000000000000000000000000000000000000000000000000000000000000000000000000
310
00000000000000000000000000000000000000000000000000000000000000000000000000000000000000000000000000000000000000000000000000000000000000000000000000000000000000000000000000000000000000000000000000000000000000000000000000000000000000000000000000000000000000
310
00000000000000000000000000000000000000000000000000000000000000000000000000000000000000000000000000000000000000000000000000000000000000000000000000000000000000000000000000000000000000000000000000000000000000000000000000000000000000000000000000000000000000
310
00000000000000000000000000000000000000000000000000000000000000000000000000000000000000000000000000000000000000000000000000000000000000000000000000000000000000000000000000000000000000000000000000000000000000000000000000000000000000000000000000000000000000
310
00000000000000000000000000000000000000000000000000000000000000000000000000000000000000000000000000000000000000000000000000000000000000000000000000000000000000000000000000000000000000000000000000000000000000000000000000000000000000000000000000000000000000
310
00000000000000000000000000000000000000000000000000000000000000000000000000000000000000000000000000000000000000000000000000000000000000000000000000000000000000000000000000000000000000000000000000000000000000000000000000000000000000000000000000000000000000
310
00000000000000000000000000000000000000000000000000000000000000000000000000000000000000000000000000000000000000000000000000000000000000000000000000000000000000000000000000000000000000000000000000000000000000000000000000000000000000000000000000000000000000
310
00000000000000000000000000000000000000000000000000000000000000000000000000000000000000000000000000000000000000000000000000000000000000000000000000000000000000000000000000000000000000000000000000000000000000000000000000000000000000000000000000000000000000
310
00000000000000000000000000000000000000000000000000000000000000000000000000000000000000000000000000000000000000000000000000000000000000000000000000000000000000000000000000000000000000000000000000000000000000000000000000000000000000000000000000000000000000
310
00000000000000000000000000000000000000000000000000000000000000000000000000000000000000000000000000000000000000000000000000000000000000000000000000000000000000000000000000000000000000000000000000000000000000000000000000000000000000000000000000000000000000
310
00000000000000000000000000000000000000000000000000000000000000000000000000000000000000000000000000000000000000000000000000000000000000000000000000000000000000000000000000000000000000000000000000000000000000000000000000000000000000000000000000000000000000
310
00000000000000000000000000000000000000000000000000000000000000000000000000000000000000000000000000000000000000000000000000000000000000000000000000000000000000000000000000000000000000000000000000000000000000000000000000000000000000000000000000000000000000
310
00000000000000000000000000000000000000000000000000000000000000000000000000000000000000000000000000000000000000000000000000000000000000000000000000000000000000000000000000000000000000000000000000000000000000000000000000000000000000000000000000000000000000
310
00000000000000000000000000000000000000000000000000000000000000000000000000000000000000000000000000000000000000000000000000000000000000000000000000000000000000000000000000000000000000000000000000000000000000000000000000000000000000000000000000000000000000
310
00000000000000000000000000000000000000000000000000000000000000000000000000000000000000000000000000000000000000000000000000000000000000000000000000000000000000000000000000000000000000000000000000000000000000000000000000000000000000000000000000000000000000
310
00000000000000000000000000000000000000000000000000000000000000000000000000000000000000000000000000000000000000000000000000000000000000000000000000000000000000000000000000000000000000000000000000000000000000000000000000000000000000000000000000000000000000
310
00000000000000000000000000000000000000000000000000000000000000000000000000000000000000000000000000000000000000000000000000000000000000000000000000000000000000000000000000000000000000000000000000000000000000000000000000000000000000000000000000000000000000
310
00000000000000000000000000000000000000000000000000000000000000000000000000000000000000000000000000000000000000000000000000000000000000000000000000000000000000000000000000000000000000000000000000000000000000000000000000000000000000000000000000000000000000
310
00000000000000000000000000000000000000000000000000000000000000000000000000000000000000000000000000000000000000000000000000000000000000000000000000000000000000000000000000000000000000000000000000000000000000000000000000000000000000000000000000000000000000
310
00000000000000000000000000000000000000000000000000000000000000000000000000000000000000000000000000000000000000000000000000000000000000000000000000000000000000000000000000000000000000000000000000000000000000000000000000000000000000000000000000000000000000
310
00000000000000000000000000000000000000000000000000000000000000000000000000000000000000000000000000000000000000000000000000000000000000000000000000000000000000000000000000000000000000000000000000000000000000000000000000000000000000000000000000000000000000
310
00000000000000000000000000000000000000000000000000000000000000000000000000000000000000000000000000000000000000000000000000000000000000000000000000000000000000000000000000000000000000000000000000000000000000000000000000000000000000000000000000000000000000
310
00000000000000000000000000000000000000000000000000000000000000000000000000000000000000000000000000000000000000000000000000000000000000000000000000000000000000000000000000000000000000000000000000000000000000000000000000000000000000000000000000000000000000
310
00000000000000000000000000000000000000000000000000000000000000000000000000000000000000000000000000000000000000000000000000000000000000000000000000000000000000000000000000000000000000000000000000000000000000000000000000000000000000000000000000000000000000
310
00000000000000000000000000000000000000000000000000000000000000000000000000000000000000000000000000000000000000000000000000000000000000000000000000000000000000000000000000000000000000000000000000000000000000000000000000000000000000000000000000000000000000
310
00000000000000000000000000000000000000000000000000000000000000000000000000000000000000000000000000000000000000000000000000000000000000000000000000000000000000000000000000000000000000000000000000000000000000000000000000000000000000000000000000000000000000
310
00000000000000000000000000000000000000000000000000000000000000000000000000000000000000000000000000000000000000000000000000000000000000000000000000000000000000000000000000000000000000000000000000000000000000000000000000000000000000000000000000000000000000
310
00000000000000000000000000000000000000000000000000000000000000000000000000000000000000000000000000000000000000000000000000000000000000000000000000000000000000000000000000000000000000000000000000000000000000000000000000000000000000000000000000000000000000
310
00000000000000000000000000000000000000000000000000000000000000000000000000000000000000000000000000000000000000000000000000000000000000000000000000000000000000000000000000000000000000000000000000000000000000000000000000000000000000000000000000000000000000
310
00000000000000000000000000000000000000000000000000000000000000000000000000000000000000000000000000000000000000000000000000000000000000000000000000000000000000000000000000000000000000000000000000000000000000000000000000000000000000000000000000000000000000
310
00000000000000000000000000000000000000000000000000000000000000000000000000000000000000000000000000000000000000000000000000000000000000000000000000000000000000000000000000000000000000000000000000000000000000000000000000000000000000000000000000000000000000
310
00000000000000000000000000000000000000000000000000000000000000000000000000000000000000000000000000000000000000000000000000000000000000000000000000000000000000000000000000000000000000000000000000000000000000000000000000000000000000000000000000000000000000
310
00000000000000000000000000000000000000000000000000000000000000000000000000000000000000000000000000000000000000000000000000000000000000000000000000000000000000000000000000000000000000000000000000000000000000000000000000000000000000000000000000000000000000
310
00000000000000000000000000000000000000000000000000000000000000000000000000000000000000000000000000000000000000000000000000000000000000000000000000000000000000000000000000000000000000000000000000000000000000000000000000000000000000000000000000000000000000
310
00000000000000000000000000000000000000000000000000000000000000000000000000000000000000000000000000000000000000000000000000000000000000000000000000000000000000000000000000000000000000000000000000000000000000000000000000000000000000000000000000000000000000
310
00000000000000000000000000000000000000000000000000000000000000000000000000000000000000000000000000000000000000000000000000000000000000000000000000000000000000000000000000000000000000000000000000000000000000000000000000000000000000000000000000000000000000
310
00000000000000000000000000000000000000000000000000000000000000000000000000000000000000000000000000000000000000000000000000000000000000000000000000000000000000000000000000000000000000000000000000000000000000000000000000000000000000000000000000000000000000
310
00000000000000000000000000000000000000000000000000000000000000000000000000000000000000000000000000000000000000000000000000000000000000000000000000000000000000000000000000000000000000000000000000000000000000000000000000000000000000000000000000000000000000
310
00000000000000000000000000000000000000000000000000000000000000000000000000000000000000000000000000000000000000000000000000000000000000000000000000000000000000000000000000000000000000000000000000000000000000000000000000000000000000000000000000000000000000
310
00000000000000000000000000000000000000000000000000000000000000000000000000000000000000000000000000000000000000000000000000000000000000000000000000000000000000000000000000000000000000000000000000000000000000000000000000000000000000000000000000000000000000
310
00000000000000000000000000000000000000000000000000000000000000000000000000000000000000000000000000000000000000000000000000000000000000000000000000000000000000000000000000000000000000000000000000000000000000000000000000000000000000000000000000000000000000
310
00000000000000000000000000000000000000000000000000000000000000000000000000000000000000000000000000000000000000000000000000000000000000000000000000000000000000000000000000000000000000000000000000000000000000000000000000000000000000000000000000000000000000
310
00000000000000000000000000000000000000000000000000000000000000000000000000000000000000000000000000000000000000000000000000000000000000000000000000000000000000000000000000000000000000000000000000000000000000000000000000000000000000000000000000000000000000
310
00000000000000000000000000000000000000000000000000000000000000000000000000000000000000000000000000000000000000000000000000000000000000000000000000000000000000000000000000000000000000000000000000000000000000000000000000000000000000000000000000000000000000
310
00000000000000000000000000000000000000000000000000000000000000000000000000000000000000000000000000000000000000000000000000000000000000000000000000000000000000000000000000000000000000000000000000000000000000000000000000000000000000000000000000000000000000
310
00000000000000000000000000000000000000000000000000000000000000000000000000000000000000000000000000000000000000000000000000000000000000000000000000000000000000000000000000000000000000000000000000000000000000000000000000000000000000000000000000000000000000
310
00000000000000000000000000000000000000000000000000000000000000000000000000000000000000000000000000000000000000000000000000000000000000000000000000000000000000000000000000000000000000000000000000000000000000000000000000000000000000000000000000000000000000
310
00000000000000000000000000000000000000000000000000000000000000000000000000000000000000000000000000000000000000000000000000000000000000000000000000000000000000000000000000000000000000000000000000000000000000000000000000000000000000000000000000000000000000
310
00000000000000000000000000000000000000000000000000000000000000000000000000000000000000000000000000000000000000000000000000000000000000000000000000000000000000000000000000000000000000000000000000000000000000000000000000000000000000000000000000000000000000
310
00000000000000000000000000000000000000000000000000000000000000000000000000000000000000000000000000000000000000000000000000000000000000000000000000000000000000000000000000000000000000000000000000000000000000000000000000000000000000000000000000000000000000
310
00000000000000000000000000000000000000000000000000000000000000000000000000000000000000000000000000000000000000000000000000000000000000000000000000000000000000000000000000000000000000000000000000000000000000000000000000000000000000000000000000000000000000
310
00000000000000000000000000000000000000000000000000000000000000000000000000000000000000000000000000000000000000000000000000000000000000000000000000000000000000000000000000000000000000000000000000000000000000000000000000000000000000000000000000000000000000
310
00000000000000000000000000000000000000000000000000000000000000000000000000000000000000000000000000000000000000000000000000000000000000000000000000000000000000000000000000000000000000000000000000000000000000000000000000000000000000000000000000000000000000
310
00000000000000000000000000000000000000000000000000000000000000000000000000000000000000000000000000000000000000000000000000000000000000000000000000000000000000000000000000000000000000000000000000000000000000000000000000000000000000000000000000000000000000
310
00000000000000000000000000000000000000000000000000000000000000000000000000000000000000000000000000000000000000000000000000000000000000000000000000000000000000000000000000000000000000000000000000000000000000000000000000000000000000000000000000000000000000
310
00000000000000000000000000000000000000000000000000000000000000000000000000000000000000000000000000000000000000000000000000000000000000000000000000000000000000000000000000000000000000000000000000000000000000000000000000000000000000000000000000000000000000
310
00000000000000000000000000000000000000000000000000000000000000000000000000000000000000000000000000000000000000000000000000000000000000000000000000000000000000000000000000000000000000000000000000000000000000000000000000000000000000000000000000000000000000
310
00000000000000000000000000000000000000000000000000000000000000000000000000000000000000000000000000000000000000000000000000000000000000000000000000000000000000000000000000000000000000000000000000000000000000000000000000000000000000000000000000000000000000
310
00000000000000000000000000000000000000000000000000000000000000000000000000000000000000000000000000000000000000000000000000000000000000000000000000000000000000000000000000000000000000000000000000000000000000000000000000000000000000000000000000000000000000
310
00000000000000000000000000000000000000000000000000000000000000000000000000000000000000000000000000000000000000000000000000000000000000000000000000000000000000000000000000000000000000000000000000000000000000000000000000000000000000000000000000000000000000
310
00000000000000000000000000000000000000000000000000000000000000000000000000000000000000000000000000000000000000000000000000000000000000000000000000000000000000000000000000000000000000000000000000000000000000000000000000000000000000000000000000000000000000
310
00000000000000000000000000000000000000000000000000000000000000000000000000000000000000000000000000000000000000000000000000000000000000000000000000000000000000000000000000000000000000000000000000000000000000000000000000000000000000000000000000000000000000
310
00000000000000000000000000000000000000000000000000000000000000000000000000000000000000000000000000000000000000000000000000000000000000000000000000000000000000000000000000000000000000000000000000000000000000000000000000000000000000000000000000000000000000
310
00000000000000000000000000000000000000000000000000000000000000000000000000000000000000000000000000000000000000000000000000000000000000000000000000000000000000000000000000000000000000000000000000000000000000000000000000000000000000000000000000000000000000
310
00000000000000000000000000000000000000000000000000000000000000000000000000000000000000000000000000000000000000000000000000000000000000000000000000000000000000000000000000000000000000000000000000000000000000000000000000000000000000000000000000000000000000
310
00000000000000000000000000000000000000000000000000000000000000000000000000000000000000000000000000000000000000000000000000000000000000000000000000000000000000000000000000000000000000000000000000000000000000000000000000000000000000000000000000000000000000
310
00000000000000000000000000000000000000000000000000000000000000000000000000000000000000000000000000000000000000000000000000000000000000000000000000000000000000000000000000000000000000000000000000000000000000000000000000000000000000000000000000000000000000
310
00000000000000000000000000000000000000000000000000000000000000000000000000000000000000000000000000000000000000000000000000000000000000000000000000000000000000000000000000000000000000000000000000000000000000000000000000000000000000000000000000000000000000
310
00000000000000000000000000000000000000000000000000000000000000000000000000000000000000000000000000000000000000000000000000000000000000000000000000000000000000000000000000000000000000000000000000000000000000000000000000000000000000000000000000000000000000
310
00000000000000000000000000000000000000000000000000000000000000000000000000000000000000000000000000000000000000000000000000000000000000000000000000000000000000000000000000000000000000000000000000000000000000000000000000000000000000000000000000000000000000
310
00000000000000000000000000000000000000000000000000000000000000000000000000000000000000000000000000000000000000000000000000000000000000000000000000000000000000000000000000000000000000000000000000000000000000000000000000000000000000000000000000000000000000
310
00000000000000000000000000000000000000000000000000000000000000000000000000000000000000000000000000000000000000000000000000000000000000000000000000000000000000000000000000000000000000000000000000000000000000000000000000000000000000000000000000000000000000
310
00000000000000000000000000000000000000000000000000000000000000000000000000000000000000000000000000000000000000000000000000000000000000000000000000000000000000000000000000000000000000000000000000000000000000000000000000000000000000000000000000000000000000
310
00000000000000000000000000000000000000000000000000000000000000000000000000000000000000000000000000000000000000000000000000000000000000000000000000000000000000000000000000000000000000000000000000000000000000000000000000000000000000000000000000000000000000
310
00000000000000000000000000000000000000000000000000000000000000000000000000000000000000000000000000000000000000000000000000000000000000000000000000000000000000000000000000000000000000000000000000000000000000000000000000000000000000000000000000000000000000
310
00000000000000000000000000000000000000000000000000000000000000000000000000000000000000000000000000000000000000000000000000000000000000000000000000000000000000000000000000000000000000000000000000000000000000000000000000000000000000000000000000000000000000
310
00000000000000000000000000000000000000000000000000000000000000000000000000000000000000000000000000000000000000000000000000000000000000000000000000000000000000000000000000000000000000000000000000000000000000000000000000000000000000000000000000000000000000
310
00000000000000000000000000000000000000000000000000000000000000000000000000000000000000000000000000000000000000000000000000000000000000000000000000000000000000000000000000000000000000000000000000000000000000000000000000000000000000000000000000000000000000
310
00000000000000000000000000000000000000000000000000000000000000000000000000000000000000000000000000000000000000000000000000000000000000000000000000000000000000000000000000000000000000000000000000000000000000000000000000000000000000000000000000000000000000
310
00000000000000000000000000000000000000000000000000000000000000000000000000000000000000000000000000000000000000000000000000000000000000000000000000000000000000000000000000000000000000000000000000000000000000000000000000000000000000000000000000000000000000
310
00000000000000000000000000000000000000000000000000000000000000000000000000000000000000000000000000000000000000000000000000000000000000000000000000000000000000000000000000000000000000000000000000000000000000000000000000000000000000000000000000000000000000
310
00000000000000000000000000000000000000000000000000000000000000000000000000000000000000000000000000000000000000000000000000000000000000000000000000000000000000000000000000000000000000000000000000000000000000000000000000000000000000000000000000000000000000
310
00000000000000000000000000000000000000000000000000000000000000000000000000000000000000000000000000000000000000000000000000000000000000000000000000000000000000000000000000000000000000000000000000000000000000000000000000000000000000000000000000000000000000
310
00000000000000000000000000000000000000000000000000000000000000000000000000000000000000000000000000000000000000000000000000000000000000000000000000000000000000000000000000000000000000000000000000000000000000000000000000000000000000000000000000000000000000
310
00000000000000000000000000000000000000000000000000000000000000000000000000000000000000000000000000000000000000000000000000000000000000000000000000000000000000000000000000000000000000000000000000000000000000000000000000000000000000000000000000000000000000
310
00000000000000000000000000000000000000000000000000000000000000000000000000000000000000000000000000000000000000000000000000000000000000000000000000000000000000000000000000000000000000000000000000000000000000000000000000000000000000000000000000000000000000
310
00000000000000000000000000000000000000000000000000000000000000000000000000000000000000000000000000000000000000000000000000000000000000000000000000000000000000000000000000000000000000000000000000000000000000000000000000000000000000000000000000000000000000
310
00000000000000000000000000000000000000000000000000000000000000000000000000000000000000000000000000000000000000000000000000000000000000000000000000000000000000000000000000000000000000000000000000000000000000000000000000000000000000000000000000000000000000
310
00000000000000000000000000000000000000000000000000000000000000000000000000000000000000000000000000000000000000000000000000000000000000000000000000000000000000000000000000000000000000000000000000000000000000000000000000000000000000000000000000000000000000
310
00000000000000000000000000000000000000000000000000000000000000000000000000000000000000000000000000000000000000000000000000000000000000000000000000000000000000000000000000000000000000000000000000000000000000000000000000000000000000000000000000000000000000
310
00000000000000000000000000000000000000000000000000000000000000000000000000000000000000000000000000000000000000000000000000000000000000000000000000000000000000000000000000000000000000000000000000000000000000000000000000000000000000000000000000000000000000
310
00000000000000000000000000000000000000000000000000000000000000000000000000000000000000000000000000000000000000000000000000000000000000000000000000000000000000000000000000000000000000000000000000000000000000000000000000000000000000000000000000000000000000
310
00000000000000000000000000000000000000000000000000000000000000000000000000000000000000000000000000000000000000000000000000000000000000000000000000000000000000000000000000000000000000000000000000000000000000000000000000000000000000000000000000000000000000
310
00000000000000000000000000000000000000000000000000000000000000000000000000000000000000000000000000000000000000000000000000000000000000000000000000000000000000000000000000000000000000000000000000000000000000000000000000000000000000000000000000000000000000
310
00000000000000000000000000000000000000000000000000000000000000000000000000000000000000000000000000000000000000000000000000000000000000000000000000000000000000000000000000000000000000000000000000000000000000000000000000000000000000000000000000000000000000
310
00000000000000000000000000000000000000000000000000000000000000000000000000000000000000000000000000000000000000000000000000000000000000000000000000000000000000000000000000000000000000000000000000000000000000000000000000000000000000000000000000000000000000
310
00000000000000000000000000000000000000000000000000000000000000000000000000000000000000000000000000000000000000000000000000000000000000000000000000000000000000000000000000000000000000000000000000000000000000000000000000000000000000000000000000000000000000
310
00000000000000000000000000000000000000000000000000000000000000000000000000000000000000000000000000000000000000000000000000000000000000000000000000000000000000000000000000000000000000000000000000000000000000000000000000000000000000000000000000000000000000
310
00000000000000000000000000000000000000000000000000000000000000000000000000000000000000000000000000000000000000000000000000000000000000000000000000000000000000000000000000000000000000000000000000000000000000000000000000000000000000000000000000000000000000
310
00000000000000000000000000000000000000000000000000000000000000000000000000000000000000000000000000000000000000000000000000000000000000000000000000000000000000000000000000000000000000000000000000000000000000000000000000000000000000000000000000000000000000
310
00000000000000000000000000000000000000000000000000000000000000000000000000000000000000000000000000000000000000000000000000000000000000000000000000000000000000000000000000000000000000000000000000000000000000000000000000000000000000000000000000000000000000
310
00000000000000000000000000000000000000000000000000000000000000000000000000000000000000000000000000000000000000000000000000000000000000000000000000000000000000000000000000000000000000000000000000000000000000000000000000000000000000000000000000000000000000
310
00000000000000000000000000000000000000000000000000000000000000000000000000000000000000000000000000000000000000000000000000000000000000000000000000000000000000000000000000000000000000000000000000000000000000000000000000000000000000000000000000000000000000
310
00000000000000000000000000000000000000000000000000000000000000000000000000000000000000000000000000000000000000000000000000000000000000000000000000000000000000000000000000000000000000000000000000000000000000000000000000000000000000000000000000000000000000
310
00000000000000000000000000000000000000000000000000000000000000000000000000000000000000000000000000000000000000000000000000000000000000000000000000000000000000000000000000000000000000000000000000000000000000000000000000000000000000000000000000000000000000
310
00000000000000000000000000000000000000000000000000000000000000000000000000000000000000000000000000000000000000000000000000000000000000000000000000000000000000000000000000000000000000000000000000000000000000000000000000000000000000000000000000000000000000
310
00000000000000000000000000000000000000000000000000000000000000000000000000000000000000000000000000000000000000000000000000000000000000000000000000000000000000000000000000000000000000000000000000000000000000000000000000000000000000000000000000000000000000
310
00000000000000000000000000000000000000000000000000000000000000000000000000000000000000000000000000000000000000000000000000000000000000000000000000000000000000000000000000000000000000000000000000000000000000000000000000000000000000000000000000000000000000
310
00000000000000000000000000000000000000000000000000000000000000000000000000000000000000000000000000000000000000000000000000000000000000000000000000000000000000000000000000000000000000000000000000000000000000000000000000000000000000000000000000000000000000
310
00000000000000000000000000000000000000000000000000000000000000000000000000000000000000000000000000000000000000000000000000000000000000000000000000000000000000000000000000000000000000000000000000000000000000000000000000000000000000000000000000000000000000
310
00000000000000000000000000000000000000000000000000000000000000000000000000000000000000000000000000000000000000000000000000000000000000000000000000000000000000000000000000000000000000000000000000000000000000000000000000000000000000000000000000000000000000
310
00000000000000000000000000000000000000000000000000000000000000000000000000000000000000000000000000000000000000000000000000000000000000000000000000000000000000000000000000000000000000000000000000000000000000000000000000000000000000000000000000000000000000
310
00000000000000000000000000000000000000000000000000000000000000000000000000000000000000000000000000000000000000000000000000000000000000000000000000000000000000000000000000000000000000000000000000000000000000000000000000000000000000000000000000000000000000
310
00000000000000000000000000000000000000000000000000000000000000000000000000000000000000000000000000000000000000000000000000000000000000000000000000000000000000000000000000000000000000000000000000000000000000000000000000000000000000000000000000000000000000
310
00000000000000000000000000000000000000000000000000000000000000000000000000000000000000000000000000000000000000000000000000000000000000000000000000000000000000000000000000000000000000000000000000000000000000000000000000000000000000000000000000000000000000
310
00000000000000000000000000000000000000000000000000000000000000000000000000000000000000000000000000000000000000000000000000000000
  0
ENDSEC
  0
EOF
